{
"type": "FeatureCollection",
"name": "consumo_forestal_familiar",
"xy_coordinate_resolution": 1e-08,
"features": [
{ "type": "Feature", "properties": { "globalid": "81da8aa9-da4d-4eea-acd6-85d306993335", "nombre_gua": "Diego Chacom Soben", "region": "Altiplano Central", "area_prote": "rumcla", "area_pro_1": null, "municipio_": "Santa Clara La Laguna", "municipio": "Santa Clara La Laguna", "nombre_usu": "Antonio Tzaj Vasquez", "referencia": "Patzunuj", "cantidad_a": 1, "especies_t": "pino", "especie_ot": null, "fecha": "2026-02-19T00:00:00", "hora": "11:58", "observacio": null, "CreationDa": "2026-02-19T00:00:00", "Creator": null, "EditDate": "2026-02-19T00:00:00", "Editor": null, "consumo_fu": "no", "guardarecu": null, "municipio1": null, "cant_pino": 1, "cant_cipre": 0, "cant_aliso": 0, "cant_encin": 0, "cant_palo_": 0, "cant_cajet": 0, "cant_madro": 0, "cant_mano_": 0, "cant_matil": 0, "cant_aguac": 0, "cant_casua": 0, "cant_otro": 0 }, "geometry": { "type": "Point", "coordinates": [ -91.31237548, 14.73522836 ] } },
{ "type": "Feature", "properties": { "globalid": "7b9b66f9-1fc6-48dd-ab84-a9ff6e25889f", "nombre_gua": "Edgar Bartolo Batín Navichoc", "region": "Altiplano Central", "area_prote": "rumcla", "area_pro_1": null, "municipio_": "San Pedro La Laguna", "municipio": "San Pedro La Laguna", "nombre_usu": "Rolando Santiago Cortez Santizo", "referencia": "Chuaqenaq San Pedro La Laguna", "cantidad_a": 6, "especies_t": "pino", "especie_ot": null, "fecha": "2026-02-19T00:00:00", "hora": "15:30", "observacio": "Todos estos arboles de pino ya tienen gorgojo", "CreationDa": "2026-02-19T00:00:00", "Creator": null, "EditDate": "2026-02-19T00:00:00", "Editor": null, "consumo_fu": "no", "guardarecu": null, "municipio1": null, "cant_pino": 6, "cant_cipre": 0, "cant_aliso": 0, "cant_encin": 0, "cant_palo_": 0, "cant_cajet": 0, "cant_madro": 0, "cant_mano_": 0, "cant_matil": 0, "cant_aguac": 0, "cant_casua": 0, "cant_otro": 0 }, "geometry": { "type": "Point", "coordinates": [ -91.28750412, 14.6553409 ] } },
{ "type": "Feature", "properties": { "globalid": "cdaea41e-2aad-47d0-8269-ec83f257f3d8", "nombre_gua": "Henry Regino Méndez Chavajay", "region": "Altiplano Central", "area_prote": "rumcla", "area_pro_1": null, "municipio_": "San Pedro La Laguna", "municipio": "San Pedro La Laguna", "nombre_usu": "Antonio Mendez Cruz", "referencia": "San Pedro La laguna", "cantidad_a": 3, "especies_t": "pino", "especie_ot": null, "fecha": "2026-02-18T00:00:00", "hora": "09:42", "observacio": "normal", "CreationDa": "2026-02-19T00:00:00", "Creator": null, "EditDate": "2026-02-19T00:00:00", "Editor": null, "consumo_fu": "no", "guardarecu": null, "municipio1": null, "cant_pino": 3, "cant_cipre": 0, "cant_aliso": 0, "cant_encin": 0, "cant_palo_": 0, "cant_cajet": 0, "cant_madro": 0, "cant_mano_": 0, "cant_matil": 0, "cant_aguac": 0, "cant_casua": 0, "cant_otro": 0 }, "geometry": { "type": "Point", "coordinates": [ -91.28972778, 14.64554688 ] } },
{ "type": "Feature", "properties": { "globalid": "2fece1eb-2742-4c09-a817-10476027b123", "nombre_gua": "Henry Regino Méndez Chavajay", "region": "Altiplano Central", "area_prote": "rumcla", "area_pro_1": null, "municipio_": "San Pedro La Laguna", "municipio": "San Pedro La Laguna", "nombre_usu": "Juana Maria Mendez", "referencia": "San pedro la laguna", "cantidad_a": 0, "especies_t": null, "especie_ot": null, "fecha": "2026-02-19T00:00:00", "hora": "10:47", "observacio": null, "CreationDa": "2026-02-19T00:00:00", "Creator": null, "EditDate": "2026-02-19T00:00:00", "Editor": null, "consumo_fu": "no", "guardarecu": null, "municipio1": null, "cant_pino": 0, "cant_cipre": 0, "cant_aliso": 0, "cant_encin": 0, "cant_palo_": 0, "cant_cajet": 0, "cant_madro": 0, "cant_mano_": 0, "cant_matil": 0, "cant_aguac": 0, "cant_casua": 0, "cant_otro": 0 }, "geometry": { "type": "Point", "coordinates": [ -91.28861308, 14.66511195 ] } },
{ "type": "Feature", "properties": { "globalid": "bb35dc5c-ab0c-4a5d-b0ea-94945eb0e90d", "nombre_gua": "Jose Octavio Xitamul Recinos", "region": "Altiplano Central", "area_prote": "rumcla", "area_pro_1": null, "municipio_": "San José Chacaya", "municipio": "San José Chacaya", "nombre_usu": "Cristian Emmanuel Garcia Vasquez", "referencia": "Caserio los Chavez", "cantidad_a": 24, "especies_t": "pino,cipres,encino", "especie_ot": null, "fecha": "2026-02-10T00:00:00", "hora": "09:53", "observacio": null, "CreationDa": "2026-02-20T00:00:00", "Creator": null, "EditDate": "2026-02-20T00:00:00", "Editor": null, "consumo_fu": "no", "guardarecu": null, "municipio1": null, "cant_pino": 15, "cant_cipre": 6, "cant_aliso": 0, "cant_encin": 3, "cant_palo_": 0, "cant_cajet": 0, "cant_madro": 0, "cant_mano_": 0, "cant_matil": 0, "cant_aguac": 0, "cant_casua": 0, "cant_otro": 0 }, "geometry": { "type": "Point", "coordinates": [ -91.234465, 14.77928833 ] } },
{ "type": "Feature", "properties": { "globalid": "946b0bd8-9853-4b0d-b567-2a1b68d19052", "nombre_gua": "Jose Octavio Xitamul Recinos", "region": "Altiplano Central", "area_prote": "rumcla", "area_pro_1": null, "municipio_": "San José Chacaya", "municipio": "San José Chacaya", "nombre_usu": "Antonio toc", "referencia": "Caserio los tablones", "cantidad_a": 0, "especies_t": "pino", "especie_ot": null, "fecha": "2026-02-17T00:00:00", "hora": "09:57", "observacio": null, "CreationDa": "2026-02-20T00:00:00", "Creator": null, "EditDate": "2026-02-20T00:00:00", "Editor": null, "consumo_fu": "no", "guardarecu": null, "municipio1": null, "cant_pino": 3, "cant_cipre": 0, "cant_aliso": 0, "cant_encin": 0, "cant_palo_": 0, "cant_cajet": 0, "cant_madro": 0, "cant_mano_": 0, "cant_matil": 0, "cant_aguac": 0, "cant_casua": 0, "cant_otro": 0 }, "geometry": { "type": "Point", "coordinates": [ -91.22463333, 14.78127667 ] } },
{ "type": "Feature", "properties": { "globalid": "308ca8fc-ad76-4299-ab97-ce5be30f7dbd", "nombre_gua": "Edgar Bartolo Batín Navichoc", "region": "Altiplano Central", "area_prote": "rumcla", "area_pro_1": null, "municipio_": "San Pedro La Laguna", "municipio": "San Pedro La Laguna", "nombre_usu": "Juan Morales Chac", "referencia": "Chuacanac San Pedro La Laguna", "cantidad_a": 0, "especies_t": "aliso,palo_blanco", "especie_ot": null, "fecha": "2026-02-20T00:00:00", "hora": "10:53", "observacio": null, "CreationDa": "2026-02-20T00:00:00", "Creator": null, "EditDate": "2026-02-20T00:00:00", "Editor": null, "consumo_fu": "no", "guardarecu": null, "municipio1": null, "cant_pino": 0, "cant_cipre": 0, "cant_aliso": 5, "cant_encin": 0, "cant_palo_": 1, "cant_cajet": 0, "cant_madro": 0, "cant_mano_": 0, "cant_matil": 0, "cant_aguac": 0, "cant_casua": 0, "cant_otro": 0 }, "geometry": { "type": "Point", "coordinates": [ -91.28708658, 14.65433327 ] } },
{ "type": "Feature", "properties": { "globalid": "ad71201f-bba0-41b1-b9b7-d89802d567fe", "nombre_gua": "Juan Marcos Saquic", "region": "Altiplano Central", "area_prote": "rumcla", "area_pro_1": null, "municipio_": "Santa Lucia Utatlán", "municipio": "Santa Lucia Utatlán", "nombre_usu": "Jorgina Saloj Jeteya", "referencia": "Chui-Atzam Pahaj", "cantidad_a": 3, "especies_t": "pino", "especie_ot": null, "fecha": "2026-02-02T00:00:00", "hora": "09:07", "observacio": "Tiene una pendiente del 30%", "CreationDa": "2026-02-24T00:00:00", "Creator": null, "EditDate": "2026-02-24T00:00:00", "Editor": null, "consumo_fu": "no", "guardarecu": null, "municipio1": null, "cant_pino": 3, "cant_cipre": 0, "cant_aliso": 0, "cant_encin": 0, "cant_palo_": 0, "cant_cajet": 0, "cant_madro": 0, "cant_mano_": 0, "cant_matil": 0, "cant_aguac": 0, "cant_casua": 0, "cant_otro": 0 }, "geometry": { "type": "Point", "coordinates": [ -91.29218667, 14.79641667 ] } },
{ "type": "Feature", "properties": { "globalid": "1363feab-eb90-4dba-93dc-bb27340698c8", "nombre_gua": "Edgar Bartolo Batín Navichoc", "region": "Altiplano Central", "area_prote": "rumcla", "area_pro_1": null, "municipio_": "San Pedro La Laguna", "municipio": "San Pedro La Laguna", "nombre_usu": "Jesus tuch", "referencia": "Pachojob San Pedro La Laguna", "cantidad_a": 3, "especies_t": "pino", "especie_ot": null, "fecha": "2026-02-24T00:00:00", "hora": "00:17", "observacio": "Estos arboles ya padecen gorgojo", "CreationDa": "2026-02-24T00:00:00", "Creator": null, "EditDate": "2026-02-24T00:00:00", "Editor": null, "consumo_fu": "no", "guardarecu": null, "municipio1": null, "cant_pino": 3, "cant_cipre": 0, "cant_aliso": 0, "cant_encin": 0, "cant_palo_": 0, "cant_cajet": 0, "cant_madro": 0, "cant_mano_": 0, "cant_matil": 0, "cant_aguac": 0, "cant_casua": 0, "cant_otro": 0 }, "geometry": { "type": "Point", "coordinates": [ -91.27973572, 14.65341613 ] } },
{ "type": "Feature", "properties": { "globalid": "b930164a-f82d-4c13-adcf-7da9c4416142", "nombre_gua": "Emilio Alfonso Chox Can", "region": "Altiplano Central", "area_prote": "rumcla", "area_pro_1": null, "municipio_": "Santa Lucia Utatlán", "municipio": "Santa Lucia Utatlán", "nombre_usu": "Maria luisa can yac", "referencia": "Chujomil", "cantidad_a": 1, "especies_t": "pino", "especie_ot": null, "fecha": "2026-01-29T00:00:00", "hora": "08:30", "observacio": "El terreno esta en estado de lotigio", "CreationDa": "2026-02-25T00:00:00", "Creator": null, "EditDate": "2026-02-25T00:00:00", "Editor": null, "consumo_fu": "no", "guardarecu": null, "municipio1": null, "cant_pino": 1, "cant_cipre": 0, "cant_aliso": 0, "cant_encin": 0, "cant_palo_": 0, "cant_cajet": 0, "cant_madro": 0, "cant_mano_": 0, "cant_matil": 0, "cant_aguac": 0, "cant_casua": 0, "cant_otro": 0 }, "geometry": { "type": "Point", "coordinates": [ -91.2465263, 14.75909064 ] } },
{ "type": "Feature", "properties": { "globalid": "ca1fea55-0f82-405a-9ea2-8a1d23cf38ae", "nombre_gua": "Manuel Guarcas Calel", "region": "Altiplano Central", "area_prote": "rumcla", "area_pro_1": null, "municipio_": "Santa Cruz La Laguna", "municipio": "Santa Cruz La Laguna", "nombre_usu": "Michelle Tufts", "referencia": "Xejuyu Caserio Jaibalito", "cantidad_a": 2, "especies_t": "pino", "especie_ot": null, "fecha": "2026-02-25T00:00:00", "hora": "15:09", "observacio": "arboles en riesgo·", "CreationDa": "2026-02-25T00:00:00", "Creator": null, "EditDate": "2026-02-25T00:00:00", "Editor": null, "consumo_fu": "no", "guardarecu": null, "municipio1": null, "cant_pino": 2, "cant_cipre": 0, "cant_aliso": 0, "cant_encin": 0, "cant_palo_": 0, "cant_cajet": 0, "cant_madro": 0, "cant_mano_": 0, "cant_matil": 0, "cant_aguac": 0, "cant_casua": 0, "cant_otro": 0 }, "geometry": { "type": "Point", "coordinates": [ -91.22061167, 14.73637833 ] } },
{ "type": "Feature", "properties": { "globalid": "00b7dca0-69ab-4bbb-855c-abd1dac04826", "nombre_gua": "Jorge Solis Xingo", "region": "Altiplano Central", "area_prote": "rumcla", "area_pro_1": null, "municipio_": "Panajachel", "municipio": "Panajachel", "nombre_usu": "Irene Ana Beatriz Joj Cano", "referencia": "Panajachel", "cantidad_a": 11, "especies_t": "cipres", "especie_ot": null, "fecha": "2026-02-25T00:00:00", "hora": "10:23", "observacio": "Arboles Potencial a causar daños a estructuras y a comerciante", "CreationDa": "2026-02-26T00:00:00", "Creator": null, "EditDate": "2026-02-26T00:00:00", "Editor": null, "consumo_fu": "no", "guardarecu": null, "municipio1": null, "cant_pino": 0, "cant_cipre": 11, "cant_aliso": 0, "cant_encin": 0, "cant_palo_": 0, "cant_cajet": 0, "cant_madro": 0, "cant_mano_": 0, "cant_matil": 0, "cant_aguac": 0, "cant_casua": 0, "cant_otro": 0 }, "geometry": { "type": "Point", "coordinates": [ -91.16026848, 14.7389136 ] } },
{ "type": "Feature", "properties": { "globalid": "4351e5e5-da72-4eb6-91e4-433deb417569", "nombre_gua": "Edgar Bartolo Batín Navichoc", "region": "Altiplano Central", "area_prote": "rumcla", "area_pro_1": null, "municipio_": "San Pedro La Laguna", "municipio": "San Pedro La Laguna", "nombre_usu": "Juan Sequec Chavajay", "referencia": "Xechimay San Pedro La Laguna", "cantidad_a": 4, "especies_t": "cipres", "especie_ot": null, "fecha": "2026-02-26T00:00:00", "hora": "15:15", "observacio": null, "CreationDa": "2026-02-27T00:00:00", "Creator": null, "EditDate": "2026-02-27T00:00:00", "Editor": null, "consumo_fu": "no", "guardarecu": null, "municipio1": null, "cant_pino": 0, "cant_cipre": 4, "cant_aliso": 0, "cant_encin": 0, "cant_palo_": 0, "cant_cajet": 0, "cant_madro": 0, "cant_mano_": 0, "cant_matil": 0, "cant_aguac": 0, "cant_casua": 0, "cant_otro": 0 }, "geometry": { "type": "Point", "coordinates": [ -91.28021688, 14.67652368 ] } },
{ "type": "Feature", "properties": { "globalid": "2108275a-6d34-4987-b09d-1d18e2c7ab03", "nombre_gua": "Santos Maurico Vicente Mendoza", "region": "Altiplano Central", "area_prote": "rumcla", "area_pro_1": null, "municipio_": "Santa Maria Visitación", "municipio": "Santa Maria Visitación", "nombre_usu": "Isabel Reina Tepaz Raxulew", "referencia": "Montañita", "cantidad_a": 4, "especies_t": "pino", "especie_ot": null, "fecha": "2026-02-04T00:00:00", "hora": "14:50", "observacio": "Un pino arrancado", "CreationDa": "2026-02-27T00:00:00", "Creator": null, "EditDate": "2026-02-27T00:00:00", "Editor": null, "consumo_fu": "no", "guardarecu": null, "municipio1": null, "cant_pino": 4, "cant_cipre": 0, "cant_aliso": 0, "cant_encin": 0, "cant_palo_": 0, "cant_cajet": 0, "cant_madro": 0, "cant_mano_": 0, "cant_matil": 0, "cant_aguac": 0, "cant_casua": 0, "cant_otro": 0 }, "geometry": { "type": "Point", "coordinates": [ -91.32468167, 14.71841 ] } },
{ "type": "Feature", "properties": { "globalid": "33579be0-886b-4c54-b963-7dcd66da1a98", "nombre_gua": "Santos Maurico Vicente Mendoza", "region": "Altiplano Central", "area_prote": "rumcla", "area_pro_1": null, "municipio_": "Santa Maria Visitación", "municipio": "Santa Maria Visitación", "nombre_usu": "Juventino Timoteo Tepaz", "referencia": "Montañit", "cantidad_a": 4, "especies_t": "pino", "especie_ot": null, "fecha": "2026-02-05T00:00:00", "hora": "02:28", "observacio": "Algunos pinos estan infectados por gorgojo", "CreationDa": "2026-02-27T00:00:00", "Creator": null, "EditDate": "2026-02-27T00:00:00", "Editor": null, "consumo_fu": "no", "guardarecu": null, "municipio1": null, "cant_pino": 4, "cant_cipre": 0, "cant_aliso": 0, "cant_encin": 0, "cant_palo_": 0, "cant_cajet": 0, "cant_madro": 0, "cant_mano_": 0, "cant_matil": 0, "cant_aguac": 0, "cant_casua": 0, "cant_otro": 0 }, "geometry": { "type": "Point", "coordinates": [ -91.32571833, 14.716935 ] } },
{ "type": "Feature", "properties": { "globalid": "627aa60f-cfc9-4940-9676-7718e6ea3f70", "nombre_gua": "Edgar Bartolo Batín Navichoc", "region": "Altiplano Central", "area_prote": "rumcla", "area_pro_1": null, "municipio_": "San Pedro La Laguna", "municipio": "San Pedro La Laguna", "nombre_usu": "Salvador Quiacain Gonzales", "referencia": "Chuachumil San Pedro La Laguna", "cantidad_a": 4, "especies_t": "pino", "especie_ot": null, "fecha": "2026-02-27T00:00:00", "hora": "15:20", "observacio": "Todos estos pinos ya tienen gorgojo y 5 arboles de la misma especie ya estan secos", "CreationDa": "2026-02-27T00:00:00", "Creator": null, "EditDate": "2026-02-27T00:00:00", "Editor": null, "consumo_fu": "no", "guardarecu": null, "municipio1": null, "cant_pino": 4, "cant_cipre": 0, "cant_aliso": 0, "cant_encin": 0, "cant_palo_": 0, "cant_cajet": 0, "cant_madro": 0, "cant_mano_": 0, "cant_matil": 0, "cant_aguac": 0, "cant_casua": 0, "cant_otro": 0 }, "geometry": { "type": "Point", "coordinates": [ -91.29511466, 14.64755176 ] } },
{ "type": "Feature", "properties": { "globalid": "27e2159c-27c8-49f6-aa50-305dbff7886c", "nombre_gua": "Jose Antonio Chuc Tay", "region": "Altiplano Central", "area_prote": "rumcla", "area_pro_1": null, "municipio_": "Sololá", "municipio": "Sololá", "nombre_usu": "Jorge Luis Chuj Cojtin", "referencia": "Antiguo cementerio molino belen Solola.", "cantidad_a": 2, "especies_t": "aliso", "especie_ot": null, "fecha": "2026-01-26T00:00:00", "hora": "14:57", "observacio": "Se realizo la visita de campo tomando la informacion necesaria, quedando pendiente los documentos personales.", "CreationDa": "2026-03-02T00:00:00", "Creator": null, "EditDate": "2026-03-02T00:00:00", "Editor": null, "consumo_fu": "no", "guardarecu": null, "municipio1": null, "cant_pino": 0, "cant_cipre": 0, "cant_aliso": 2, "cant_encin": 0, "cant_palo_": 0, "cant_cajet": 0, "cant_madro": 0, "cant_mano_": 0, "cant_matil": 0, "cant_aguac": 0, "cant_casua": 0, "cant_otro": 0 }, "geometry": { "type": "Point", "coordinates": [ -91.17148667, 14.76421667 ] } },
{ "type": "Feature", "properties": { "globalid": "306c107f-61dd-412f-a06f-03b169ae0170", "nombre_gua": "Jose Antonio Chuc Tay", "region": "Altiplano Central", "area_prote": "rumcla", "area_pro_1": null, "municipio_": "Sololá", "municipio": "Sololá", "nombre_usu": "Juliana Chumil Baquin", "referencia": "Caseri san isidro Solola", "cantidad_a": 2, "especies_t": "pino", "especie_ot": null, "fecha": "2026-02-18T00:00:00", "hora": "15:47", "observacio": "Se realizo la inspeccion quedando pendiente los documentos personales para adjuntar el expediente", "CreationDa": "2026-03-02T00:00:00", "Creator": null, "EditDate": "2026-03-02T00:00:00", "Editor": null, "consumo_fu": "no", "guardarecu": null, "municipio1": null, "cant_pino": 2, "cant_cipre": 0, "cant_aliso": 0, "cant_encin": 0, "cant_palo_": 0, "cant_cajet": 0, "cant_madro": 0, "cant_mano_": 0, "cant_matil": 0, "cant_aguac": 0, "cant_casua": 0, "cant_otro": 0 }, "geometry": { "type": "Point", "coordinates": [ -91.17159667, 14.77504167 ] } },
{ "type": "Feature", "properties": { "globalid": "aea710a1-1309-4aa3-a536-cc4100e1c320", "nombre_gua": "Henry Regino Méndez Chavajay", "region": "Altiplano Central", "area_prote": "rumcla", "area_pro_1": null, "municipio_": "San Pedro La Laguna", "municipio": "San Pedro La Laguna", "nombre_usu": "Francisco Rocche Chavajay", "referencia": "pajulya", "cantidad_a": 3, "especies_t": "palo_blanco", "especie_ot": null, "fecha": "2026-03-02T00:00:00", "hora": "09:08", "observacio": "Normal", "CreationDa": "2026-03-02T00:00:00", "Creator": null, "EditDate": "2026-03-02T00:00:00", "Editor": null, "consumo_fu": "no", "guardarecu": null, "municipio1": null, "cant_pino": 0, "cant_cipre": 0, "cant_aliso": 0, "cant_encin": 0, "cant_palo_": 3, "cant_cajet": 0, "cant_madro": 0, "cant_mano_": 0, "cant_matil": 0, "cant_aguac": 0, "cant_casua": 0, "cant_otro": 0 }, "geometry": { "type": "Point", "coordinates": [ -91.27977352, 14.68560252 ] } },
{ "type": "Feature", "properties": { "globalid": "1f7aeb4f-eec8-4842-b732-a0c9cac99c87", "nombre_gua": "Edgar Bartolo Batín Navichoc", "region": "Altiplano Central", "area_prote": "rumcla", "area_pro_1": null, "municipio_": "San Pedro La Laguna", "municipio": "San Pedro La Laguna", "nombre_usu": "Petronila Susana Quiacain Quiacain", "referencia": "Pamaczul San Pedro La Laguna", "cantidad_a": 3, "especies_t": "pino", "especie_ot": null, "fecha": "2026-03-03T00:00:00", "hora": "15:45", "observacio": "Todos estos arboles de pino ya tuenen gorgojo", "CreationDa": "2026-03-03T00:00:00", "Creator": null, "EditDate": "2026-03-03T00:00:00", "Editor": null, "consumo_fu": "no", "guardarecu": null, "municipio1": null, "cant_pino": 3, "cant_cipre": 0, "cant_aliso": 0, "cant_encin": 0, "cant_palo_": 0, "cant_cajet": 0, "cant_madro": 0, "cant_mano_": 0, "cant_matil": 0, "cant_aguac": 0, "cant_casua": 0, "cant_otro": 0 }, "geometry": { "type": "Point", "coordinates": [ -91.30170204, 14.65344274 ] } },
{ "type": "Feature", "properties": { "globalid": "dac06ebd-206c-492a-8580-93cbea8246fd", "nombre_gua": "Henry Regino Méndez Chavajay", "region": "Altiplano Central", "area_prote": "rumcla", "area_pro_1": null, "municipio_": "San Pedro La Laguna", "municipio": "San Pedro La Laguna", "nombre_usu": "Pedro Cumatz Batzin", "referencia": "Pakixtan", "cantidad_a": 15, "especies_t": "aliso,pino", "especie_ot": null, "fecha": "2026-03-03T00:00:00", "hora": "11:31", "observacio": "normal", "CreationDa": "2026-03-04T00:00:00", "Creator": null, "EditDate": "2026-03-04T00:00:00", "Editor": null, "consumo_fu": "no", "guardarecu": null, "municipio1": null, "cant_pino": 1, "cant_cipre": 0, "cant_aliso": 15, "cant_encin": 0, "cant_palo_": 0, "cant_cajet": 0, "cant_madro": 0, "cant_mano_": 0, "cant_matil": 0, "cant_aguac": 0, "cant_casua": 0, "cant_otro": 0 }, "geometry": { "type": "Point", "coordinates": [ -91.28633803, 14.64078777 ] } },
{ "type": "Feature", "properties": { "globalid": "d453de5b-6514-42ee-8268-5ec6ca44c829", "nombre_gua": "Edgar Bartolo Batín Navichoc", "region": "Altiplano Central", "area_prote": "rumcla", "area_pro_1": null, "municipio_": "San Pedro La Laguna", "municipio": "San Pedro La Laguna", "nombre_usu": "Juan Maria Chavajay Gonzalez", "referencia": "Pajoco San Pedro La Laguna", "cantidad_a": 6, "especies_t": "aliso", "especie_ot": null, "fecha": "2026-03-04T00:00:00", "hora": "15:03", "observacio": null, "CreationDa": "2026-03-04T00:00:00", "Creator": null, "EditDate": "2026-03-04T00:00:00", "Editor": null, "consumo_fu": "no", "guardarecu": null, "municipio1": null, "cant_pino": 0, "cant_cipre": 0, "cant_aliso": 6, "cant_encin": 0, "cant_palo_": 0, "cant_cajet": 0, "cant_madro": 0, "cant_mano_": 0, "cant_matil": 0, "cant_aguac": 0, "cant_casua": 0, "cant_otro": 0 }, "geometry": { "type": "Point", "coordinates": [ -91.29347477, 14.64307759 ] } },
{ "type": "Feature", "properties": { "globalid": "db837a74-d1e2-493c-9c41-6425fd48c0d2", "nombre_gua": "Diego Chacom Soben", "region": "Altiplano Central", "area_prote": "rumcla", "area_pro_1": null, "municipio_": "Santa Clara La Laguna", "municipio": "Santa Clara La Laguna", "nombre_usu": "Antonio Ixmata", "referencia": "Taclol", "cantidad_a": 2, "especies_t": "pino", "especie_ot": null, "fecha": "2026-03-04T00:00:00", "hora": "10:08", "observacio": null, "CreationDa": "2026-03-05T00:00:00", "Creator": null, "EditDate": "2026-03-05T00:00:00", "Editor": null, "consumo_fu": "no", "guardarecu": null, "municipio1": null, "cant_pino": 2, "cant_cipre": 0, "cant_aliso": 0, "cant_encin": 0, "cant_palo_": 0, "cant_cajet": 0, "cant_madro": 0, "cant_mano_": 0, "cant_matil": 0, "cant_aguac": 0, "cant_casua": 0, "cant_otro": 0 }, "geometry": { "type": "Point", "coordinates": [ -91.32212622, 14.74811045 ] } },
{ "type": "Feature", "properties": { "globalid": "2c76b0f1-fee6-4fdf-b21d-651baa272e7d", "nombre_gua": "Diego Chacom Soben", "region": "Altiplano Central", "area_prote": "rumcla", "area_pro_1": null, "municipio_": "Santa Clara La Laguna", "municipio": "Santa Clara La Laguna", "nombre_usu": "Ricardo Perez", "referencia": "Papenab", "cantidad_a": 1, "especies_t": "pino", "especie_ot": null, "fecha": "2026-03-04T00:00:00", "hora": "12:10", "observacio": null, "CreationDa": "2026-03-05T00:00:00", "Creator": null, "EditDate": "2026-03-05T00:00:00", "Editor": null, "consumo_fu": "no", "guardarecu": null, "municipio1": null, "cant_pino": 1, "cant_cipre": 0, "cant_aliso": 0, "cant_encin": 0, "cant_palo_": 0, "cant_cajet": 0, "cant_madro": 0, "cant_mano_": 0, "cant_matil": 0, "cant_aguac": 0, "cant_casua": 0, "cant_otro": 0 }, "geometry": { "type": "Point", "coordinates": [ -91.31865286, 14.74643273 ] } },
{ "type": "Feature", "properties": { "globalid": "2774e873-b323-404a-b04c-dc5f4f49eb60", "nombre_gua": "Rafaél Enrique Chiciy Chocoy", "region": "Altiplano Central", "area_prote": "rumcla", "area_pro_1": null, "municipio_": "Santa Clara La Laguna", "municipio": "Santa Clara La Laguna", "nombre_usu": "Jose vasquez tzep", "referencia": "Canton xipirian", "cantidad_a": 1, "especies_t": "pino", "especie_ot": null, "fecha": "2026-03-05T00:00:00", "hora": "09:14", "observacio": null, "CreationDa": "2026-03-05T00:00:00", "Creator": null, "EditDate": "2026-03-05T00:00:00", "Editor": null, "consumo_fu": "no", "guardarecu": null, "municipio1": null, "cant_pino": 1, "cant_cipre": 0, "cant_aliso": 0, "cant_encin": 0, "cant_palo_": 0, "cant_cajet": 0, "cant_madro": 0, "cant_mano_": 0, "cant_matil": 0, "cant_aguac": 0, "cant_casua": 0, "cant_otro": 0 }, "geometry": { "type": "Point", "coordinates": [ -91.30520311, 14.7263757 ] } },
{ "type": "Feature", "properties": { "globalid": "57255092-912d-4f20-95e3-8fe6d3e63b20", "nombre_gua": "Mario César Talé Coché", "region": "Altiplano Central", "area_prote": "rumcla", "area_pro_1": null, "municipio_": "San Antonio Palopó", "municipio": "San Antonio Palopó", "nombre_usu": "Juan coche sapon", "referencia": "Canton el naranjo a la ahoria de la calle", "cantidad_a": 2, "especies_t": "cipres,otro", "especie_ot": "Cedro", "fecha": "2026-03-05T00:00:00", "hora": "13:34", "observacio": "Estos arboles tiene peligro a causar daños a viviemdas", "CreationDa": "2026-03-05T00:00:00", "Creator": null, "EditDate": "2026-03-05T00:00:00", "Editor": null, "consumo_fu": "no", "guardarecu": null, "municipio1": null, "cant_pino": 0, "cant_cipre": 1, "cant_aliso": 0, "cant_encin": 0, "cant_palo_": 0, "cant_cajet": 0, "cant_madro": 0, "cant_mano_": 0, "cant_matil": 0, "cant_aguac": 0, "cant_casua": 0, "cant_otro": 1 }, "geometry": { "type": "Point", "coordinates": [ -91.11709955, 14.64898168 ] } },
{ "type": "Feature", "properties": { "globalid": "2fda8e7e-4dec-4ede-bca9-793200fa2555", "nombre_gua": "Mario César Talé Coché", "region": "Altiplano Central", "area_prote": "rumcla", "area_pro_1": null, "municipio_": "San Antonio Palopó", "municipio": "San Antonio Palopó", "nombre_usu": "Santos julajuj guarcax", "referencia": "Canton, tzampetey, la esperanza", "cantidad_a": 11, "especies_t": "aguacate,aliso,otro", "especie_ot": "Gravilea", "fecha": "2026-03-05T00:00:00", "hora": "09:18", "observacio": null, "CreationDa": "2026-03-05T00:00:00", "Creator": null, "EditDate": "2026-03-05T00:00:00", "Editor": null, "consumo_fu": "no", "guardarecu": null, "municipio1": null, "cant_pino": 0, "cant_cipre": 0, "cant_aliso": 2, "cant_encin": 0, "cant_palo_": 0, "cant_cajet": 0, "cant_madro": 0, "cant_mano_": 0, "cant_matil": 0, "cant_aguac": 7, "cant_casua": 0, "cant_otro": 2 }, "geometry": { "type": "Point", "coordinates": [ -91.1247596, 14.64618942 ] } },
{ "type": "Feature", "properties": { "globalid": "c529fde6-0c95-4565-ad12-aaab0b172274", "nombre_gua": "Antonio Federico Tzaj Y Tzaj", "region": "Altiplano Central", "area_prote": "rumcla", "area_pro_1": null, "municipio_": "Nahuala", "municipio": "Nahuala", "nombre_usu": "Catarina Tambriz Tambriz de Guarchaj.", "referencia": "Xexot", "cantidad_a": 0, "especies_t": "pino", "especie_ot": null, "fecha": "2026-03-03T00:00:00", "hora": "09:31", "observacio": null, "CreationDa": "2026-03-05T00:00:00", "Creator": null, "EditDate": "2026-03-05T00:00:00", "Editor": null, "consumo_fu": "no", "guardarecu": null, "municipio1": null, "cant_pino": 12, "cant_cipre": 0, "cant_aliso": 0, "cant_encin": 0, "cant_palo_": 0, "cant_cajet": 0, "cant_madro": 0, "cant_mano_": 0, "cant_matil": 0, "cant_aguac": 0, "cant_casua": 0, "cant_otro": 0 }, "geometry": { "type": "Point", "coordinates": [ -91.28889667, 14.85026 ] } },
{ "type": "Feature", "properties": { "globalid": "2679087b-3b26-4e19-9704-5a28a6e45a61", "nombre_gua": "Mario César Talé Coché", "region": "Altiplano Central", "area_prote": "rumcla", "area_pro_1": null, "municipio_": "San Antonio Palopó", "municipio": "San Antonio Palopó", "nombre_usu": "Estela perez Tale", "referencia": null, "cantidad_a": 12, "especies_t": "aguacate,otro", "especie_ot": "Lapa", "fecha": "2026-03-05T00:00:00", "hora": "11:27", "observacio": "Se tala estos agucates porque hecen mucha aombra de cafe", "CreationDa": "2026-03-06T00:00:00", "Creator": null, "EditDate": "2026-03-06T00:00:00", "Editor": null, "consumo_fu": "no", "guardarecu": null, "municipio1": null, "cant_pino": 0, "cant_cipre": 0, "cant_aliso": 0, "cant_encin": 0, "cant_palo_": 0, "cant_cajet": 0, "cant_madro": 0, "cant_mano_": 0, "cant_matil": 0, "cant_aguac": 9, "cant_casua": 0, "cant_otro": 3 }, "geometry": { "type": "Point", "coordinates": [ -91.1221511, 14.63480342 ] } },
{ "type": "Feature", "properties": { "globalid": "c75980a2-0973-49c7-9e0b-a10cda49d808", "nombre_gua": "Mario César Talé Coché", "region": "Altiplano Central", "area_prote": "rumcla", "area_pro_1": null, "municipio_": "San Antonio Palopó", "municipio": "San Antonio Palopó", "nombre_usu": "Roselia castro", "referencia": "Se ubica en el canton el naranjo", "cantidad_a": 3, "especies_t": "aguacate", "especie_ot": null, "fecha": "2026-03-09T00:00:00", "hora": "10:37", "observacio": null, "CreationDa": "2026-03-09T00:00:00", "Creator": null, "EditDate": "2026-03-09T00:00:00", "Editor": null, "consumo_fu": "no", "guardarecu": null, "municipio1": null, "cant_pino": 0, "cant_cipre": 0, "cant_aliso": 0, "cant_encin": 0, "cant_palo_": 0, "cant_cajet": 0, "cant_madro": 0, "cant_mano_": 0, "cant_matil": 0, "cant_aguac": 3, "cant_casua": 0, "cant_otro": 0 }, "geometry": { "type": "Point", "coordinates": [ -91.11434245, 14.64336145 ] } },
{ "type": "Feature", "properties": { "globalid": "d1d423bd-6703-4f2f-9cd5-2464b79e2c92", "nombre_gua": "Mario César Talé Coché", "region": "Altiplano Central", "area_prote": "rumcla", "area_pro_1": null, "municipio_": "San Antonio Palopó", "municipio": "San Antonio Palopó", "nombre_usu": "Juana elizabeth coche cuc", "referencia": "Se ubica en canton el naranjo", "cantidad_a": 1, "especies_t": "aguacate", "especie_ot": null, "fecha": "2026-03-09T00:00:00", "hora": "12:35", "observacio": null, "CreationDa": "2026-03-09T00:00:00", "Creator": null, "EditDate": "2026-03-09T00:00:00", "Editor": null, "consumo_fu": "no", "guardarecu": null, "municipio1": null, "cant_pino": 0, "cant_cipre": 0, "cant_aliso": 0, "cant_encin": 0, "cant_palo_": 0, "cant_cajet": 0, "cant_madro": 0, "cant_mano_": 0, "cant_matil": 0, "cant_aguac": 1, "cant_casua": 0, "cant_otro": 0 }, "geometry": { "type": "Point", "coordinates": [ -91.11551708, 14.65206532 ] } },
{ "type": "Feature", "properties": { "globalid": "bc00d64e-63b6-4082-b38a-cc8dff97923a", "nombre_gua": "Edgar Bartolo Batín Navichoc", "region": "Altiplano Central", "area_prote": "rumcla", "area_pro_1": null, "municipio_": "San Pedro La Laguna", "municipio": "San Pedro La Laguna", "nombre_usu": "Liusa Chavajay Cotuc", "referencia": "Chuquisteel San Pedro La Laguna", "cantidad_a": 2, "especies_t": "cipres", "especie_ot": null, "fecha": "2026-03-09T00:00:00", "hora": "16:32", "observacio": null, "CreationDa": "2026-03-09T00:00:00", "Creator": null, "EditDate": "2026-03-09T00:00:00", "Editor": null, "consumo_fu": "no", "guardarecu": null, "municipio1": null, "cant_pino": 0, "cant_cipre": 2, "cant_aliso": 0, "cant_encin": 0, "cant_palo_": 0, "cant_cajet": 0, "cant_madro": 0, "cant_mano_": 0, "cant_matil": 0, "cant_aguac": 0, "cant_casua": 0, "cant_otro": 0 }, "geometry": { "type": "Point", "coordinates": [ -91.2853037, 14.66189809 ] } },
{ "type": "Feature", "properties": { "globalid": "e272d498-c583-447e-a9b0-8e6444204b87", "nombre_gua": "Jose Antonio Chuc Tay", "region": "Altiplano Central", "area_prote": "rumcla", "area_pro_1": null, "municipio_": "Sololá", "municipio": "Sololá", "nombre_usu": "Sergio Enrique Ralon Noriega", "referencia": "En el area no existe nacimiento de agua. El area es Urbana en la cabezera departamental de Solola.", "cantidad_a": 3, "especies_t": "cipres,aliso", "especie_ot": null, "fecha": "2026-02-27T00:00:00", "hora": "16:27", "observacio": "Se realizo la visita de campo quedando pendiente los documentos para adjuntar el expediente Como Alto Potencial a Causar Daños", "CreationDa": "2026-03-11T00:00:00", "Creator": null, "EditDate": "2026-03-11T00:00:00", "Editor": null, "consumo_fu": "no", "guardarecu": null, "municipio1": null, "cant_pino": 0, "cant_cipre": 2, "cant_aliso": 1, "cant_encin": 0, "cant_palo_": 0, "cant_cajet": 0, "cant_madro": 0, "cant_mano_": 0, "cant_matil": 0, "cant_aguac": 0, "cant_casua": 0, "cant_otro": 0 }, "geometry": { "type": "Point", "coordinates": [ -91.18069167, 14.77245 ] } },
{ "type": "Feature", "properties": { "globalid": "f077de42-273d-4016-96ff-70859b2c2592", "nombre_gua": "Rafaél Enrique Chiciy Chocoy", "region": "Altiplano Central", "area_prote": "rumcla", "area_pro_1": null, "municipio_": "Santa Clara La Laguna", "municipio": "Santa Clara La Laguna", "nombre_usu": "Edgar efrain tuj to", "referencia": "La cumbre", "cantidad_a": 2, "especies_t": "pino", "especie_ot": null, "fecha": "2026-03-12T00:00:00", "hora": "10:00", "observacio": "El consumo del usuario, no afecta nada a los lados", "CreationDa": "2026-03-12T00:00:00", "Creator": null, "EditDate": "2026-03-12T00:00:00", "Editor": null, "consumo_fu": "no", "guardarecu": null, "municipio1": null, "cant_pino": 2, "cant_cipre": 0, "cant_aliso": 0, "cant_encin": 0, "cant_palo_": 0, "cant_cajet": 0, "cant_madro": 0, "cant_mano_": 0, "cant_matil": 0, "cant_aguac": 0, "cant_casua": 0, "cant_otro": 0 }, "geometry": { "type": "Point", "coordinates": [ 0.0, 0.0 ] } },
{ "type": "Feature", "properties": { "globalid": "cee47b29-c5b4-49ee-b993-cf83ad76754c", "nombre_gua": "Antonio Federico Tzaj Y Tzaj", "region": "Altiplano Central", "area_prote": "rumcla", "area_pro_1": null, "municipio_": "Nahuala", "municipio": "Nahuala", "nombre_usu": "Elena Tzoc Lopez de cotiy", "referencia": "Chui Tzajnaq Cho", "cantidad_a": 9, "especies_t": "pino", "especie_ot": null, "fecha": "2026-03-12T00:00:00", "hora": "13:23", "observacio": null, "CreationDa": "2026-03-12T00:00:00", "Creator": null, "EditDate": "2026-03-12T00:00:00", "Editor": null, "consumo_fu": "no", "guardarecu": null, "municipio1": null, "cant_pino": 9, "cant_cipre": 0, "cant_aliso": 0, "cant_encin": 0, "cant_palo_": 0, "cant_cajet": 0, "cant_madro": 0, "cant_mano_": 0, "cant_matil": 0, "cant_aguac": 0, "cant_casua": 0, "cant_otro": 0 }, "geometry": { "type": "Point", "coordinates": [ -91.3000895, 14.7931229 ] } },
{ "type": "Feature", "properties": { "globalid": "c1f53d64-a0a1-4902-a1d7-aeb0ccf10058", "nombre_gua": "Bernabé López Sajvín", "region": "Altiplano Central", "area_prote": "rumcla", "area_pro_1": null, "municipio_": "Santa Catarina Palopó", "municipio": "Santa Catarina Palopó", "nombre_usu": "Santiago Nimacachi Matzar", "referencia": "Panimasiguan, colindancia con san antonio palopo", "cantidad_a": 5, "especies_t": "aliso", "especie_ot": null, "fecha": "2026-02-04T00:00:00", "hora": "16:04", "observacio": null, "CreationDa": "2026-03-16T00:00:00", "Creator": null, "EditDate": "2026-03-16T00:00:00", "Editor": null, "consumo_fu": "no", "guardarecu": null, "municipio1": null, "cant_pino": 0, "cant_cipre": 0, "cant_aliso": 5, "cant_encin": 0, "cant_palo_": 0, "cant_cajet": 0, "cant_madro": 0, "cant_mano_": 0, "cant_matil": 0, "cant_aguac": 0, "cant_casua": 0, "cant_otro": 0 }, "geometry": { "type": "Point", "coordinates": [ -91.12118751, 14.7235981 ] } },
{ "type": "Feature", "properties": { "globalid": "b8d59d51-f37b-4329-b7da-0012bac36fb5", "nombre_gua": "Edgar Bartolo Batín Navichoc", "region": "Altiplano Central", "area_prote": "rumcla", "area_pro_1": null, "municipio_": "San Pedro La Laguna", "municipio": "San Pedro La Laguna", "nombre_usu": "Felix Gonzalez y Gonzalez", "referencia": "Xechali San Pedro La Laguna", "cantidad_a": 10, "especies_t": "aliso,otro", "especie_ot": "Capulin", "fecha": "2026-03-17T00:00:00", "hora": "09:33", "observacio": null, "CreationDa": "2026-03-17T00:00:00", "Creator": null, "EditDate": "2026-03-17T00:00:00", "Editor": null, "consumo_fu": "no", "guardarecu": null, "municipio1": null, "cant_pino": 0, "cant_cipre": 0, "cant_aliso": 7, "cant_encin": 0, "cant_palo_": 0, "cant_cajet": 0, "cant_madro": 0, "cant_mano_": 0, "cant_matil": 0, "cant_aguac": 0, "cant_casua": 0, "cant_otro": 3 }, "geometry": { "type": "Point", "coordinates": [ -91.29330209, 14.66298977 ] } },
{ "type": "Feature", "properties": { "globalid": "997c5ae9-91c1-477e-86b6-03dcde7f639e", "nombre_gua": "Antonio Federico Tzaj Y Tzaj", "region": "Altiplano Central", "area_prote": "rumcla", "area_pro_1": null, "municipio_": "Nahuala", "municipio": "Nahuala", "nombre_usu": "Pascual Cocom Ajtzalam", "referencia": "Caserio Payaj Ut.", "cantidad_a": 6, "especies_t": "pino", "especie_ot": null, "fecha": "2026-03-17T00:00:00", "hora": "10:34", "observacio": null, "CreationDa": "2026-03-17T00:00:00", "Creator": null, "EditDate": "2026-03-17T00:00:00", "Editor": null, "consumo_fu": "no", "guardarecu": null, "municipio1": null, "cant_pino": 6, "cant_cipre": 0, "cant_aliso": 0, "cant_encin": 0, "cant_palo_": 0, "cant_cajet": 0, "cant_madro": 0, "cant_mano_": 0, "cant_matil": 0, "cant_aguac": 0, "cant_casua": 0, "cant_otro": 0 }, "geometry": { "type": "Point", "coordinates": [ -91.1816533, 14.7817234 ] } },
{ "type": "Feature", "properties": { "globalid": "bbee4b59-b222-4592-9023-f2087e5bf271", "nombre_gua": "Jose Octavio Xitamul Recinos", "region": "Altiplano Central", "area_prote": "rumcla", "area_pro_1": null, "municipio_": "San José Chacaya", "municipio": "San José Chacaya", "nombre_usu": "Lorenzo pecher", "referencia": "San felipe", "cantidad_a": 28, "especies_t": "pino,aliso", "especie_ot": null, "fecha": "2026-03-10T00:00:00", "hora": "10:09", "observacio": null, "CreationDa": "2026-03-18T00:00:00", "Creator": null, "EditDate": "2026-03-18T00:00:00", "Editor": null, "consumo_fu": "no", "guardarecu": null, "municipio1": null, "cant_pino": 5, "cant_cipre": 0, "cant_aliso": 20, "cant_encin": 0, "cant_palo_": 0, "cant_cajet": 0, "cant_madro": 0, "cant_mano_": 0, "cant_matil": 0, "cant_aguac": 0, "cant_casua": 0, "cant_otro": 0 }, "geometry": { "type": "Point", "coordinates": [ -91.21708, 14.76579 ] } },
{ "type": "Feature", "properties": { "globalid": "32bd998b-3feb-47ee-8747-e9f7e5211e1b", "nombre_gua": "Jose Octavio Xitamul Recinos", "region": "Altiplano Central", "area_prote": "rumcla", "area_pro_1": null, "municipio_": "San José Chacaya", "municipio": "San José Chacaya", "nombre_usu": "Marcelino", "referencia": "Los planes", "cantidad_a": 4, "especies_t": "aliso", "especie_ot": null, "fecha": "2026-03-10T00:00:00", "hora": "10:55", "observacio": null, "CreationDa": "2026-03-18T00:00:00", "Creator": null, "EditDate": "2026-03-18T00:00:00", "Editor": null, "consumo_fu": "no", "guardarecu": null, "municipio1": null, "cant_pino": 0, "cant_cipre": 0, "cant_aliso": 4, "cant_encin": 0, "cant_palo_": 0, "cant_cajet": 0, "cant_madro": 0, "cant_mano_": 0, "cant_matil": 0, "cant_aguac": 0, "cant_casua": 0, "cant_otro": 0 }, "geometry": { "type": "Point", "coordinates": [ -91.22651, 14.77922 ] } },
{ "type": "Feature", "properties": { "globalid": "f5dfff9a-caf5-417c-ad01-aebebea6581f", "nombre_gua": "Jose Octavio Xitamul Recinos", "region": "Altiplano Central", "area_prote": "rumcla", "area_pro_1": null, "municipio_": "San José Chacaya", "municipio": "San José Chacaya", "nombre_usu": "Catarino Cua Sazo", "referencia": "Caserio Parromero", "cantidad_a": 12, "especies_t": "aliso", "especie_ot": null, "fecha": "2026-03-10T00:00:00", "hora": "11:40", "observacio": null, "CreationDa": "2026-03-18T00:00:00", "Creator": null, "EditDate": "2026-03-18T00:00:00", "Editor": null, "consumo_fu": "no", "guardarecu": null, "municipio1": null, "cant_pino": 0, "cant_cipre": 0, "cant_aliso": 12, "cant_encin": 0, "cant_palo_": 0, "cant_cajet": 0, "cant_madro": 0, "cant_mano_": 0, "cant_matil": 0, "cant_aguac": 0, "cant_casua": 0, "cant_otro": 0 }, "geometry": { "type": "Point", "coordinates": [ -91.22825667, 14.767455 ] } },
{ "type": "Feature", "properties": { "globalid": "4cbb947c-3342-49c7-bca8-46fbd92616f1", "nombre_gua": "Jose Octavio Xitamul Recinos", "region": "Altiplano Central", "area_prote": "rumcla", "area_pro_1": null, "municipio_": "San José Chacaya", "municipio": "San José Chacaya", "nombre_usu": "Marcelino Cumes Cortez", "referencia": "Los planes", "cantidad_a": 4, "especies_t": "aliso", "especie_ot": null, "fecha": "2026-03-10T00:00:00", "hora": "10:55", "observacio": null, "CreationDa": "2026-03-18T00:00:00", "Creator": null, "EditDate": "2026-03-18T00:00:00", "Editor": null, "consumo_fu": "no", "guardarecu": null, "municipio1": null, "cant_pino": 0, "cant_cipre": 0, "cant_aliso": 4, "cant_encin": 0, "cant_palo_": 0, "cant_cajet": 0, "cant_madro": 0, "cant_mano_": 0, "cant_matil": 0, "cant_aguac": 0, "cant_casua": 0, "cant_otro": 0 }, "geometry": { "type": "Point", "coordinates": [ -91.22651, 14.77922 ] } },
{ "type": "Feature", "properties": { "globalid": "7edcbb93-3927-4098-b6fe-75c5977fcb9b", "nombre_gua": "Jose Octavio Xitamul Recinos", "region": "Altiplano Central", "area_prote": "rumcla", "area_pro_1": null, "municipio_": "San José Chacaya", "municipio": "San José Chacaya", "nombre_usu": "Lorenzo Pecher Julajuj", "referencia": "El Cipres, San José Chacayá", "cantidad_a": 17, "especies_t": "pino,aliso", "especie_ot": null, "fecha": "2026-03-10T00:00:00", "hora": "10:09", "observacio": "Dichos pinos estan muertos a causa del gorgojo y los alisos igual se encuentran muertos", "CreationDa": "2026-03-18T00:00:00", "Creator": null, "EditDate": "2026-03-18T00:00:00", "Editor": null, "consumo_fu": "no", "guardarecu": null, "municipio1": null, "cant_pino": 14, "cant_cipre": 0, "cant_aliso": 3, "cant_encin": 0, "cant_palo_": 0, "cant_cajet": 0, "cant_madro": 0, "cant_mano_": 0, "cant_matil": 0, "cant_aguac": 0, "cant_casua": 0, "cant_otro": 0 }, "geometry": { "type": "Point", "coordinates": [ -91.21708, 14.76579 ] } },
{ "type": "Feature", "properties": { "globalid": "0556cf24-863a-4634-9063-607d7da5ab00", "nombre_gua": "Edgar Bartolo Batín Navichoc", "region": "Altiplano Central", "area_prote": "rumcla", "area_pro_1": null, "municipio_": "San Pedro La Laguna", "municipio": "San Pedro La Laguna", "nombre_usu": "Cruz Chichon Vasquez", "referencia": "Paxinabaj San Pedro  La Laguna", "cantidad_a": 2, "especies_t": "pino", "especie_ot": null, "fecha": "2026-03-17T00:00:00", "hora": "03:32", "observacio": null, "CreationDa": "2026-03-20T00:00:00", "Creator": null, "EditDate": "2026-03-20T00:00:00", "Editor": null, "consumo_fu": "no", "guardarecu": null, "municipio1": null, "cant_pino": 2, "cant_cipre": 0, "cant_aliso": 0, "cant_encin": 0, "cant_palo_": 0, "cant_cajet": 0, "cant_madro": 0, "cant_mano_": 0, "cant_matil": 0, "cant_aguac": 0, "cant_casua": 0, "cant_otro": 0 }, "geometry": { "type": "Point", "coordinates": [ -91.27597654, 14.66373364 ] } },
{ "type": "Feature", "properties": { "globalid": "ef5ec705-09c1-445b-96c3-c03d780bf805", "nombre_gua": "Carlos Eliberto Chiroy", "region": "Altiplano Central", "area_prote": "rumcla", "area_pro_1": null, "municipio_": "San Lucas Tolimán", "municipio": "San Lucas Tolimán", "nombre_usu": "Jorge Luis Maldonado Calderon", "referencia": "Pachitulul San Lucas Toliman Solola", "cantidad_a": 7, "especies_t": "cipres", "especie_ot": null, "fecha": "2026-03-10T00:00:00", "hora": null, "observacio": "Los arboles que van a talar estan secos y algunos apunto de caer no se sabe si es una enfermedad o se secaron naturalmente lo cipreces", "CreationDa": "2026-03-23T00:00:00", "Creator": null, "EditDate": "2026-03-23T00:00:00", "Editor": null, "consumo_fu": "no", "guardarecu": null, "municipio1": null, "cant_pino": 0, "cant_cipre": 7, "cant_aliso": 0, "cant_encin": 0, "cant_palo_": 0, "cant_cajet": 0, "cant_madro": 0, "cant_mano_": 0, "cant_matil": 0, "cant_aguac": 0, "cant_casua": 0, "cant_otro": 0 }, "geometry": { "type": "Point", "coordinates": [ -91.15589833, 14.65127667 ] } },
{ "type": "Feature", "properties": { "globalid": "bcaa2320-fdfd-40db-a79b-8a8ce95d4444", "nombre_gua": "Cornelio Marco Antonio Perechú Tzep", "region": "Altiplano Central", "area_prote": "rumcla", "area_pro_1": null, "municipio_": "Nahuala", "municipio": "Nahuala", "nombre_usu": "Dominga Chovon Guarchaj", "referencia": "Xe raxon", "cantidad_a": 4, "especies_t": "pino", "especie_ot": null, "fecha": "2026-03-23T00:00:00", "hora": "09:13", "observacio": null, "CreationDa": "2026-03-23T00:00:00", "Creator": null, "EditDate": "2026-03-23T00:00:00", "Editor": null, "consumo_fu": "no", "guardarecu": null, "municipio1": null, "cant_pino": 4, "cant_cipre": 0, "cant_aliso": 0, "cant_encin": 0, "cant_palo_": 0, "cant_cajet": 0, "cant_madro": 0, "cant_mano_": 0, "cant_matil": 0, "cant_aguac": 0, "cant_casua": 0, "cant_otro": 0 }, "geometry": { "type": "Point", "coordinates": [ -91.31374145, 14.84214591 ] } },
{ "type": "Feature", "properties": { "globalid": "3937cd31-12e3-4351-8771-9794b10c0d05", "nombre_gua": "Jorge Solis Xingo", "region": "Altiplano Central", "area_prote": "rumcla", "area_pro_1": null, "municipio_": "Panajachel", "municipio": "Panajachel", "nombre_usu": "Ilario Juan Hernandez Garcia", "referencia": "Aldea Patanatic", "cantidad_a": 0, "especies_t": "cajete,otro", "especie_ot": "Guachipilin y Capulin", "fecha": "2026-03-23T00:00:00", "hora": "10:11", "observacio": "Los arboles se encuentran bifurcados y con las copas quebradas por vientos", "CreationDa": "2026-03-23T00:00:00", "Creator": null, "EditDate": "2026-03-23T00:00:00", "Editor": null, "consumo_fu": "no", "guardarecu": null, "municipio1": null, "cant_pino": 0, "cant_cipre": 0, "cant_aliso": 0, "cant_encin": 0, "cant_palo_": 0, "cant_cajet": 1, "cant_madro": 0, "cant_mano_": 0, "cant_matil": 0, "cant_aguac": 0, "cant_casua": 0, "cant_otro": 16 }, "geometry": { "type": "Point", "coordinates": [ -91.13266753, 14.76355588 ] } },
{ "type": "Feature", "properties": { "globalid": "51631265-b462-41f7-bfef-aabfe09d89ce", "nombre_gua": "José Manuel Vásquez Upún", "region": "Altiplano Central", "area_prote": "rumcla", "area_pro_1": null, "municipio_": "San Andres Semetabaj", "municipio": "San Andres Semetabaj", "nombre_usu": "Reyes Bala García", "referencia": "Pakim, San Andrés Semetabaj", "cantidad_a": 15, "especies_t": "pino", "especie_ot": null, "fecha": "2026-02-12T00:00:00", "hora": "10:51", "observacio": "La mayoria de árboles son medianos de grosor", "CreationDa": "2026-03-25T00:00:00", "Creator": null, "EditDate": "2026-03-25T00:00:00", "Editor": null, "consumo_fu": "no", "guardarecu": null, "municipio1": null, "cant_pino": 15, "cant_cipre": 0, "cant_aliso": 0, "cant_encin": 0, "cant_palo_": 0, "cant_cajet": 0, "cant_madro": 0, "cant_mano_": 0, "cant_matil": 0, "cant_aguac": 0, "cant_casua": 0, "cant_otro": 0 }, "geometry": { "type": "Point", "coordinates": [ -91.11201673, 14.73478724 ] } },
{ "type": "Feature", "properties": { "globalid": "f8c55a3d-12f7-4019-a628-4e73728b1e03", "nombre_gua": "José Manuel Vásquez Upún", "region": "Altiplano Central", "area_prote": "rumcla", "area_pro_1": null, "municipio_": "San Andres Semetabaj", "municipio": "San Andres Semetabaj", "nombre_usu": "Alberto Calel Coroxon", "referencia": "Lomas de Atitlan", "cantidad_a": 1, "especies_t": "pino", "especie_ot": null, "fecha": "2026-02-20T00:00:00", "hora": "16:54", "observacio": null, "CreationDa": "2026-03-25T00:00:00", "Creator": null, "EditDate": "2026-03-25T00:00:00", "Editor": null, "consumo_fu": "no", "guardarecu": null, "municipio1": null, "cant_pino": 1, "cant_cipre": 0, "cant_aliso": 0, "cant_encin": 0, "cant_palo_": 0, "cant_cajet": 0, "cant_madro": 0, "cant_mano_": 0, "cant_matil": 0, "cant_aguac": 0, "cant_casua": 0, "cant_otro": 0 }, "geometry": { "type": "Point", "coordinates": [ -91.14170179, 14.74468206 ] } },
{ "type": "Feature", "properties": { "globalid": "dbe5e58a-4043-4cba-af40-8b53ae014dc1", "nombre_gua": "José Manuel Vásquez Upún", "region": "Altiplano Central", "area_prote": "rumcla", "area_pro_1": null, "municipio_": "San Andres Semetabaj", "municipio": "San Andres Semetabaj", "nombre_usu": "Prudencia Tzerech Sinto", "referencia": "Paquím, San Andrés Semetabaj", "cantidad_a": 8, "especies_t": "pino", "especie_ot": null, "fecha": "2026-02-25T00:00:00", "hora": "15:15", "observacio": null, "CreationDa": "2026-03-25T00:00:00", "Creator": null, "EditDate": "2026-03-25T00:00:00", "Editor": null, "consumo_fu": "no", "guardarecu": null, "municipio1": null, "cant_pino": 8, "cant_cipre": 0, "cant_aliso": 0, "cant_encin": 0, "cant_palo_": 0, "cant_cajet": 0, "cant_madro": 0, "cant_mano_": 0, "cant_matil": 0, "cant_aguac": 0, "cant_casua": 0, "cant_otro": 0 }, "geometry": { "type": "Point", "coordinates": [ -91.11209842, 14.73710299 ] } },
{ "type": "Feature", "properties": { "globalid": "f298b879-563e-4cea-96fb-c69b3182ff58", "nombre_gua": "José Manuel Vásquez Upún", "region": "Altiplano Central", "area_prote": "rumcla", "area_pro_1": null, "municipio_": "San Andres Semetabaj", "municipio": "San Andres Semetabaj", "nombre_usu": "Norbeto Muj Coroxón", "referencia": "Nueva Esperanza", "cantidad_a": 3, "especies_t": "pino,aguacate", "especie_ot": null, "fecha": "2026-03-04T00:00:00", "hora": "11:30", "observacio": null, "CreationDa": "2026-03-25T00:00:00", "Creator": null, "EditDate": "2026-03-25T00:00:00", "Editor": null, "consumo_fu": "no", "guardarecu": null, "municipio1": null, "cant_pino": 2, "cant_cipre": 0, "cant_aliso": 0, "cant_encin": 0, "cant_palo_": 0, "cant_cajet": 0, "cant_madro": 0, "cant_mano_": 0, "cant_matil": 0, "cant_aguac": 1, "cant_casua": 0, "cant_otro": 0 }, "geometry": { "type": "Point", "coordinates": [ -91.13556941, 14.74095804 ] } },
{ "type": "Feature", "properties": { "globalid": "10517b5b-cd33-41bd-a4c9-9c73c134e6a1", "nombre_gua": "José Manuel Vásquez Upún", "region": "Altiplano Central", "area_prote": "rumcla", "area_pro_1": null, "municipio_": "San Andres Semetabaj", "municipio": "San Andres Semetabaj", "nombre_usu": "Sammy Muj Coroxón", "referencia": "Caserío Nueva Esperanza", "cantidad_a": 0, "especies_t": "encino", "especie_ot": null, "fecha": "2026-03-04T00:00:00", "hora": "10:30", "observacio": null, "CreationDa": "2026-03-25T00:00:00", "Creator": null, "EditDate": "2026-03-25T00:00:00", "Editor": null, "consumo_fu": "no", "guardarecu": null, "municipio1": null, "cant_pino": 0, "cant_cipre": 0, "cant_aliso": 0, "cant_encin": 1, "cant_palo_": 0, "cant_cajet": 0, "cant_madro": 0, "cant_mano_": 0, "cant_matil": 0, "cant_aguac": 0, "cant_casua": 0, "cant_otro": 0 }, "geometry": { "type": "Point", "coordinates": [ -91.13542195, 14.74162257 ] } },
{ "type": "Feature", "properties": { "globalid": "2c801381-e818-4a23-bf5c-caeb11343b4f", "nombre_gua": "José Manuel Vásquez Upún", "region": "Altiplano Central", "area_prote": "rumcla", "area_pro_1": null, "municipio_": "San Andres Semetabaj", "municipio": "San Andres Semetabaj", "nombre_usu": "Carlos Garcia", "referencia": "Lomas de Atitlán", "cantidad_a": 12, "especies_t": "cipres", "especie_ot": null, "fecha": "2026-03-17T00:00:00", "hora": "10:30", "observacio": null, "CreationDa": "2026-03-25T00:00:00", "Creator": null, "EditDate": "2026-03-25T00:00:00", "Editor": null, "consumo_fu": "no", "guardarecu": null, "municipio1": null, "cant_pino": 0, "cant_cipre": 12, "cant_aliso": 0, "cant_encin": 0, "cant_palo_": 0, "cant_cajet": 0, "cant_madro": 0, "cant_mano_": 0, "cant_matil": 0, "cant_aguac": 0, "cant_casua": 0, "cant_otro": 0 }, "geometry": { "type": "Point", "coordinates": [ -91.14047035, 14.74832969 ] } },
{ "type": "Feature", "properties": { "globalid": "afc99a6c-1048-440b-b5f4-6c28e64105d1", "nombre_gua": "Heriberto Chavez Chavez", "region": "Altiplano Central", "area_prote": "rumcla", "area_pro_1": null, "municipio_": "Sololá", "municipio": "Sololá", "nombre_usu": null, "referencia": "Vuelta espina Aldea Maria tecun alayo", "cantidad_a": 0, "especies_t": "cipres,pino", "especie_ot": null, "fecha": "2025-12-15T00:00:00", "hora": null, "observacio": null, "CreationDa": "2026-03-26T00:00:00", "Creator": null, "EditDate": "2026-03-26T00:00:00", "Editor": null, "consumo_fu": "no", "guardarecu": null, "municipio1": null, "cant_pino": 0, "cant_cipre": 0, "cant_aliso": 0, "cant_encin": 0, "cant_palo_": 0, "cant_cajet": 0, "cant_madro": 0, "cant_mano_": 0, "cant_matil": 0, "cant_aguac": 0, "cant_casua": 0, "cant_otro": 0 }, "geometry": { "type": "Point", "coordinates": [ -91.20477333, 14.81524 ] } },
{ "type": "Feature", "properties": { "globalid": "b2fe9894-2ad9-43da-8833-11d1dbd1e606", "nombre_gua": "Heriberto Chavez Chavez", "region": "Altiplano Central", "area_prote": "rumcla", "area_pro_1": null, "municipio_": "Sololá", "municipio": "Sololá", "nombre_usu": "INTERCOP R.L.", "referencia": "Barrio San Bartolo Sololá", "cantidad_a": 0, "especies_t": "pino,cipres,otro", "especie_ot": "Fresno", "fecha": "2026-01-06T00:00:00", "hora": "15:24", "observacio": null, "CreationDa": "2026-03-26T00:00:00", "Creator": null, "EditDate": "2026-03-26T00:00:00", "Editor": null, "consumo_fu": "no", "guardarecu": null, "municipio1": null, "cant_pino": 1, "cant_cipre": 4, "cant_aliso": 0, "cant_encin": 0, "cant_palo_": 0, "cant_cajet": 0, "cant_madro": 0, "cant_mano_": 0, "cant_matil": 0, "cant_aguac": 0, "cant_casua": 0, "cant_otro": 1 }, "geometry": { "type": "Point", "coordinates": [ -91.18267833, 14.76852 ] } },
{ "type": "Feature", "properties": { "globalid": "6ec372b8-55bf-4cb7-ad62-664e39699f3e", "nombre_gua": "Heriberto Chavez Chavez", "region": "Altiplano Central", "area_prote": "rumcla", "area_pro_1": null, "municipio_": "Sololá", "municipio": "Sololá", "nombre_usu": "Andres Chiroy Guarcax", "referencia": "Zona Administrativa Intercop R L", "cantidad_a": 0, "especies_t": "cipres,aliso,otro", "especie_ot": "Orquidia", "fecha": "2026-01-14T00:00:00", "hora": "09:59", "observacio": null, "CreationDa": "2026-03-26T00:00:00", "Creator": null, "EditDate": "2026-03-26T00:00:00", "Editor": null, "consumo_fu": "no", "guardarecu": null, "municipio1": null, "cant_pino": 0, "cant_cipre": 1, "cant_aliso": 3, "cant_encin": 0, "cant_palo_": 0, "cant_cajet": 0, "cant_madro": 0, "cant_mano_": 0, "cant_matil": 0, "cant_aguac": 0, "cant_casua": 0, "cant_otro": 1 }, "geometry": { "type": "Point", "coordinates": [ -91.18353333, 14.767015 ] } },
{ "type": "Feature", "properties": { "globalid": "c41297bc-08d3-4e63-85a5-6ebfd8d07c4d", "nombre_gua": "Heriberto Chavez Chavez", "region": "Altiplano Central", "area_prote": "rumcla", "area_pro_1": null, "municipio_": "Sololá", "municipio": "Sololá", "nombre_usu": "Armando Rosalio Bulux Choror", "referencia": "Caserio la Ceiba Aldea San Juan Argueta", "cantidad_a": 0, "especies_t": "pino", "especie_ot": null, "fecha": "2026-02-20T00:00:00", "hora": "11:12", "observacio": null, "CreationDa": "2026-03-26T00:00:00", "Creator": null, "EditDate": "2026-03-26T00:00:00", "Editor": null, "consumo_fu": "no", "guardarecu": null, "municipio1": null, "cant_pino": 11, "cant_cipre": 0, "cant_aliso": 0, "cant_encin": 0, "cant_palo_": 0, "cant_cajet": 0, "cant_madro": 0, "cant_mano_": 0, "cant_matil": 0, "cant_aguac": 0, "cant_casua": 0, "cant_otro": 0 }, "geometry": { "type": "Point", "coordinates": [ -91.21750833, 14.817565 ] } },
{ "type": "Feature", "properties": { "globalid": "c79fab38-2e66-4b40-abf1-2ab95e036a3d", "nombre_gua": "Heriberto Chavez Chavez", "region": "Altiplano Central", "area_prote": "rumcla", "area_pro_1": null, "municipio_": "Sololá", "municipio": "Sololá", "nombre_usu": "Floridalma Sutuc Urizar de Saloj", "referencia": "Caserio Central Aldea Xajaxac Sololá", "cantidad_a": 0, "especies_t": "cipres", "especie_ot": null, "fecha": "2026-03-12T00:00:00", "hora": "10:25", "observacio": null, "CreationDa": "2026-03-26T00:00:00", "Creator": null, "EditDate": "2026-03-26T00:00:00", "Editor": null, "consumo_fu": "no", "guardarecu": null, "municipio1": null, "cant_pino": 0, "cant_cipre": 1, "cant_aliso": 0, "cant_encin": 0, "cant_palo_": 0, "cant_cajet": 0, "cant_madro": 0, "cant_mano_": 0, "cant_matil": 0, "cant_aguac": 0, "cant_casua": 0, "cant_otro": 0 }, "geometry": { "type": "Point", "coordinates": [ -91.173505, 14.838155 ] } },
{ "type": "Feature", "properties": { "globalid": "24cf391d-86fb-4e42-8b8f-1108d7af91ec", "nombre_gua": "Diego Chacom Soben", "region": "Altiplano Central", "area_prote": "rumcla", "area_pro_1": null, "municipio_": "Santa Clara La Laguna", "municipio": "Santa Clara La Laguna", "nombre_usu": null, "referencia": "Tzam-Tem", "cantidad_a": 54, "especies_t": "aliso,otro", "especie_ot": "Aliso amarillo", "fecha": "2026-03-26T00:00:00", "hora": "11:25", "observacio": null, "CreationDa": "2026-03-31T00:00:00", "Creator": null, "EditDate": "2026-03-31T00:00:00", "Editor": null, "consumo_fu": "no", "guardarecu": null, "municipio1": null, "cant_pino": 0, "cant_cipre": 0, "cant_aliso": 31, "cant_encin": 0, "cant_palo_": 0, "cant_cajet": 0, "cant_madro": 0, "cant_mano_": 0, "cant_matil": 0, "cant_aguac": 0, "cant_casua": 0, "cant_otro": 23 }, "geometry": { "type": "Point", "coordinates": [ -91.32530733, 14.74923466 ] } },
{ "type": "Feature", "properties": { "globalid": "47892984-a925-40fc-b256-54ca5691a3ad", "nombre_gua": "Vicente Francisco Omar Pérez Cox", "region": "Altiplano Central", "area_prote": "rumcla", "area_pro_1": null, "municipio_": "Santa Maria Visitación", "municipio": "San Juan la laguna", "nombre_usu": "Francisco Paulino Mendoza Canajay", "referencia": "Municipio de San Juan la laguna, camino hacia el basurero municipal.", "cantidad_a": 3, "especies_t": "pino", "especie_ot": null, "fecha": "2026-03-25T00:00:00", "hora": "10:48", "observacio": null, "CreationDa": "2026-04-04T00:00:00", "Creator": null, "EditDate": "2026-04-04T00:00:00", "Editor": null, "consumo_fu": "no", "guardarecu": null, "municipio1": null, "cant_pino": 3, "cant_cipre": 0, "cant_aliso": 0, "cant_encin": 0, "cant_palo_": 0, "cant_cajet": 0, "cant_madro": 0, "cant_mano_": 0, "cant_matil": 0, "cant_aguac": 0, "cant_casua": 0, "cant_otro": 0 }, "geometry": { "type": "Point", "coordinates": [ -91.292906, 14.68325 ] } },
{ "type": "Feature", "properties": { "globalid": "812dba92-077e-4178-9e5b-b16381d8a4ea", "nombre_gua": "Cornelio Marco Antonio Perechú Tzep", "region": "Altiplano Central", "area_prote": "rumcla", "area_pro_1": null, "municipio_": "Nahuala", "municipio": "Nahuala", "nombre_usu": "Diego Velásquez", "referencia": "Chui bolobik abaj", "cantidad_a": 40, "especies_t": "pino", "especie_ot": null, "fecha": "2026-04-06T00:00:00", "hora": "11:29", "observacio": "Los árboles se encuentran afectados por la plaga del gorgojo de pino", "CreationDa": "2026-04-06T00:00:00", "Creator": null, "EditDate": "2026-04-06T00:00:00", "Editor": null, "consumo_fu": "no", "guardarecu": null, "municipio1": null, "cant_pino": 40, "cant_cipre": 0, "cant_aliso": 0, "cant_encin": 0, "cant_palo_": 0, "cant_cajet": 0, "cant_madro": 0, "cant_mano_": 0, "cant_matil": 0, "cant_aguac": 0, "cant_casua": 0, "cant_otro": 0 }, "geometry": { "type": "Point", "coordinates": [ -91.29179854, 14.83932298 ] } },
{ "type": "Feature", "properties": { "globalid": "f7ac41fe-6f0d-4cc4-b6b0-a86bfa144e45", "nombre_gua": "Jose Octavio Xitamul Recinos", "region": "Altiplano Central", "area_prote": "rumcla", "area_pro_1": null, "municipio_": "San José Chacaya", "municipio": "San José Chacaya", "nombre_usu": "Roquel", "referencia": "San Felipe", "cantidad_a": 5, "especies_t": "aliso,encino", "especie_ot": null, "fecha": "2026-03-31T00:00:00", "hora": "10:28", "observacio": null, "CreationDa": "2026-04-09T00:00:00", "Creator": null, "EditDate": "2026-04-09T00:00:00", "Editor": null, "consumo_fu": "no", "guardarecu": null, "municipio1": null, "cant_pino": 0, "cant_cipre": 0, "cant_aliso": 3, "cant_encin": 2, "cant_palo_": 0, "cant_cajet": 0, "cant_madro": 0, "cant_mano_": 0, "cant_matil": 0, "cant_aguac": 0, "cant_casua": 0, "cant_otro": 0 }, "geometry": { "type": "Point", "coordinates": [ -91.22392667, 14.760535 ] } },
{ "type": "Feature", "properties": { "globalid": "f78ae00e-55fc-4465-b4d6-e99d6a9cf5c7", "nombre_gua": "Jose Octavio Xitamul Recinos", "region": "Altiplano Central", "area_prote": "rumcla", "area_pro_1": null, "municipio_": "San José Chacaya", "municipio": "San José Chacaya", "nombre_usu": "Felipa Xoquic de Pablo", "referencia": "Chigabriel", "cantidad_a": 3, "especies_t": "pino", "especie_ot": null, "fecha": "2026-04-08T00:00:00", "hora": "12:00", "observacio": "De los 3 arboles uno de ellos se encuentra dereibado por causas naturales desde la raiz y dicho terreni cuenta con un 30% de inclinacion", "CreationDa": "2026-04-09T00:00:00", "Creator": null, "EditDate": "2026-04-09T00:00:00", "Editor": null, "consumo_fu": "no", "guardarecu": null, "municipio1": null, "cant_pino": 3, "cant_cipre": 0, "cant_aliso": 0, "cant_encin": 0, "cant_palo_": 0, "cant_cajet": 0, "cant_madro": 0, "cant_mano_": 0, "cant_matil": 0, "cant_aguac": 0, "cant_casua": 0, "cant_otro": 0 }, "geometry": { "type": "Point", "coordinates": [ -91.21886726, 14.77939324 ] } },
{ "type": "Feature", "properties": { "globalid": "5f763e8b-41c2-4e9f-8b9b-6bf58cdb7e8d", "nombre_gua": "Antonio Federico Tzaj Y Tzaj", "region": "Altiplano Central", "area_prote": "rumcla", "area_pro_1": null, "municipio_": "Nahuala", "municipio": "Nahuala", "nombre_usu": "Manuel Guarchaj Simaj", "referencia": "Xe Tuj", "cantidad_a": 23, "especies_t": "pino", "especie_ot": null, "fecha": "2026-04-09T00:00:00", "hora": "10:15", "observacio": "Los arboles, son plagadas por el Gorgojo del pino", "CreationDa": "2026-04-09T00:00:00", "Creator": null, "EditDate": "2026-04-09T00:00:00", "Editor": null, "consumo_fu": "no", "guardarecu": null, "municipio1": null, "cant_pino": 23, "cant_cipre": 0, "cant_aliso": 0, "cant_encin": 0, "cant_palo_": 0, "cant_cajet": 0, "cant_madro": 0, "cant_mano_": 0, "cant_matil": 0, "cant_aguac": 0, "cant_casua": 0, "cant_otro": 0 }, "geometry": { "type": "Point", "coordinates": [ -91.306845, 14.859335 ] } },
{ "type": "Feature", "properties": { "globalid": "22a84f46-b7a4-4893-8117-5d6fc34eb7c8", "nombre_gua": "Henry Regino Méndez Chavajay", "region": "Altiplano Central", "area_prote": "rumcla", "area_pro_1": null, "municipio_": "San Pedro La Laguna", "municipio": "San Pedro La Laguna", "nombre_usu": "Ines pop cortez", "referencia": "chinajuyu", "cantidad_a": 12, "especies_t": "pino,cipres,aliso,encino", "especie_ot": null, "fecha": "2026-04-10T00:00:00", "hora": "10:21", "observacio": "normal", "CreationDa": "2026-04-10T00:00:00", "Creator": null, "EditDate": "2026-04-10T00:00:00", "Editor": null, "consumo_fu": "no", "guardarecu": null, "municipio1": null, "cant_pino": 1, "cant_cipre": 2, "cant_aliso": 7, "cant_encin": 2, "cant_palo_": 0, "cant_cajet": 0, "cant_madro": 0, "cant_mano_": 0, "cant_matil": 0, "cant_aguac": 0, "cant_casua": 0, "cant_otro": 0 }, "geometry": { "type": "Point", "coordinates": [ -91.28214163, 14.6579854 ] } },
{ "type": "Feature", "properties": { "globalid": "c4091914-48da-45f2-a3c9-2283e6ac539e", "nombre_gua": "Rafaél Enrique Chiciy Chocoy", "region": "Altiplano Central", "area_prote": "rumcla", "area_pro_1": null, "municipio_": "Santa Clara La Laguna", "municipio": "Santa Clara La Laguna", "nombre_usu": "Erik velasquez sulugui", "referencia": "Puwi juyup", "cantidad_a": 2, "especies_t": "pino", "especie_ot": null, "fecha": "2026-04-10T00:00:00", "hora": "11:08", "observacio": null, "CreationDa": "2026-04-10T00:00:00", "Creator": null, "EditDate": "2026-04-10T00:00:00", "Editor": null, "consumo_fu": "no", "guardarecu": null, "municipio1": null, "cant_pino": 2, "cant_cipre": 0, "cant_aliso": 0, "cant_encin": 0, "cant_palo_": 0, "cant_cajet": 0, "cant_madro": 0, "cant_mano_": 0, "cant_matil": 0, "cant_aguac": 0, "cant_casua": 0, "cant_otro": 0 }, "geometry": { "type": "Point", "coordinates": [ -91.30254505, 14.75946287 ] } },
{ "type": "Feature", "properties": { "globalid": "68751ca5-812a-48d7-84fb-3f42ad4a18ce", "nombre_gua": "Diego Chacom Soben", "region": "Altiplano Central", "area_prote": "rumcla", "area_pro_1": null, "municipio_": "Santa Clara La Laguna", "municipio": "Santa Clara La Laguna", "nombre_usu": "Aleyda Noemi Barreno Mazariegos", "referencia": "Xecaja", "cantidad_a": 15, "especies_t": "aliso", "especie_ot": null, "fecha": "2026-04-08T00:00:00", "hora": "09:43", "observacio": null, "CreationDa": "2026-04-13T00:00:00", "Creator": null, "EditDate": "2026-04-13T00:00:00", "Editor": null, "consumo_fu": "no", "guardarecu": null, "municipio1": null, "cant_pino": 0, "cant_cipre": 0, "cant_aliso": 15, "cant_encin": 0, "cant_palo_": 0, "cant_cajet": 0, "cant_madro": 0, "cant_mano_": 0, "cant_matil": 0, "cant_aguac": 0, "cant_casua": 0, "cant_otro": 0 }, "geometry": { "type": "Point", "coordinates": [ -91.30850246, 14.7041072 ] } },
{ "type": "Feature", "properties": { "globalid": "24d984dc-cc57-4a35-a6df-d6dd50bc2bb6", "nombre_gua": "Diego Chacom Soben", "region": "Altiplano Central", "area_prote": "rumcla", "area_pro_1": null, "municipio_": "Santa Clara La Laguna", "municipio": "Santa Clara La Laguna", "nombre_usu": "Juan Ixmata", "referencia": "Taclol", "cantidad_a": 2, "especies_t": "pino", "especie_ot": null, "fecha": "2026-04-08T00:00:00", "hora": "10:09", "observacio": null, "CreationDa": "2026-04-13T00:00:00", "Creator": null, "EditDate": "2026-04-13T00:00:00", "Editor": null, "consumo_fu": "no", "guardarecu": null, "municipio1": null, "cant_pino": 2, "cant_cipre": 0, "cant_aliso": 0, "cant_encin": 0, "cant_palo_": 0, "cant_cajet": 0, "cant_madro": 0, "cant_mano_": 0, "cant_matil": 0, "cant_aguac": 0, "cant_casua": 0, "cant_otro": 0 }, "geometry": { "type": "Point", "coordinates": [ -91.32078376, 14.74740889 ] } },
{ "type": "Feature", "properties": { "globalid": "944e33b4-bdf6-4af2-8601-a26583f4ef5e", "nombre_gua": "Antonio Federico Tzaj Y Tzaj", "region": "Altiplano Central", "area_prote": "rumcla", "area_pro_1": null, "municipio_": "Nahuala", "municipio": "Nahuala", "nombre_usu": "Policarpo Obispo Gonzales Hernandes", "referencia": "Chuaul Chuacruz", "cantidad_a": 0, "especies_t": "pino,cipres", "especie_ot": null, "fecha": "2026-04-13T00:00:00", "hora": "09:36", "observacio": null, "CreationDa": "2026-04-13T00:00:00", "Creator": null, "EditDate": "2026-04-13T00:00:00", "Editor": null, "consumo_fu": "no", "guardarecu": null, "municipio1": null, "cant_pino": 6, "cant_cipre": 1, "cant_aliso": 0, "cant_encin": 0, "cant_palo_": 0, "cant_cajet": 0, "cant_madro": 0, "cant_mano_": 0, "cant_matil": 0, "cant_aguac": 0, "cant_casua": 0, "cant_otro": 0 }, "geometry": { "type": "Point", "coordinates": [ -91.328035, 14.830865 ] } },
{ "type": "Feature", "properties": { "globalid": "ca9d8eea-f2dd-445b-a3e8-f98dff62fc25", "nombre_gua": "Cornelio Marco Antonio Perechú Tzep", "region": "Altiplano Central", "area_prote": "rumcla", "area_pro_1": null, "municipio_": "Nahuala", "municipio": "Nahuala", "nombre_usu": "Juan Víctor López Tzay", "referencia": "Balam abaj", "cantidad_a": 4, "especies_t": "pino,aliso", "especie_ot": null, "fecha": "2026-04-13T00:00:00", "hora": "10:18", "observacio": "Aliso con alto potencial a causar daños, ya que el tronco se encuentra en estado de pudrición", "CreationDa": "2026-04-13T00:00:00", "Creator": null, "EditDate": "2026-04-13T00:00:00", "Editor": null, "consumo_fu": "no", "guardarecu": null, "municipio1": null, "cant_pino": 1, "cant_cipre": 0, "cant_aliso": 3, "cant_encin": 0, "cant_palo_": 0, "cant_cajet": 0, "cant_madro": 0, "cant_mano_": 0, "cant_matil": 0, "cant_aguac": 0, "cant_casua": 0, "cant_otro": 0 }, "geometry": { "type": "Point", "coordinates": [ -91.31061048, 14.82349368 ] } },
{ "type": "Feature", "properties": { "globalid": "f72eb17f-02e1-4367-afd3-07884ddd9580", "nombre_gua": "Bernabé López Sajvín", "region": "Altiplano Central", "area_prote": "rumcla", "area_pro_1": null, "municipio_": "Santa Catarina Palopó", "municipio": "Santa Catarina Palopó", "nombre_usu": "Alberto Lopez Sajvin", "referencia": "Caserio pacaman, santa catarina palopo", "cantidad_a": 2, "especies_t": "pino,aliso", "especie_ot": null, "fecha": "2026-04-13T00:00:00", "hora": "17:10", "observacio": "Se inspeccionaron dos arboles de consumo familiar al señor Alberto Lopez Sajvin, lo cual se adjuntaron requisitos y llenado de formularios de consumo", "CreationDa": "2026-04-13T00:00:00", "Creator": null, "EditDate": "2026-04-13T00:00:00", "Editor": null, "consumo_fu": "no", "guardarecu": null, "municipio1": null, "cant_pino": 1, "cant_cipre": 0, "cant_aliso": 1, "cant_encin": 0, "cant_palo_": 0, "cant_cajet": 0, "cant_madro": 0, "cant_mano_": 0, "cant_matil": 0, "cant_aguac": 0, "cant_casua": 0, "cant_otro": 0 }, "geometry": { "type": "Point", "coordinates": [ -91.11590222, 14.7065832 ] } },
{ "type": "Feature", "properties": { "globalid": "bdf3fc05-627b-4edd-8048-677cab38d600", "nombre_gua": null, "region": "Altiplano Central", "area_prote": "rumcla", "area_pro_1": null, "municipio_": null, "municipio": "s", "nombre_usu": null, "referencia": null, "cantidad_a": 0, "especies_t": null, "especie_ot": null, "fecha": "2026-04-14T00:00:00", "hora": null, "observacio": null, "CreationDa": "2026-04-14T00:00:00", "Creator": null, "EditDate": "2026-04-14T00:00:00", "Editor": null, "consumo_fu": null, "guardarecu": null, "municipio1": null, "cant_pino": 0, "cant_cipre": 0, "cant_aliso": 0, "cant_encin": 0, "cant_palo_": 0, "cant_cajet": 0, "cant_madro": 0, "cant_mano_": 0, "cant_matil": 0, "cant_aguac": 0, "cant_casua": 0, "cant_otro": 0 }, "geometry": { "type": "Point", "coordinates": [ -91.26094978, 14.6850924 ] } },
{ "type": "Feature", "properties": { "globalid": "7fc38996-1d43-48e9-b5d2-22134d73f934", "nombre_gua": "Edgar Bartolo Batín Navichoc", "region": "Altiplano Central", "area_prote": "rumcla", "area_pro_1": null, "municipio_": "San Pedro La Laguna", "municipio": "San Pedro La Laguna", "nombre_usu": "Felix Quiacain Juracan", "referencia": "Pachojob San Pedro La Laguna", "cantidad_a": 5, "especies_t": "pino", "especie_ot": null, "fecha": "2026-04-15T00:00:00", "hora": "10:29", "observacio": null, "CreationDa": "2026-04-15T00:00:00", "Creator": null, "EditDate": "2026-04-15T00:00:00", "Editor": null, "consumo_fu": "no", "guardarecu": null, "municipio1": null, "cant_pino": 5, "cant_cipre": 0, "cant_aliso": 0, "cant_encin": 0, "cant_palo_": 0, "cant_cajet": 0, "cant_madro": 0, "cant_mano_": 0, "cant_matil": 0, "cant_aguac": 0, "cant_casua": 0, "cant_otro": 0 }, "geometry": { "type": "Point", "coordinates": [ -91.28456891, 14.65173361 ] } },
{ "type": "Feature", "properties": { "globalid": "2e1a4bd3-18ed-4f66-a18f-fe7dab501389", "nombre_gua": "Cornelio Marco Antonio Perechú Tzep", "region": "Altiplano Central", "area_prote": "rumcla", "area_pro_1": null, "municipio_": "Nahuala", "municipio": "Nahuala", "nombre_usu": "Catarina Guarchaj de Marroquín", "referencia": "Chui Yajut", "cantidad_a": 37, "especies_t": "pino", "especie_ot": null, "fecha": "2026-04-16T00:00:00", "hora": "11:11", "observacio": "Pino afectados por el gorgojo de pino", "CreationDa": "2026-04-16T00:00:00", "Creator": null, "EditDate": "2026-04-16T00:00:00", "Editor": null, "consumo_fu": "no", "guardarecu": null, "municipio1": null, "cant_pino": 37, "cant_cipre": 0, "cant_aliso": 0, "cant_encin": 0, "cant_palo_": 0, "cant_cajet": 0, "cant_madro": 0, "cant_mano_": 0, "cant_matil": 0, "cant_aguac": 0, "cant_casua": 0, "cant_otro": 0 }, "geometry": { "type": "Point", "coordinates": [ -91.28979493, 14.83055482 ] } },
{ "type": "Feature", "properties": { "globalid": "6561a4aa-04b5-42fa-9ae7-17ebe903fec8", "nombre_gua": "Rafaél Enrique Chiciy Chocoy", "region": "Altiplano Central", "area_prote": "rumcla", "area_pro_1": null, "municipio_": "Santa Clara La Laguna", "municipio": "Santa Clara La Laguna", "nombre_usu": "Nicolas salquil ixmata", "referencia": "Tzam tem", "cantidad_a": 2, "especies_t": "pino", "especie_ot": null, "fecha": "2026-04-20T00:00:00", "hora": "10:52", "observacio": null, "CreationDa": "2026-04-20T00:00:00", "Creator": null, "EditDate": "2026-04-20T00:00:00", "Editor": null, "consumo_fu": "no", "guardarecu": null, "municipio1": null, "cant_pino": 2, "cant_cipre": 0, "cant_aliso": 0, "cant_encin": 0, "cant_palo_": 0, "cant_cajet": 0, "cant_madro": 0, "cant_mano_": 0, "cant_matil": 0, "cant_aguac": 0, "cant_casua": 0, "cant_otro": 0 }, "geometry": { "type": "Point", "coordinates": [ -91.32615218, 14.74122205 ] } },
{ "type": "Feature", "properties": { "globalid": "c547d77c-f7a4-4d56-9a01-9f4e1fcb5e90", "nombre_gua": "Edgar Bartolo Batín Navichoc", "region": "Altiplano Central", "area_prote": "rumcla", "area_pro_1": null, "municipio_": "San Pedro La Laguna", "municipio": "San Pedro La Laguna", "nombre_usu": "Hilda Judith Navichoc Chavajay", "referencia": "Cerro Chuachumil", "cantidad_a": 4, "especies_t": "aliso", "especie_ot": null, "fecha": "2026-04-22T00:00:00", "hora": "11:51", "observacio": null, "CreationDa": "2026-04-22T00:00:00", "Creator": null, "EditDate": "2026-04-22T00:00:00", "Editor": null, "consumo_fu": "no", "guardarecu": null, "municipio1": null, "cant_pino": 0, "cant_cipre": 0, "cant_aliso": 4, "cant_encin": 0, "cant_palo_": 0, "cant_cajet": 0, "cant_madro": 0, "cant_mano_": 0, "cant_matil": 0, "cant_aguac": 0, "cant_casua": 0, "cant_otro": 0 }, "geometry": { "type": "Point", "coordinates": [ -91.28788744, 14.64909324 ] } },
{ "type": "Feature", "properties": { "globalid": "6250b85e-db15-439f-beac-cc3bf5cd354e", "nombre_gua": "Diego Chacom Soben", "region": "Altiplano Central", "area_prote": "rumcla", "area_pro_1": null, "municipio_": "Santa Clara La Laguna", "municipio": "Santa Clara La Laguna", "nombre_usu": "Julio Par", "referencia": "Aldea Paquip", "cantidad_a": 1, "especies_t": "pino", "especie_ot": null, "fecha": "2026-04-22T00:00:00", "hora": "10:12", "observacio": null, "CreationDa": "2026-04-24T00:00:00", "Creator": null, "EditDate": "2026-04-24T00:00:00", "Editor": null, "consumo_fu": "no", "guardarecu": null, "municipio1": null, "cant_pino": 1, "cant_cipre": 0, "cant_aliso": 0, "cant_encin": 0, "cant_palo_": 0, "cant_cajet": 0, "cant_madro": 0, "cant_mano_": 0, "cant_matil": 0, "cant_aguac": 0, "cant_casua": 0, "cant_otro": 0 }, "geometry": { "type": "Point", "coordinates": [ -91.31975914, 14.69649016 ] } },
{ "type": "Feature", "properties": { "globalid": "cbce332b-a46e-4d57-a7e6-1fff44596fea", "nombre_gua": "Jose Octavio Xitamul Recinos", "region": "Altiplano Central", "area_prote": "rumcla", "area_pro_1": null, "municipio_": "San José Chacaya", "municipio": "San José Chacaya", "nombre_usu": "Mercedes Esther Roquel Chavez", "referencia": "San Felipe", "cantidad_a": 11, "especies_t": "aliso,pino,encino", "especie_ot": null, "fecha": "2026-04-24T00:00:00", "hora": "11:29", "observacio": "La mayoria de los aliso ya se encuentran muertos por lo que es necesario talarlos", "CreationDa": "2026-04-24T00:00:00", "Creator": null, "EditDate": "2026-04-24T00:00:00", "Editor": null, "consumo_fu": "no", "guardarecu": null, "municipio1": null, "cant_pino": 1, "cant_cipre": 0, "cant_aliso": 8, "cant_encin": 2, "cant_palo_": 0, "cant_cajet": 0, "cant_madro": 0, "cant_mano_": 0, "cant_matil": 0, "cant_aguac": 0, "cant_casua": 0, "cant_otro": 0 }, "geometry": { "type": "Point", "coordinates": [ -91.22283833, 14.76081833 ] } },
{ "type": "Feature", "properties": { "globalid": "5eb80c0f-64fa-49db-9d37-e019ccf8dea0", "nombre_gua": "Emilio Alfonso Chox Can", "region": "Altiplano Central", "area_prote": "rumcla", "area_pro_1": null, "municipio_": "Santa Lucia Utatlán", "municipio": "Santa Lucia Utatlán", "nombre_usu": "Elizabhet", "referencia": null, "cantidad_a": 3, "especies_t": "pino", "especie_ot": null, "fecha": "2026-04-16T00:00:00", "hora": "10:45", "observacio": null, "CreationDa": "2026-04-27T00:00:00", "Creator": null, "EditDate": "2026-04-27T00:00:00", "Editor": null, "consumo_fu": "no", "guardarecu": null, "municipio1": null, "cant_pino": 3, "cant_cipre": 0, "cant_aliso": 0, "cant_encin": 0, "cant_palo_": 0, "cant_cajet": 0, "cant_madro": 0, "cant_mano_": 0, "cant_matil": 0, "cant_aguac": 0, "cant_casua": 0, "cant_otro": 0 }, "geometry": { "type": "Point", "coordinates": [ -91.27886418, 14.76836714 ] } },
{ "type": "Feature", "properties": { "globalid": "a4d844f9-cfde-475c-8339-4cccde71a6dc", "nombre_gua": "Edgar Bartolo Batín Navichoc", "region": "Altiplano Central", "area_prote": "rumcla", "area_pro_1": null, "municipio_": "San Pedro La Laguna", "municipio": "San Pedro La Laguna", "nombre_usu": "Jise Antonio Gonzalez Cox", "referencia": "Paxinabaj San Pedro La Laguna", "cantidad_a": 8, "especies_t": "aliso", "especie_ot": null, "fecha": "2026-04-27T00:00:00", "hora": "10:13", "observacio": null, "CreationDa": "2026-04-27T00:00:00", "Creator": null, "EditDate": "2026-04-27T00:00:00", "Editor": null, "consumo_fu": "no", "guardarecu": null, "municipio1": null, "cant_pino": 0, "cant_cipre": 0, "cant_aliso": 8, "cant_encin": 0, "cant_palo_": 0, "cant_cajet": 0, "cant_madro": 0, "cant_mano_": 0, "cant_matil": 0, "cant_aguac": 0, "cant_casua": 0, "cant_otro": 0 }, "geometry": { "type": "Point", "coordinates": [ -91.27986326, 14.66223124 ] } },
{ "type": "Feature", "properties": { "globalid": "887e00de-5e9f-4c95-a9ab-53f314ac4a2d", "nombre_gua": "Santos Maurico Vicente Mendoza", "region": "Altiplano Central", "area_prote": "rumcla", "area_pro_1": null, "municipio_": "Santa Maria Visitación", "municipio": "Santa Maria Visitación", "nombre_usu": "Antonio Coty", "referencia": "Chuipoj", "cantidad_a": 22, "especies_t": "aliso,otro", "especie_ot": "Aliso amarillo y Zapotillo", "fecha": "2026-03-30T00:00:00", "hora": "10:52", "observacio": null, "CreationDa": "2026-04-28T00:00:00", "Creator": null, "EditDate": "2026-04-28T00:00:00", "Editor": null, "consumo_fu": "no", "guardarecu": null, "municipio1": null, "cant_pino": 0, "cant_cipre": 0, "cant_aliso": 12, "cant_encin": 0, "cant_palo_": 0, "cant_cajet": 0, "cant_madro": 0, "cant_mano_": 0, "cant_matil": 0, "cant_aguac": 0, "cant_casua": 0, "cant_otro": 10 }, "geometry": { "type": "Point", "coordinates": [ -91.32530822, 14.72251587 ] } },
{ "type": "Feature", "properties": { "globalid": "04469bb1-9637-40cb-9720-c5a415245dfd", "nombre_gua": "Heriberto Chavez Chavez", "region": "Altiplano Central", "area_prote": "rumcla", "area_pro_1": null, "municipio_": "Sololá", "municipio": "Sololá", "nombre_usu": "Alex Ferbando Ceferino Garcia Say", "referencia": "Los cipresales Aldea Maria Tecún Alayo", "cantidad_a": 5, "especies_t": "cipres", "especie_ot": null, "fecha": "2026-04-16T00:00:00", "hora": "10:36", "observacio": null, "CreationDa": "2026-04-29T00:00:00", "Creator": null, "EditDate": "2026-04-29T00:00:00", "Editor": null, "consumo_fu": "no", "guardarecu": null, "municipio1": null, "cant_pino": 0, "cant_cipre": 5, "cant_aliso": 0, "cant_encin": 0, "cant_palo_": 0, "cant_cajet": 0, "cant_madro": 0, "cant_mano_": 0, "cant_matil": 0, "cant_aguac": 0, "cant_casua": 0, "cant_otro": 0 }, "geometry": { "type": "Point", "coordinates": [ -91.20539333, 14.80334833 ] } },
{ "type": "Feature", "properties": { "globalid": "58c144b0-21c5-4f59-866f-b1fa17f18f15", "nombre_gua": "Heriberto Chavez Chavez", "region": "Altiplano Central", "area_prote": "rumcla", "area_pro_1": null, "municipio_": "Sololá", "municipio": "Sololá", "nombre_usu": "Floridalma Sutuc Urizar de Saloj", "referencia": "Caserio central Xajaxac Solola", "cantidad_a": 2, "especies_t": "cipres", "especie_ot": null, "fecha": "2026-04-20T00:00:00", "hora": "13:33", "observacio": null, "CreationDa": "2026-04-29T00:00:00", "Creator": null, "EditDate": "2026-04-29T00:00:00", "Editor": null, "consumo_fu": "no", "guardarecu": null, "municipio1": null, "cant_pino": 0, "cant_cipre": 2, "cant_aliso": 0, "cant_encin": 0, "cant_palo_": 0, "cant_cajet": 0, "cant_madro": 0, "cant_mano_": 0, "cant_matil": 0, "cant_aguac": 0, "cant_casua": 0, "cant_otro": 0 }, "geometry": { "type": "Point", "coordinates": [ -91.17347333, 14.838125 ] } },
{ "type": "Feature", "properties": { "globalid": "e6e533c7-9539-443c-a7e3-40813d835d49", "nombre_gua": "Edgar Bartolo Batín Navichoc", "region": "Altiplano Central", "area_prote": "rumcla", "area_pro_1": null, "municipio_": "San Pedro La Laguna", "municipio": "San Pedro La Laguna", "nombre_usu": "Nicolas Garcia", "referencia": "Paxinabaj San Pedro La Laguna", "cantidad_a": 4, "especies_t": "cipres", "especie_ot": null, "fecha": "2026-04-29T00:00:00", "hora": "11:10", "observacio": null, "CreationDa": "2026-04-29T00:00:00", "Creator": null, "EditDate": "2026-04-29T00:00:00", "Editor": null, "consumo_fu": "no", "guardarecu": null, "municipio1": null, "cant_pino": 0, "cant_cipre": 4, "cant_aliso": 0, "cant_encin": 0, "cant_palo_": 0, "cant_cajet": 0, "cant_madro": 0, "cant_mano_": 0, "cant_matil": 0, "cant_aguac": 0, "cant_casua": 0, "cant_otro": 0 }, "geometry": { "type": "Point", "coordinates": [ -91.28129672, 14.66923626 ] } },
{ "type": "Feature", "properties": { "globalid": "e18f3983-1bba-40ad-924e-e972e9f61d94", "nombre_gua": "Diego Chacom Soben", "region": "Altiplano Central", "area_prote": "rumcla", "area_pro_1": null, "municipio_": "Santa Clara La Laguna", "municipio": "Santa Clara La Laguna", "nombre_usu": "Nicolas Chacom", "referencia": "Taclol", "cantidad_a": 0, "especies_t": "pino", "especie_ot": null, "fecha": "2026-04-28T00:00:00", "hora": "15:34", "observacio": null, "CreationDa": "2026-04-30T00:00:00", "Creator": null, "EditDate": "2026-04-30T00:00:00", "Editor": null, "consumo_fu": "no", "guardarecu": null, "municipio1": null, "cant_pino": 1, "cant_cipre": 0, "cant_aliso": 0, "cant_encin": 0, "cant_palo_": 0, "cant_cajet": 0, "cant_madro": 0, "cant_mano_": 0, "cant_matil": 0, "cant_aguac": 0, "cant_casua": 0, "cant_otro": 0 }, "geometry": { "type": "Point", "coordinates": [ -91.31551383, 14.76043925 ] } },
{ "type": "Feature", "properties": { "globalid": "f3f1eb2a-49ef-4160-99ef-8375660783de", "nombre_gua": "Diego Chacom Soben", "region": "Altiplano Central", "area_prote": "rumcla", "area_pro_1": null, "municipio_": "Santa Clara La Laguna", "municipio": "Santa Clara La Laguna", "nombre_usu": "Estela Saquic", "referencia": "Aldea Paquip", "cantidad_a": 1, "especies_t": "pino", "especie_ot": null, "fecha": "2026-04-29T00:00:00", "hora": "10:08", "observacio": null, "CreationDa": "2026-04-30T00:00:00", "Creator": null, "EditDate": "2026-04-30T00:00:00", "Editor": null, "consumo_fu": "no", "guardarecu": null, "municipio1": null, "cant_pino": 1, "cant_cipre": 0, "cant_aliso": 0, "cant_encin": 0, "cant_palo_": 0, "cant_cajet": 0, "cant_madro": 0, "cant_mano_": 0, "cant_matil": 0, "cant_aguac": 0, "cant_casua": 0, "cant_otro": 0 }, "geometry": { "type": "Point", "coordinates": [ -91.3250751, 14.69407065 ] } },
{ "type": "Feature", "properties": { "globalid": "91d5a75e-c20b-41f5-925c-9106e6a7ab99", "nombre_gua": "Juan Marcos Saquic", "region": "Altiplano Central", "area_prote": "rumcla", "area_pro_1": null, "municipio_": "Santa Lucia Utatlán", "municipio": "Santa Lucia Utatlán", "nombre_usu": "Carlos Leocadio Yac Gonzalez", "referencia": "Chorremam canton chichimuch", "cantidad_a": 7, "especies_t": "aliso,aguacate,pino,otro", "especie_ot": "1 cerezo", "fecha": "2026-04-22T00:00:00", "hora": "08:43", "observacio": null, "CreationDa": "2026-04-30T00:00:00", "Creator": null, "EditDate": "2026-04-30T00:00:00", "Editor": null, "consumo_fu": "no", "guardarecu": null, "municipio1": null, "cant_pino": 1, "cant_cipre": 0, "cant_aliso": 6, "cant_encin": 0, "cant_palo_": 0, "cant_cajet": 0, "cant_madro": 0, "cant_mano_": 0, "cant_matil": 0, "cant_aguac": 1, "cant_casua": 0, "cant_otro": 1 }, "geometry": { "type": "Point", "coordinates": [ -91.2588291, 14.76667605 ] } },
{ "type": "Feature", "properties": { "globalid": "f29db79b-a5dd-4de7-b71e-f490d70e91b1", "nombre_gua": "Henry Regino Méndez Chavajay", "region": "Altiplano Central", "area_prote": "rumcla", "area_pro_1": null, "municipio_": "San Pedro La Laguna", "municipio": "San Pedro La Laguna", "nombre_usu": "America Rosalinda Chavajay Yojcom", "referencia": "patam", "cantidad_a": 0, "especies_t": "pino,aliso", "especie_ot": null, "fecha": "2026-05-04T00:00:00", "hora": "11:00", "observacio": null, "CreationDa": "2026-05-05T00:00:00", "Creator": null, "EditDate": "2026-05-05T00:00:00", "Editor": null, "consumo_fu": "no", "guardarecu": null, "municipio1": null, "cant_pino": 2, "cant_cipre": 0, "cant_aliso": 2, "cant_encin": 0, "cant_palo_": 0, "cant_cajet": 0, "cant_madro": 0, "cant_mano_": 0, "cant_matil": 0, "cant_aguac": 0, "cant_casua": 0, "cant_otro": 0 }, "geometry": { "type": "Point", "coordinates": [ -91.29432883, 14.65200765 ] } },
{ "type": "Feature", "properties": { "globalid": "d8afaa0a-eb68-49e2-8a7b-99f54d5ec8dd", "nombre_gua": "Henry Regino Méndez Chavajay", "region": "Altiplano Central", "area_prote": "rumcla", "area_pro_1": null, "municipio_": "San Pedro La Laguna", "municipio": "San Pedro La Laguna", "nombre_usu": "nicolas chavajay puac", "referencia": "pakixtan", "cantidad_a": 5, "especies_t": "palo_blanco", "especie_ot": null, "fecha": "2026-05-08T00:00:00", "hora": "09:53", "observacio": "normal", "CreationDa": "2026-05-10T00:00:00", "Creator": null, "EditDate": "2026-05-10T00:00:00", "Editor": null, "consumo_fu": "no", "guardarecu": null, "municipio1": null, "cant_pino": 0, "cant_cipre": 0, "cant_aliso": 0, "cant_encin": 0, "cant_palo_": 5, "cant_cajet": 0, "cant_madro": 0, "cant_mano_": 0, "cant_matil": 0, "cant_aguac": 0, "cant_casua": 0, "cant_otro": 0 }, "geometry": { "type": "Point", "coordinates": [ -91.2879642, 14.64559299 ] } },
{ "type": "Feature", "properties": { "globalid": "16cb0d06-2210-4181-883a-0595266b1ae8", "nombre_gua": "Henry Regino Méndez Chavajay", "region": "Altiplano Central", "area_prote": "rumcla", "area_pro_1": null, "municipio_": "San Pedro La Laguna", "municipio": "San Pedro La Laguna", "nombre_usu": "pedro sac rocche", "referencia": "chuchimay", "cantidad_a": 4, "especies_t": "cipres", "especie_ot": null, "fecha": "2026-05-11T00:00:00", "hora": "09:30", "observacio": "normal", "CreationDa": "2026-05-11T00:00:00", "Creator": null, "EditDate": "2026-05-11T00:00:00", "Editor": null, "consumo_fu": "no", "guardarecu": null, "municipio1": null, "cant_pino": 0, "cant_cipre": 4, "cant_aliso": 0, "cant_encin": 0, "cant_palo_": 0, "cant_cajet": 0, "cant_madro": 0, "cant_mano_": 0, "cant_matil": 0, "cant_aguac": 0, "cant_casua": 0, "cant_otro": 0 }, "geometry": { "type": "Point", "coordinates": [ -91.2767354, 14.6700012 ] } },
{ "type": "Feature", "properties": { "globalid": "1f102552-6638-4afd-99d9-3735208396c4", "nombre_gua": "Mario César Talé Coché", "region": "Altiplano Central", "area_prote": "rumcla", "area_pro_1": null, "municipio_": "San Antonio Palopó", "municipio": "San Antonio Palopó", "nombre_usu": "Julio cuc tqx", "referencia": "Canqton tzampetey", "cantidad_a": 1, "especies_t": "aguacate", "especie_ot": null, "fecha": "2026-05-08T00:00:00", "hora": "08:54", "observacio": null, "CreationDa": "2026-05-12T00:00:00", "Creator": null, "EditDate": "2026-05-12T00:00:00", "Editor": null, "consumo_fu": "no", "guardarecu": null, "municipio1": null, "cant_pino": 0, "cant_cipre": 0, "cant_aliso": 0, "cant_encin": 0, "cant_palo_": 0, "cant_cajet": 0, "cant_madro": 0, "cant_mano_": 0, "cant_matil": 0, "cant_aguac": 1, "cant_casua": 0, "cant_otro": 0 }, "geometry": { "type": "Point", "coordinates": [ -91.12492332, 14.6524675 ] } },
{ "type": "Feature", "properties": { "globalid": "9fcd65b6-b782-4714-9625-784e1a7dccab", "nombre_gua": "Edgar Bartolo Batín Navichoc", "region": "Altiplano Central", "area_prote": "rumcla", "area_pro_1": null, "municipio_": "San Pedro La Laguna", "municipio": "San Pedro La Laguna", "nombre_usu": "Albertina  Chavajay", "referencia": "Chuacanac San Pedro", "cantidad_a": 3, "especies_t": "aliso", "especie_ot": null, "fecha": "2026-05-14T00:00:00", "hora": "00:49", "observacio": null, "CreationDa": "2026-05-14T00:00:00", "Creator": null, "EditDate": "2026-05-14T00:00:00", "Editor": null, "consumo_fu": "no", "guardarecu": null, "municipio1": null, "cant_pino": 0, "cant_cipre": 0, "cant_aliso": 3, "cant_encin": 0, "cant_palo_": 0, "cant_cajet": 0, "cant_madro": 0, "cant_mano_": 0, "cant_matil": 0, "cant_aguac": 0, "cant_casua": 0, "cant_otro": 0 }, "geometry": { "type": "Point", "coordinates": [ -91.28715046, 14.65419618 ] } },
{ "type": "Feature", "properties": { "globalid": "89c2d353-0d24-4929-b5f2-199bed1abd67", "nombre_gua": "Edgar Bartolo Batín Navichoc", "region": "Altiplano Central", "area_prote": "rumcla", "area_pro_1": null, "municipio_": "San Pedro La Laguna", "municipio": "San Pedro La Laguna", "nombre_usu": "Jose Maria Gonzalez Pop", "referencia": "Pamaczul San Pedro", "cantidad_a": 8, "especies_t": "aliso", "especie_ot": null, "fecha": "2026-05-15T00:00:00", "hora": "14:14", "observacio": null, "CreationDa": "2026-05-15T00:00:00", "Creator": null, "EditDate": "2026-05-15T00:00:00", "Editor": null, "consumo_fu": "no", "guardarecu": null, "municipio1": null, "cant_pino": 0, "cant_cipre": 0, "cant_aliso": 8, "cant_encin": 0, "cant_palo_": 0, "cant_cajet": 0, "cant_madro": 0, "cant_mano_": 0, "cant_matil": 0, "cant_aguac": 0, "cant_casua": 0, "cant_otro": 0 }, "geometry": { "type": "Point", "coordinates": [ -91.30456459, 14.65145776 ] } },
{ "type": "Feature", "properties": { "globalid": "acb3cee1-76fe-4970-aafc-e4d55a9de277", "nombre_gua": "Domingo Culum Poron", "region": "Altiplano Central", "area_prote": "rumcla", "area_pro_1": null, "municipio_": "San Pablo La Laguna", "municipio": "San Pablo La Laguna", "nombre_usu": "Felipe Poron", "referencia": "Xepojp, San Pablo", "cantidad_a": 1, "especies_t": "encino", "especie_ot": null, "fecha": "2026-05-15T00:00:00", "hora": "11:39", "observacio": "El arbol ya esta seco por lo que el propietario quiere aprobechar", "CreationDa": "2026-05-16T00:00:00", "Creator": null, "EditDate": "2026-05-16T00:00:00", "Editor": null, "consumo_fu": "no", "guardarecu": null, "municipio1": null, "cant_pino": 0, "cant_cipre": 0, "cant_aliso": 0, "cant_encin": 1, "cant_palo_": 0, "cant_cajet": 0, "cant_madro": 0, "cant_mano_": 0, "cant_matil": 0, "cant_aguac": 0, "cant_casua": 0, "cant_otro": 0 }, "geometry": { "type": "Point", "coordinates": [ -91.27458667, 14.73080667 ] } },
{ "type": "Feature", "properties": { "globalid": "830aa205-f1b1-45d5-afb2-7b74c11ff632", "nombre_gua": "Edgar Bartolo Batín Navichoc", "region": "Altiplano Central", "area_prote": "rumcla", "area_pro_1": null, "municipio_": "San Pedro La Laguna", "municipio": "San Pedro La Laguna", "nombre_usu": "Pablo Ramon Peneleu Quiacain", "referencia": "Paxinabaj San Pedro", "cantidad_a": 3, "especies_t": "cipres", "especie_ot": null, "fecha": "2026-05-18T00:00:00", "hora": "13:58", "observacio": null, "CreationDa": "2026-05-18T00:00:00", "Creator": null, "EditDate": "2026-05-18T00:00:00", "Editor": null, "consumo_fu": "no", "guardarecu": null, "municipio1": null, "cant_pino": 0, "cant_cipre": 3, "cant_aliso": 0, "cant_encin": 0, "cant_palo_": 0, "cant_cajet": 0, "cant_madro": 0, "cant_mano_": 0, "cant_matil": 0, "cant_aguac": 0, "cant_casua": 0, "cant_otro": 0 }, "geometry": { "type": "Point", "coordinates": [ -91.2784792, 14.66499802 ] } },
{ "type": "Feature", "properties": { "globalid": "97c6fd8a-492b-4cb9-b4fb-61054c125020", "nombre_gua": "Jorge Solis Xingo", "region": "Altiplano Central", "area_prote": "rumcla", "area_pro_1": null, "municipio_": "Panajachel", "municipio": "Panajachel", "nombre_usu": "Victor Sazo Solis", "referencia": "Aldea Patanatic", "cantidad_a": 4, "especies_t": "otro", "especie_ot": "Sauce, Capulin, Chali", "fecha": "2026-05-18T00:00:00", "hora": "16:07", "observacio": "Arbole Potencial a causar daño en carretera por lo peligroso no se pudo sacarles el DAP se le realizo un calculo visual", "CreationDa": "2026-05-19T00:00:00", "Creator": null, "EditDate": "2026-05-19T00:00:00", "Editor": null, "consumo_fu": "no", "guardarecu": null, "municipio1": null, "cant_pino": 0, "cant_cipre": 0, "cant_aliso": 0, "cant_encin": 0, "cant_palo_": 0, "cant_cajet": 0, "cant_madro": 0, "cant_mano_": 0, "cant_matil": 0, "cant_aguac": 0, "cant_casua": 0, "cant_otro": 4 }, "geometry": { "type": "Point", "coordinates": [ -91.13469145, 14.76489027 ] } },
{ "type": "Feature", "properties": { "globalid": "e0236874-7c68-4239-a6d8-949a2e65c597", "nombre_gua": "Vicente Francisco Omar Pérez Cox", "region": "Altiplano Central", "area_prote": "rumcla", "area_pro_1": null, "municipio_": "Santa Maria Visitación", "municipio": "Santa Maria Visitación", "nombre_usu": "Silvia gertrudis Ixmata puac", "referencia": "Aldea palaestina cerró panukuy", "cantidad_a": 3, "especies_t": "aliso", "especie_ot": null, "fecha": "2026-05-19T00:00:00", "hora": "09:45", "observacio": null, "CreationDa": "2026-05-22T00:00:00", "Creator": null, "EditDate": "2026-05-22T00:00:00", "Editor": null, "consumo_fu": "si", "guardarecu": "Vicente Francisco Omar Pérez Cox", "municipio1": "Santa Maria Visitación", "cant_pino": 0, "cant_cipre": 0, "cant_aliso": 3, "cant_encin": 0, "cant_palo_": 0, "cant_cajet": 0, "cant_madro": 0, "cant_mano_": 0, "cant_matil": 0, "cant_aguac": 0, "cant_casua": 0, "cant_otro": 0 }, "geometry": { "type": "Point", "coordinates": [ -91.30382317, 14.68674416 ] } },
{ "type": "Feature", "properties": { "globalid": "c0dc4733-926f-4ca0-a23f-d8e2e39c8859", "nombre_gua": "Diego Chacom Soben", "region": "Altiplano Central", "area_prote": "rumcla", "area_pro_1": null, "municipio_": "Santa Clara La Laguna", "municipio": "Santa Clara La Laguna", "nombre_usu": "Jesus Tzaj Vasquez", "referencia": "Patzunuj", "cantidad_a": 1, "especies_t": "pino", "especie_ot": null, "fecha": "2026-05-12T00:00:00", "hora": "11:11", "observacio": null, "CreationDa": "2026-05-23T00:00:00", "Creator": null, "EditDate": "2026-05-23T00:00:00", "Editor": null, "consumo_fu": "no", "guardarecu": null, "municipio1": null, "cant_pino": 1, "cant_cipre": 0, "cant_aliso": 0, "cant_encin": 0, "cant_palo_": 0, "cant_cajet": 0, "cant_madro": 0, "cant_mano_": 0, "cant_matil": 0, "cant_aguac": 0, "cant_casua": 0, "cant_otro": 0 }, "geometry": { "type": "Point", "coordinates": [ 0.0, 0.0 ] } },
{ "type": "Feature", "properties": { "globalid": "b0421ed7-20e0-4d32-b536-2a8355a97c84", "nombre_gua": "Juan Marcos Saquic", "region": "Altiplano Central", "area_prote": "rumcla", "area_pro_1": null, "municipio_": "Santa Lucia Utatlán", "municipio": "Santa Lucia Utatlán", "nombre_usu": "Aurelio Chavez Cochoy", "referencia": "Campo Verde Chuchexíc", "cantidad_a": 7, "especies_t": "pino,cipres", "especie_ot": null, "fecha": "2026-05-18T00:00:00", "hora": "09:02", "observacio": null, "CreationDa": "2026-05-25T00:00:00", "Creator": null, "EditDate": "2026-05-25T00:00:00", "Editor": null, "consumo_fu": "no", "guardarecu": null, "municipio1": null, "cant_pino": 2, "cant_cipre": 5, "cant_aliso": 0, "cant_encin": 0, "cant_palo_": 0, "cant_cajet": 0, "cant_madro": 0, "cant_mano_": 0, "cant_matil": 0, "cant_aguac": 0, "cant_casua": 0, "cant_otro": 0 }, "geometry": { "type": "Point", "coordinates": [ -91.27844997, 14.81033307 ] } },
{ "type": "Feature", "properties": { "globalid": "acc87e94-b7d6-41d6-bc47-91ee165cf1f6", "nombre_gua": "Juan Marcos Saquic", "region": "Altiplano Central", "area_prote": "rumcla", "area_pro_1": null, "municipio_": "Santa Lucia Utatlán", "municipio": "Santa Lucia Utatlán", "nombre_usu": "Domingo Xitamul Tay", "referencia": "Tzamtinamit chuchexic", "cantidad_a": 1, "especies_t": "pino", "especie_ot": null, "fecha": "2026-05-18T00:00:00", "hora": "10:01", "observacio": null, "CreationDa": "2026-05-25T00:00:00", "Creator": null, "EditDate": "2026-05-25T00:00:00", "Editor": null, "consumo_fu": "no", "guardarecu": null, "municipio1": null, "cant_pino": 1, "cant_cipre": 0, "cant_aliso": 0, "cant_encin": 0, "cant_palo_": 0, "cant_cajet": 0, "cant_madro": 0, "cant_mano_": 0, "cant_matil": 0, "cant_aguac": 0, "cant_casua": 0, "cant_otro": 0 }, "geometry": { "type": "Point", "coordinates": [ -91.26923192, 14.79927193 ] } },
{ "type": "Feature", "properties": { "globalid": "630375d9-870a-4693-9ac2-4d3b0488e44a", "nombre_gua": "Francisco Sicay Icaj", "region": "Altiplano Central", "area_prote": "rumcla", "area_pro_1": null, "municipio_": "Santiago Atitlán", "municipio": "Santiago Atitlán", "nombre_usu": "Salvador Xicay Tacaxoy", "referencia": "Cantón Tzanchaj", "cantidad_a": 2, "especies_t": "pino,cipres", "especie_ot": null, "fecha": "2026-05-22T00:00:00", "hora": "08:58", "observacio": "En el área no hay ningún río cerca y no es vulnerable ante cualquier derrumbe.", "CreationDa": "2026-05-26T00:00:00", "Creator": null, "EditDate": "2026-05-26T00:00:00", "Editor": null, "consumo_fu": "no", "guardarecu": null, "municipio1": null, "cant_pino": 1, "cant_cipre": 1, "cant_aliso": 0, "cant_encin": 0, "cant_palo_": 0, "cant_cajet": 0, "cant_madro": 0, "cant_mano_": 0, "cant_matil": 0, "cant_aguac": 0, "cant_casua": 0, "cant_otro": 0 }, "geometry": { "type": "Point", "coordinates": [ -91.27469276, 14.62812855 ] } },
{ "type": "Feature", "properties": { "globalid": "07534115-e4de-474a-8ef6-7fdd0428c769", "nombre_gua": "Santos Maurico Vicente Mendoza", "region": "Altiplano Central", "area_prote": "rumcla", "area_pro_1": null, "municipio_": "Santa Maria Visitación", "municipio": "Santa Maria Visitación", "nombre_usu": "Ana Cristna Tepaz Raxuleu", "referencia": "La montañita, Payatza.", "cantidad_a": 3, "especies_t": "pino", "especie_ot": null, "fecha": "2026-05-18T00:00:00", "hora": "09:19", "observacio": null, "CreationDa": "2026-05-26T00:00:00", "Creator": null, "EditDate": "2026-05-26T00:00:00", "Editor": null, "consumo_fu": "no", "guardarecu": null, "municipio1": null, "cant_pino": 3, "cant_cipre": 0, "cant_aliso": 0, "cant_encin": 0, "cant_palo_": 0, "cant_cajet": 0, "cant_madro": 0, "cant_mano_": 0, "cant_matil": 0, "cant_aguac": 0, "cant_casua": 0, "cant_otro": 0 }, "geometry": { "type": "Point", "coordinates": [ -91.32431167, 14.71843333 ] } },
{ "type": "Feature", "properties": { "globalid": "1f175a3d-3e03-4c51-92e9-bb7f12e46637", "nombre_gua": "Santos Maurico Vicente Mendoza", "region": "Altiplano Central", "area_prote": "rumcla", "area_pro_1": null, "municipio_": "Santa Maria Visitación", "municipio": "Santa Maria Visitación", "nombre_usu": null, "referencia": null, "cantidad_a": 0, "especies_t": null, "especie_ot": null, "fecha": "2026-05-21T00:00:00", "hora": null, "observacio": null, "CreationDa": "2026-05-26T00:00:00", "Creator": null, "EditDate": "2026-05-26T00:00:00", "Editor": null, "consumo_fu": "no", "guardarecu": null, "municipio1": null, "cant_pino": 0, "cant_cipre": 0, "cant_aliso": 0, "cant_encin": 0, "cant_palo_": 0, "cant_cajet": 0, "cant_madro": 0, "cant_mano_": 0, "cant_matil": 0, "cant_aguac": 0, "cant_casua": 0, "cant_otro": 0 }, "geometry": { "type": "Point", "coordinates": [ -91.31686, 14.72089833 ] } },
{ "type": "Feature", "properties": { "globalid": "1fe3fbb8-53a0-4970-96f2-b72e26ae5596", "nombre_gua": "Elvis Omar Garcia Andrade", "region": "Altiplano Central", "area_prote": "rumcla", "area_pro_1": null, "municipio_": "San Andrés Semetabaj", "municipio": "San Andrés Semetabaj", "nombre_usu": "Samuel Sicay", "referencia": "Lomas San Andrés Semetabaj", "cantidad_a": 1, "especies_t": "pino", "especie_ot": null, "fecha": "2026-05-26T00:00:00", "hora": "08:10", "observacio": "Se teme que por el clima y los vientos la bifurcacion del pino pueda caer y dañar la infraestructura de la casa.", "CreationDa": "2026-05-26T00:00:00", "Creator": null, "EditDate": "2026-05-26T00:00:00", "Editor": null, "consumo_fu": "no", "guardarecu": null, "municipio1": null, "cant_pino": 1, "cant_cipre": 0, "cant_aliso": 0, "cant_encin": 0, "cant_palo_": 0, "cant_cajet": 0, "cant_madro": 0, "cant_mano_": 0, "cant_matil": 0, "cant_aguac": 0, "cant_casua": 0, "cant_otro": 0 }, "geometry": { "type": "Point", "coordinates": [ -91.14165716, 14.74432112 ] } },
{ "type": "Feature", "properties": { "globalid": "e28cb079-616d-43de-aa9b-79fb7b5f02ba", "nombre_gua": "Emilio Alfonso Chox Can", "region": "Altiplano Central", "area_prote": "rumcla", "area_pro_1": null, "municipio_": "Santa Lucia Utatlán", "municipio": "Santa lucia utatlan", "nombre_usu": null, "referencia": "Chui saquilak.", "cantidad_a": 3, "especies_t": "pino", "especie_ot": null, "fecha": "2026-05-06T00:00:00", "hora": null, "observacio": null, "CreationDa": "2026-05-27T00:00:00", "Creator": null, "EditDate": "2026-05-27T00:00:00", "Editor": null, "consumo_fu": "no", "guardarecu": null, "municipio1": null, "cant_pino": 3, "cant_cipre": 0, "cant_aliso": 0, "cant_encin": 0, "cant_palo_": 0, "cant_cajet": 0, "cant_madro": 0, "cant_mano_": 0, "cant_matil": 0, "cant_aguac": 0, "cant_casua": 0, "cant_otro": 0 }, "geometry": { "type": "Point", "coordinates": [ 0.0, 0.0 ] } },
{ "type": "Feature", "properties": { "globalid": "8b64549a-cd1a-4f04-a5d5-9b3e60847c3d", "nombre_gua": "Heriberto Chavez Chavez", "region": "Altiplano Central", "area_prote": "rumcla", "area_pro_1": null, "municipio_": "Sololá", "municipio": "Sololá", "nombre_usu": "Azucena Celestina Vasquez Tohom", "referencia": "Don amado Aldea Maria tecun alayo", "cantidad_a": 3, "especies_t": "pino", "especie_ot": null, "fecha": "2026-04-29T00:00:00", "hora": "13:45", "observacio": null, "CreationDa": "2026-05-27T00:00:00", "Creator": null, "EditDate": "2026-05-27T00:00:00", "Editor": null, "consumo_fu": "no", "guardarecu": null, "municipio1": null, "cant_pino": 3, "cant_cipre": 0, "cant_aliso": 0, "cant_encin": 0, "cant_palo_": 0, "cant_cajet": 0, "cant_madro": 0, "cant_mano_": 0, "cant_matil": 0, "cant_aguac": 0, "cant_casua": 0, "cant_otro": 0 }, "geometry": { "type": "Point", "coordinates": [ -91.207585, 14.81348 ] } },
{ "type": "Feature", "properties": { "globalid": "b99b801c-5c71-473e-85f9-fa131d125337", "nombre_gua": "Heriberto Chavez Chavez", "region": "Altiplano Central", "area_prote": "rumcla", "area_pro_1": null, "municipio_": "Sololá", "municipio": "Sololá", "nombre_usu": "Graciela Juana Vasquez Tohom", "referencia": "Don amado Aldea Maria Tecun Alayo", "cantidad_a": 3, "especies_t": "pino", "especie_ot": null, "fecha": "2026-04-29T00:00:00", "hora": "14:01", "observacio": null, "CreationDa": "2026-05-27T00:00:00", "Creator": null, "EditDate": "2026-05-27T00:00:00", "Editor": null, "consumo_fu": "no", "guardarecu": null, "municipio1": null, "cant_pino": 3, "cant_cipre": 0, "cant_aliso": 0, "cant_encin": 0, "cant_palo_": 0, "cant_cajet": 0, "cant_madro": 0, "cant_mano_": 0, "cant_matil": 0, "cant_aguac": 0, "cant_casua": 0, "cant_otro": 0 }, "geometry": { "type": "Point", "coordinates": [ -91.20768, 14.81323667 ] } },
{ "type": "Feature", "properties": { "globalid": "5f4c6b11-3f08-4426-a8a1-bf45e49c6433", "nombre_gua": "Heriberto Chavez Chavez", "region": "Altiplano Central", "area_prote": "rumcla", "area_pro_1": null, "municipio_": "Sololá", "municipio": "Sololá", "nombre_usu": "Olga Maria Guarcax Cuxulic", "referencia": "4ta calle 7avenida Barrio San Antonio Zona 1 Sololá", "cantidad_a": 0, "especies_t": "aguacate", "especie_ot": null, "fecha": "2026-04-30T00:00:00", "hora": "09:57", "observacio": null, "CreationDa": "2026-05-27T00:00:00", "Creator": null, "EditDate": "2026-05-27T00:00:00", "Editor": null, "consumo_fu": "no", "guardarecu": null, "municipio1": null, "cant_pino": 0, "cant_cipre": 0, "cant_aliso": 0, "cant_encin": 0, "cant_palo_": 0, "cant_cajet": 0, "cant_madro": 0, "cant_mano_": 0, "cant_matil": 0, "cant_aguac": 3, "cant_casua": 0, "cant_otro": 0 }, "geometry": { "type": "Point", "coordinates": [ -91.18510833, 14.77280833 ] } },
{ "type": "Feature", "properties": { "globalid": "a2d656a8-189e-45b6-a73a-ed10d871e5a1", "nombre_gua": "Diego Martín Ramírez Ixbalan", "region": "Altiplano Central", "area_prote": "rumcla", "area_pro_1": null, "municipio_": "Santiago Atitlán", "municipio": "Santiago Atitlán", "nombre_usu": "Antonio Ixbalan Boron", "referencia": "Canton Panabaj", "cantidad_a": 3, "especies_t": "pino,cipres", "especie_ot": null, "fecha": "2026-05-27T00:00:00", "hora": "13:36", "observacio": "El señor va a votar 2 mata de pino porque torcido y queda los mas rectos y va a cembrar 50 matas en el mismo lugar aqui en COJOL JUYU en el tereni privado", "CreationDa": "2026-05-27T00:00:00", "Creator": null, "EditDate": "2026-05-27T00:00:00", "Editor": null, "consumo_fu": "no", "guardarecu": null, "municipio1": null, "cant_pino": 2, "cant_cipre": 1, "cant_aliso": 0, "cant_encin": 0, "cant_palo_": 0, "cant_cajet": 0, "cant_madro": 0, "cant_mano_": 0, "cant_matil": 0, "cant_aguac": 0, "cant_casua": 0, "cant_otro": 0 }, "geometry": { "type": "Point", "coordinates": [ -91.27578329, 14.62345458 ] } },
{ "type": "Feature", "properties": { "globalid": "e68bcd68-f475-4f06-9857-4d9f7a90b14f", "nombre_gua": "Diego Martín Ramírez Ixbalan", "region": "Altiplano Central", "area_prote": "rumcla", "area_pro_1": null, "municipio_": "Santiago Atitlán", "municipio": "Santiago Atitlán", "nombre_usu": "Gaspar Sapalu Sojuel", "referencia": "ChukMuk 4", "cantidad_a": 7, "especies_t": "otro,aguacate", "especie_ot": "Grabilea", "fecha": "2026-05-27T00:00:00", "hora": "15:50", "observacio": "Ban a botar lo aguacates porque quieren constuir orque al rededor son casas", "CreationDa": "2026-05-27T00:00:00", "Creator": null, "EditDate": "2026-05-27T00:00:00", "Editor": null, "consumo_fu": "no", "guardarecu": null, "municipio1": null, "cant_pino": 0, "cant_cipre": 0, "cant_aliso": 0, "cant_encin": 0, "cant_palo_": 0, "cant_cajet": 0, "cant_madro": 0, "cant_mano_": 0, "cant_matil": 0, "cant_aguac": 6, "cant_casua": 0, "cant_otro": 1 }, "geometry": { "type": "Point", "coordinates": [ -91.20856138, 14.65556583 ] } },
{ "type": "Feature", "properties": { "globalid": "b2b15323-4d55-4baa-b1bf-c7e6f66a615a", "nombre_gua": "Edgar Bartolo Batín Navichoc", "region": "Altiplano Central", "area_prote": "rumcla", "area_pro_1": null, "municipio_": "San Pedro La Laguna", "municipio": "San Pedro La Laguna", "nombre_usu": "Ottilia Mendez Rocche", "referencia": "Chuachumil San Pedro La Laguna", "cantidad_a": 3, "especies_t": "pino", "especie_ot": null, "fecha": "2026-05-27T00:00:00", "hora": "12:10", "observacio": null, "CreationDa": "2026-05-28T00:00:00", "Creator": null, "EditDate": "2026-05-28T00:00:00", "Editor": null, "consumo_fu": "no", "guardarecu": null, "municipio1": null, "cant_pino": 3, "cant_cipre": 0, "cant_aliso": 0, "cant_encin": 0, "cant_palo_": 0, "cant_cajet": 0, "cant_madro": 0, "cant_mano_": 0, "cant_matil": 0, "cant_aguac": 0, "cant_casua": 0, "cant_otro": 0 }, "geometry": { "type": "Point", "coordinates": [ -91.28948715, 14.64613918 ] } },
{ "type": "Feature", "properties": { "globalid": "2fa2a22e-abe7-484a-a7c1-92e184c9428f", "nombre_gua": "Henry Regino Méndez Chavajay", "region": "Altiplano Central", "area_prote": "rumcla", "area_pro_1": null, "municipio_": "San Pedro La Laguna", "municipio": "San Pedro La Laguna", "nombre_usu": "jose maria humberto gonzales velasques", "referencia": "paxinabaj", "cantidad_a": 5, "especies_t": "aliso,palo_blanco", "especie_ot": null, "fecha": "2026-05-27T00:00:00", "hora": "11:15", "observacio": "normal", "CreationDa": "2026-05-29T00:00:00", "Creator": null, "EditDate": "2026-05-29T00:00:00", "Editor": null, "consumo_fu": "no", "guardarecu": null, "municipio1": null, "cant_pino": 0, "cant_cipre": 0, "cant_aliso": 4, "cant_encin": 0, "cant_palo_": 1, "cant_cajet": 0, "cant_madro": 0, "cant_mano_": 0, "cant_matil": 0, "cant_aguac": 0, "cant_casua": 0, "cant_otro": 0 }, "geometry": { "type": "Point", "coordinates": [ -91.27817272, 14.6606471 ] } },
{ "type": "Feature", "properties": { "globalid": "57a3ded9-58f2-47a5-9c5d-64354db33d15", "nombre_gua": "Bernabé López Sajvín", "region": "Altiplano Central", "area_prote": "rumcla", "area_pro_1": null, "municipio_": "Santa Catarina Palopó", "municipio": "Santa Catarina Palopó", "nombre_usu": "Pedro Nimacachi Xajil", "referencia": "Dentro del caserio pacaman, santa catarina palopo", "cantidad_a": 3, "especies_t": "pino,cipres", "especie_ot": null, "fecha": "2026-05-29T00:00:00", "hora": "14:14", "observacio": "Los dos cipreces estan en un punto donde la vivienda del usuario esta en riesgo de caer encima", "CreationDa": "2026-05-29T00:00:00", "Creator": "lisandroalvaradopol_aala", "EditDate": "2026-05-29T00:00:00", "Editor": "lisandroalvaradopol_aala", "consumo_fu": "no", "guardarecu": null, "municipio1": null, "cant_pino": 1, "cant_cipre": 2, "cant_aliso": 0, "cant_encin": 0, "cant_palo_": 0, "cant_cajet": 0, "cant_madro": 0, "cant_mano_": 0, "cant_matil": 0, "cant_aguac": 0, "cant_casua": 0, "cant_otro": 0 }, "geometry": { "type": "Point", "coordinates": [ -91.11750014, 14.70549888 ] } },
{ "type": "Feature", "properties": { "globalid": "0da3d2f7-9879-43da-8fe0-e445e0f811bf", "nombre_gua": "Jose Octavio Xitamul Recinos", "region": "Altiplano Central", "area_prote": "rumcla", "area_pro_1": null, "municipio_": "San José Chacaya", "municipio": "San José Chacaya", "nombre_usu": "Jorge Mendoza Cosigua", "referencia": "Caserio chuacruz", "cantidad_a": 4, "especies_t": "cipres", "especie_ot": null, "fecha": "2026-06-01T00:00:00", "hora": "15:22", "observacio": "Dicho terreno tiene un 10% de inclinacion y no hay nacimiento ni rios cercanos", "CreationDa": "2026-06-02T00:00:00", "Creator": null, "EditDate": "2026-06-02T00:00:00", "Editor": null, "consumo_fu": "no", "guardarecu": null, "municipio1": null, "cant_pino": 0, "cant_cipre": 4, "cant_aliso": 0, "cant_encin": 0, "cant_palo_": 0, "cant_cajet": 0, "cant_madro": 0, "cant_mano_": 0, "cant_matil": 0, "cant_aguac": 0, "cant_casua": 0, "cant_otro": 0 }, "geometry": { "type": "Point", "coordinates": [ -91.21121333, 14.76999833 ] } },
{ "type": "Feature", "properties": { "globalid": "d78c47d3-5c1d-4444-ae82-475e3585d7aa", "nombre_gua": "Edgar Bartolo Batín Navichoc", "region": "Altiplano Central", "area_prote": "rumcla", "area_pro_1": null, "municipio_": "San Pedro La Laguna", "municipio": "San Pedro La Laguna", "nombre_usu": "Lucia Yojcom Gonzalez", "referencia": "Xecruz San Pedro", "cantidad_a": 5, "especies_t": "pino,aliso", "especie_ot": null, "fecha": "2026-06-03T00:00:00", "hora": "15:02", "observacio": null, "CreationDa": "2026-06-04T00:00:00", "Creator": null, "EditDate": "2026-06-04T00:00:00", "Editor": null, "consumo_fu": "no", "guardarecu": null, "municipio1": null, "cant_pino": 1, "cant_cipre": 0, "cant_aliso": 4, "cant_encin": 0, "cant_palo_": 0, "cant_cajet": 0, "cant_madro": 0, "cant_mano_": 0, "cant_matil": 0, "cant_aguac": 0, "cant_casua": 0, "cant_otro": 0 }, "geometry": { "type": "Point", "coordinates": [ -91.29848333, 14.63795333 ] } },
{ "type": "Feature", "properties": { "globalid": "cb9df188-cb68-475b-a7b3-02399f9594c3", "nombre_gua": "Domingo Culum Poron", "region": "Altiplano Central", "area_prote": "rumcla", "area_pro_1": null, "municipio_": "San Pablo La Laguna", "municipio": "San Marcos", "nombre_usu": "Vicente Raul Puzul Mendoza", "referencia": "Bario 3 San Marcos la Laguna", "cantidad_a": 4, "especies_t": "otro", "especie_ot": "Jacaranda", "fecha": "2026-06-10T00:00:00", "hora": "13:06", "observacio": "El arbol esta en un lugar de alto riesgo por que esta cerca de una vivienda", "CreationDa": "2026-06-11T00:00:00", "Creator": null, "EditDate": "2026-06-11T00:00:00", "Editor": null, "consumo_fu": "no", "guardarecu": null, "municipio1": null, "cant_pino": 0, "cant_cipre": 0, "cant_aliso": 0, "cant_encin": 0, "cant_palo_": 0, "cant_cajet": 0, "cant_madro": 0, "cant_mano_": 0, "cant_matil": 0, "cant_aguac": 0, "cant_casua": 0, "cant_otro": 1 }, "geometry": { "type": "Point", "coordinates": [ -91.25916, 14.72512333 ] } },
{ "type": "Feature", "properties": { "globalid": "a46cdf2d-3ec5-45fa-adfb-97a8139a7c29", "nombre_gua": "Edgar Bartolo Batín Navichoc", "region": "Altiplano Central", "area_prote": "rumcla", "area_pro_1": null, "municipio_": "San Pedro La Laguna", "municipio": "San Pedro La Laguna", "nombre_usu": "Nicolas Rocche Cotuc", "referencia": "Chuaquisteel SanPedro La Laguna", "cantidad_a": 2, "especies_t": "pino", "especie_ot": null, "fecha": "2026-06-15T00:00:00", "hora": "13:43", "observacio": "Estos pinos ya tienen gorgojo", "CreationDa": "2026-06-15T00:00:00", "Creator": null, "EditDate": "2026-06-15T00:00:00", "Editor": null, "consumo_fu": "no", "guardarecu": null, "municipio1": null, "cant_pino": 2, "cant_cipre": 0, "cant_aliso": 0, "cant_encin": 0, "cant_palo_": 0, "cant_cajet": 0, "cant_madro": 0, "cant_mano_": 0, "cant_matil": 0, "cant_aguac": 0, "cant_casua": 0, "cant_otro": 0 }, "geometry": { "type": "Point", "coordinates": [ -91.288565, 14.65771833 ] } },
{ "type": "Feature", "properties": { "globalid": "856f5f10-8a80-40f6-97a8-5df4967c5d03", "nombre_gua": "Bernabé López Sajvín", "region": "Altiplano Central", "area_prote": "rumcla", "area_pro_1": null, "municipio_": "Santa Catarina Palopó", "municipio": "Santa Catarina Palopó", "nombre_usu": "Anna Dapolito", "referencia": "Carretera a san antonio palopo, lugar denominado tzan poc", "cantidad_a": 10, "especies_t": "otro", "especie_ot": "Arboles frutales de jocote", "fecha": "2026-05-28T00:00:00", "hora": "09:46", "observacio": "Se talaran los arboles por la cercania de cableado electrico", "CreationDa": "2026-06-20T00:00:00", "Creator": "lisandroalvaradopol_aala", "EditDate": "2026-06-20T00:00:00", "Editor": "lisandroalvaradopol_aala", "consumo_fu": "no", "guardarecu": null, "municipio1": null, "cant_pino": 0, "cant_cipre": 0, "cant_aliso": 0, "cant_encin": 0, "cant_palo_": 0, "cant_cajet": 0, "cant_madro": 0, "cant_mano_": 0, "cant_matil": 0, "cant_aguac": 0, "cant_casua": 0, "cant_otro": 10 }, "geometry": { "type": "Point", "coordinates": [ -91.13084153, 14.71570951 ] } },
{ "type": "Feature", "properties": { "globalid": "e4b85f8c-0fe9-4d9b-a984-6a58959b0424", "nombre_gua": "Edgar Bartolo Batín Navichoc", "region": "Altiplano Central", "area_prote": "rumcla", "area_pro_1": null, "municipio_": "San Pedro La Laguna", "municipio": "San Pedro La Laguna", "nombre_usu": "Jose Bayardo Chavajay Gonzalez", "referencia": "Xecruz San Pedro La Laguna", "cantidad_a": 2, "especies_t": "pino", "especie_ot": null, "fecha": "2026-06-22T00:00:00", "hora": "13:31", "observacio": "Estos pinos ya tienen gorgojo", "CreationDa": "2026-06-22T00:00:00", "Creator": null, "EditDate": "2026-06-22T00:00:00", "Editor": null, "consumo_fu": "no", "guardarecu": null, "municipio1": null, "cant_pino": 2, "cant_cipre": 0, "cant_aliso": 0, "cant_encin": 0, "cant_palo_": 0, "cant_cajet": 0, "cant_madro": 0, "cant_mano_": 0, "cant_matil": 0, "cant_aguac": 0, "cant_casua": 0, "cant_otro": 0 }, "geometry": { "type": "Point", "coordinates": [ -91.29085333, 14.63738333 ] } },
{ "type": "Feature", "properties": { "globalid": "6a29c999-3956-4da8-8e7d-85af8fe75868", "nombre_gua": "Mario César Talé Coché", "region": "Altiplano Central", "area_prote": "rumcla", "area_pro_1": null, "municipio_": "San Antonio Palopó", "municipio": "San Antonio Palopó", "nombre_usu": "Julia mercedes coroxon ramirez", "referencia": "Caserio patzaj", "cantidad_a": 25, "especies_t": "cipres,pino", "especie_ot": null, "fecha": "2026-06-09T00:00:00", "hora": "14:37", "observacio": null, "CreationDa": "2026-06-24T00:00:00", "Creator": null, "EditDate": "2026-06-24T00:00:00", "Editor": null, "consumo_fu": "no", "guardarecu": null, "municipio1": null, "cant_pino": 24, "cant_cipre": 1, "cant_aliso": 0, "cant_encin": 0, "cant_palo_": 0, "cant_cajet": 0, "cant_madro": 0, "cant_mano_": 0, "cant_matil": 0, "cant_aguac": 0, "cant_casua": 0, "cant_otro": 0 }, "geometry": { "type": "Point", "coordinates": [ -91.10759132, 14.70488538 ] } },
{ "type": "Feature", "properties": { "globalid": "8431367b-ca2a-4b6d-aaf4-c32afac2232e", "nombre_gua": "Juan Marcos Saquic", "region": "Altiplano Central", "area_prote": "rumcla", "area_pro_1": null, "municipio_": "Santa Lucia Utatlán", "municipio": "Santa Lucia Utatlán", "nombre_usu": "Cesar Chávez Sosa", "referencia": "Xoljuyup Cantón Chichimúch", "cantidad_a": 0, "especies_t": "pino", "especie_ot": null, "fecha": "2026-06-03T00:00:00", "hora": "08:30", "observacio": null, "CreationDa": "2026-06-24T00:00:00", "Creator": null, "EditDate": "2026-06-24T00:00:00", "Editor": null, "consumo_fu": "no", "guardarecu": null, "municipio1": null, "cant_pino": 3, "cant_cipre": 0, "cant_aliso": 0, "cant_encin": 0, "cant_palo_": 0, "cant_cajet": 0, "cant_madro": 0, "cant_mano_": 0, "cant_matil": 0, "cant_aguac": 0, "cant_casua": 0, "cant_otro": 0 }, "geometry": { "type": "Point", "coordinates": [ -91.26058, 14.76116167 ] } },
{ "type": "Feature", "properties": { "globalid": "132de818-24ff-4cda-9800-3726b0600340", "nombre_gua": "Juan Marcos Saquic", "region": "Altiplano Central", "area_prote": "rumcla", "area_pro_1": null, "municipio_": "Santa Lucia Utatlán", "municipio": "Santa Lucia Utatlán", "nombre_usu": "Silvia Liliana Ruiz", "referencia": "Cerro la Paz, Chichimuch", "cantidad_a": 1, "especies_t": "pino", "especie_ot": null, "fecha": "2026-06-15T00:00:00", "hora": "08:44", "observacio": "El pino mide 356.", "CreationDa": "2026-06-24T00:00:00", "Creator": null, "EditDate": "2026-06-24T00:00:00", "Editor": null, "consumo_fu": "no", "guardarecu": null, "municipio1": null, "cant_pino": 1, "cant_cipre": 0, "cant_aliso": 0, "cant_encin": 0, "cant_palo_": 0, "cant_cajet": 0, "cant_madro": 0, "cant_mano_": 0, "cant_matil": 0, "cant_aguac": 0, "cant_casua": 0, "cant_otro": 0 }, "geometry": { "type": "Point", "coordinates": [ -91.26947333, 14.77148667 ] } },
{ "type": "Feature", "properties": { "globalid": "7cc5c738-48e9-4c96-b43a-e46e3eff3d40", "nombre_gua": "Heriberto Chavez Chavez", "region": "Altiplano Central", "area_prote": "rumcla", "area_pro_1": null, "municipio_": "Sololá", "municipio": "Sololá", "nombre_usu": "Esteban Tumax Juarez", "referencia": "Aldea Maria Taecun Alayo", "cantidad_a": 0, "especies_t": "pino,encino,aliso", "especie_ot": null, "fecha": "2026-05-27T00:00:00", "hora": null, "observacio": null, "CreationDa": "2026-06-25T00:00:00", "Creator": null, "EditDate": "2026-06-25T00:00:00", "Editor": null, "consumo_fu": "no", "guardarecu": null, "municipio1": null, "cant_pino": 0, "cant_cipre": 0, "cant_aliso": 0, "cant_encin": 0, "cant_palo_": 0, "cant_cajet": 0, "cant_madro": 0, "cant_mano_": 0, "cant_matil": 0, "cant_aguac": 0, "cant_casua": 0, "cant_otro": 0 }, "geometry": { "type": "Point", "coordinates": [ -91.209395, 14.81409 ] } },
{ "type": "Feature", "properties": { "globalid": "7e202456-32f1-46c8-a31b-681859da684f", "nombre_gua": "Heriberto Chavez Chavez", "region": "Altiplano Central", "area_prote": "rumcla", "area_pro_1": null, "municipio_": "Sololá", "municipio": "Sololá", "nombre_usu": "Rosa Maria Tiu Menchu", "referencia": "Sector los cipresales aldea maria tecun alayo", "cantidad_a": 3, "especies_t": null, "especie_ot": null, "fecha": "2026-05-27T00:00:00", "hora": "13:06", "observacio": null, "CreationDa": "2026-06-25T00:00:00", "Creator": null, "EditDate": "2026-06-25T00:00:00", "Editor": null, "consumo_fu": "no", "guardarecu": null, "municipio1": null, "cant_pino": 0, "cant_cipre": 0, "cant_aliso": 0, "cant_encin": 0, "cant_palo_": 0, "cant_cajet": 0, "cant_madro": 0, "cant_mano_": 0, "cant_matil": 0, "cant_aguac": 0, "cant_casua": 0, "cant_otro": 0 }, "geometry": { "type": "Point", "coordinates": [ -91.20214167, 14.80573833 ] } },
{ "type": "Feature", "properties": { "globalid": "09f57aeb-e6d7-4417-a974-1b8968bade3f", "nombre_gua": "Heriberto Chavez Chavez", "region": "Altiplano Central", "area_prote": "rumcla", "area_pro_1": null, "municipio_": "Sololá", "municipio": "Chichicastenango sector Guarquez", "nombre_usu": "Representante del comite Jose Tiriquiz Tuniguar", "referencia": "Sector Guarquez Camanchaj Chichicastenango", "cantidad_a": 18, "especies_t": "aliso,encino,madron", "especie_ot": null, "fecha": "2026-05-28T00:00:00", "hora": "11:26", "observacio": null, "CreationDa": "2026-06-25T00:00:00", "Creator": null, "EditDate": "2026-06-25T00:00:00", "Editor": null, "consumo_fu": "si", "guardarecu": "Heriberto Chavez Chavez", "municipio1": "Chichicastenango", "cant_pino": 0, "cant_cipre": 0, "cant_aliso": 0, "cant_encin": 0, "cant_palo_": 0, "cant_cajet": 0, "cant_madro": 0, "cant_mano_": 0, "cant_matil": 0, "cant_aguac": 0, "cant_casua": 0, "cant_otro": 0 }, "geometry": { "type": "Point", "coordinates": [ -91.12041667, 14.87523833 ] } },
{ "type": "Feature", "properties": { "globalid": "ceeb4c96-aef7-4c2d-997d-96ecbe734351", "nombre_gua": "Heriberto Chavez Chavez", "region": "Altiplano Central", "area_prote": "rumcla", "area_pro_1": null, "municipio_": "Sololá", "municipio": "Sololá", "nombre_usu": "Luis René Balux Tzay", "referencia": "Colonia mira linda Sololá", "cantidad_a": 0, "especies_t": "aliso,otro", "especie_ot": null, "fecha": "2026-05-28T00:00:00", "hora": "14:48", "observacio": null, "CreationDa": "2026-06-25T00:00:00", "Creator": null, "EditDate": "2026-06-25T00:00:00", "Editor": null, "consumo_fu": "no", "guardarecu": null, "municipio1": null, "cant_pino": 0, "cant_cipre": 0, "cant_aliso": 4, "cant_encin": 0, "cant_palo_": 0, "cant_cajet": 0, "cant_madro": 0, "cant_mano_": 0, "cant_matil": 0, "cant_aguac": 0, "cant_casua": 0, "cant_otro": 0 }, "geometry": { "type": "Point", "coordinates": [ -91.18803, 14.7687 ] } },
{ "type": "Feature", "properties": { "globalid": "6b3ecce9-afd2-4248-b5c1-2cc14fe5e69f", "nombre_gua": "Diego Martín Ramírez Ixbalan", "region": "Altiplano Central", "area_prote": "rumcla", "area_pro_1": null, "municipio_": "Santiago Atitlán", "municipio": "Santiago Atitlán", "nombre_usu": "Diego Cacain Mendoza", "referencia": "Canton Panabaj Sector Yool", "cantidad_a": 3, "especies_t": "pino", "especie_ot": null, "fecha": "2026-06-25T00:00:00", "hora": "10:42", "observacio": "Se talá porque esta saliendo girgojo por eso el señor lo quiere sacar", "CreationDa": "2026-06-25T00:00:00", "Creator": null, "EditDate": "2026-06-25T00:00:00", "Editor": null, "consumo_fu": "no", "guardarecu": null, "municipio1": null, "cant_pino": 3, "cant_cipre": 0, "cant_aliso": 0, "cant_encin": 0, "cant_palo_": 0, "cant_cajet": 0, "cant_madro": 0, "cant_mano_": 0, "cant_matil": 0, "cant_aguac": 0, "cant_casua": 0, "cant_otro": 0 }, "geometry": { "type": "Point", "coordinates": [ -91.20571572, 14.60198017 ] } },
{ "type": "Feature", "properties": { "globalid": "a1399f55-4a17-4e3e-b2ef-3e93b3f9868c", "nombre_gua": "Cornelio Marco Antonio Perechú Tzep", "region": "Altiplano Central", "area_prote": "rumcla", "area_pro_1": null, "municipio_": "Nahuala", "municipio": "Nahuala", "nombre_usu": "Pedro Guarchaj Ixmata", "referencia": "Xe Xot", "cantidad_a": 23, "especies_t": "pino", "especie_ot": null, "fecha": "2026-06-30T00:00:00", "hora": "10:20", "observacio": null, "CreationDa": "2026-06-30T00:00:00", "Creator": null, "EditDate": "2026-06-30T00:00:00", "Editor": null, "consumo_fu": "no", "guardarecu": null, "municipio1": null, "cant_pino": 23, "cant_cipre": 0, "cant_aliso": 0, "cant_encin": 0, "cant_palo_": 0, "cant_cajet": 0, "cant_madro": 0, "cant_mano_": 0, "cant_matil": 0, "cant_aguac": 0, "cant_casua": 0, "cant_otro": 0 }, "geometry": { "type": "Point", "coordinates": [ -91.28900251, 14.8524839 ] } },
{ "type": "Feature", "properties": { "globalid": "db8e9bd5-3906-4fdf-83c6-3025d5d59f7c", "nombre_gua": "Antonio Federico Tzaj Y Tzaj", "region": "Altiplano Central", "area_prote": "rumcla", "area_pro_1": null, "municipio_": "Nahuala", "municipio": "Nahuala", "nombre_usu": "Juan Victotiano Ecoquij Tziqiin", "referencia": "Chua pila Xe Tzajnaq Cho", "cantidad_a": 12, "especies_t": "pino", "especie_ot": null, "fecha": "2026-06-30T00:00:00", "hora": "09:09", "observacio": null, "CreationDa": "2026-07-01T00:00:00", "Creator": null, "EditDate": "2026-07-01T00:00:00", "Editor": null, "consumo_fu": "no", "guardarecu": null, "municipio1": null, "cant_pino": 12, "cant_cipre": 0, "cant_aliso": 0, "cant_encin": 0, "cant_palo_": 0, "cant_cajet": 0, "cant_madro": 0, "cant_mano_": 0, "cant_matil": 0, "cant_aguac": 0, "cant_casua": 0, "cant_otro": 0 }, "geometry": { "type": "Point", "coordinates": [ -91.29101402, 14.83443312 ] } },
{ "type": "Feature", "properties": { "globalid": "e744c57d-9a1a-4634-a3b9-7b11bf43abdd", "nombre_gua": "Henry Regino Méndez Chavajay", "region": "Altiplano Central", "area_prote": "rumcla", "area_pro_1": null, "municipio_": "San Pedro La Laguna", "municipio": "San Pedro La Laguna", "nombre_usu": "jose maria gonzalez mendez", "referencia": "chukisteel", "cantidad_a": 2, "especies_t": "pino", "especie_ot": null, "fecha": "2026-07-01T00:00:00", "hora": "11:00", "observacio": "normal", "CreationDa": "2026-07-01T00:00:00", "Creator": null, "EditDate": "2026-07-01T00:00:00", "Editor": null, "consumo_fu": "no", "guardarecu": null, "municipio1": null, "cant_pino": 2, "cant_cipre": 0, "cant_aliso": 0, "cant_encin": 0, "cant_palo_": 0, "cant_cajet": 0, "cant_madro": 0, "cant_mano_": 0, "cant_matil": 0, "cant_aguac": 0, "cant_casua": 0, "cant_otro": 0 }, "geometry": { "type": "Point", "coordinates": [ -91.28633787, 14.65679268 ] } },
{ "type": "Feature", "properties": { "globalid": "1298f567-0076-4199-a2c1-923ed5d0acea", "nombre_gua": "Antonio Federico Tzaj Y Tzaj", "region": "Altiplano Central", "area_prote": "rumcla", "area_pro_1": null, "municipio_": "Nahuala", "municipio": "Nahuala", "nombre_usu": "Manuela Guachiac Guarchaj", "referencia": "Chua Ja'", "cantidad_a": 0, "especies_t": "pino", "especie_ot": null, "fecha": "2026-07-03T00:00:00", "hora": "07:07", "observacio": "Los aboles son plagadas por el Gorgojo del pino", "CreationDa": "2026-07-03T00:00:00", "Creator": null, "EditDate": "2026-07-03T00:00:00", "Editor": null, "consumo_fu": "no", "guardarecu": null, "municipio1": null, "cant_pino": 22, "cant_cipre": 0, "cant_aliso": 0, "cant_encin": 0, "cant_palo_": 0, "cant_cajet": 0, "cant_madro": 0, "cant_mano_": 0, "cant_matil": 0, "cant_aguac": 0, "cant_casua": 0, "cant_otro": 0 }, "geometry": { "type": "Point", "coordinates": [ -91.29528743, 14.84965672 ] } },
{ "type": "Feature", "properties": { "globalid": "0b8b7ea3-5a45-44d1-a4e8-fdc74b66f1b8", "nombre_gua": "Diego Martín Ramírez Ixbalan", "region": "Altiplano Central", "area_prote": "rumcla", "area_pro_1": null, "municipio_": "Santiago Atitlán", "municipio": "Santiago Atitlán", "nombre_usu": "Migel Xicay Bixcul", "referencia": "San Antonio Chacaya Santiago Atitlan", "cantidad_a": 3, "especies_t": "cipres", "especie_ot": null, "fecha": "2026-07-06T00:00:00", "hora": "16:14", "observacio": "Se tala tres matas de sipres por raleos", "CreationDa": "2026-07-06T00:00:00", "Creator": null, "EditDate": "2026-07-06T00:00:00", "Editor": null, "consumo_fu": "no", "guardarecu": null, "municipio1": null, "cant_pino": 0, "cant_cipre": 3, "cant_aliso": 0, "cant_encin": 0, "cant_palo_": 0, "cant_cajet": 0, "cant_madro": 0, "cant_mano_": 0, "cant_matil": 0, "cant_aguac": 0, "cant_casua": 0, "cant_otro": 0 }, "geometry": { "type": "Point", "coordinates": [ -91.25704798, 14.62041088 ] } },
{ "type": "Feature", "properties": { "globalid": "add2bf10-5827-4447-8d13-5cf58b9f12af", "nombre_gua": "Antonio Federico Tzaj Y Tzaj", "region": "Altiplano Central", "area_prote": "rumcla", "area_pro_1": null, "municipio_": "Nahuala", "municipio": "Nahuala", "nombre_usu": "Lorenso Artemio", "referencia": "Chui kulbalsanto", "cantidad_a": 9, "especies_t": "pino", "especie_ot": null, "fecha": "2026-07-06T00:00:00", "hora": "10:10", "observacio": "Los arboles son plagadas por el gorgojo del pino", "CreationDa": "2026-07-08T00:00:00", "Creator": null, "EditDate": "2026-07-08T00:00:00", "Editor": null, "consumo_fu": "no", "guardarecu": null, "municipio1": null, "cant_pino": 9, "cant_cipre": 0, "cant_aliso": 0, "cant_encin": 0, "cant_palo_": 0, "cant_cajet": 0, "cant_madro": 0, "cant_mano_": 0, "cant_matil": 0, "cant_aguac": 0, "cant_casua": 0, "cant_otro": 0 }, "geometry": { "type": "Point", "coordinates": [ -91.28828905, 14.83442454 ] } },
{ "type": "Feature", "properties": { "globalid": "4be6a45d-4b27-4cc1-8174-05f4d21fe3ab", "nombre_gua": "Jose Octavio Xitamul Recinos", "region": "Altiplano Central", "area_prote": "rumcla", "area_pro_1": null, "municipio_": "San José Chacaya", "municipio": "San José Chacaya", "nombre_usu": "Cruz Ajtzalam Tzep", "referencia": "Villa linda", "cantidad_a": 2, "especies_t": "pino", "especie_ot": null, "fecha": "2026-06-30T00:00:00", "hora": "09:39", "observacio": "Dichis arboles sern para consumo propio", "CreationDa": "2026-07-09T00:00:00", "Creator": null, "EditDate": "2026-07-09T00:00:00", "Editor": null, "consumo_fu": "no", "guardarecu": null, "municipio1": null, "cant_pino": 2, "cant_cipre": 0, "cant_aliso": 0, "cant_encin": 0, "cant_palo_": 0, "cant_cajet": 0, "cant_madro": 0, "cant_mano_": 0, "cant_matil": 0, "cant_aguac": 0, "cant_casua": 0, "cant_otro": 0 }, "geometry": { "type": "Point", "coordinates": [ -91.23217667, 14.79832167 ] } },
{ "type": "Feature", "properties": { "globalid": "f18d56c1-8ac5-400a-90f7-e4992c237199", "nombre_gua": "Antonio Federico Tzaj Y Tzaj", "region": "Altiplano Central", "area_prote": "rumcla", "area_pro_1": null, "municipio_": "Nahuala", "municipio": "Nahuala", "nombre_usu": "Antonio Ajqui Tziquin", "referencia": "Chui Tinamit", "cantidad_a": 0, "especies_t": "pino", "especie_ot": null, "fecha": "2026-07-13T00:00:00", "hora": "11:02", "observacio": "Los arboles son plagadas por el Gorgojo del pino", "CreationDa": "2026-07-13T00:00:00", "Creator": null, "EditDate": "2026-07-13T00:00:00", "Editor": null, "consumo_fu": "no", "guardarecu": null, "municipio1": null, "cant_pino": 50, "cant_cipre": 0, "cant_aliso": 0, "cant_encin": 0, "cant_palo_": 0, "cant_cajet": 0, "cant_madro": 0, "cant_mano_": 0, "cant_matil": 0, "cant_aguac": 0, "cant_casua": 0, "cant_otro": 0 }, "geometry": { "type": "Point", "coordinates": [ -91.32029048, 14.87166706 ] } },
{ "type": "Feature", "properties": { "globalid": "5ff60b61-00fd-4a81-8061-3da177b57f66", "nombre_gua": "Antonio Federico Tzaj Y Tzaj", "region": "Altiplano Central", "area_prote": "rumcla", "area_pro_1": null, "municipio_": "Nahuala", "municipio": "Nahuala", "nombre_usu": "Domingo Rajpop Tambriz", "referencia": "XE TZAJNAQ CHO POP ABAJ", "cantidad_a": 10, "especies_t": "pino", "especie_ot": null, "fecha": "2026-07-14T00:00:00", "hora": "14:49", "observacio": null, "CreationDa": "2026-07-14T00:00:00", "Creator": null, "EditDate": "2026-07-14T00:00:00", "Editor": null, "consumo_fu": "no", "guardarecu": null, "municipio1": null, "cant_pino": 10, "cant_cipre": 0, "cant_aliso": 0, "cant_encin": 0, "cant_palo_": 0, "cant_cajet": 0, "cant_madro": 0, "cant_mano_": 0, "cant_matil": 0, "cant_aguac": 0, "cant_casua": 0, "cant_otro": 0 }, "geometry": { "type": "Point", "coordinates": [ -91.29060404, 14.84125391 ] } },
{ "type": "Feature", "properties": { "globalid": "2556e4a7-271f-4e30-b98e-29251b56615b", "nombre_gua": "Diego Martín Ramírez Ixbalan", "region": "Altiplano Central", "area_prote": "rumcla", "area_pro_1": null, "municipio_": "Santiago Atitlán", "municipio": "Santiago Atitlán", "nombre_usu": "Salvador Xicay Tacaxoy", "referencia": "Canton Tzanchaj", "cantidad_a": 2, "especies_t": "pino", "especie_ot": null, "fecha": "2026-07-14T00:00:00", "hora": "16:15", "observacio": null, "CreationDa": "2026-07-14T00:00:00", "Creator": null, "EditDate": "2026-07-14T00:00:00", "Editor": null, "consumo_fu": "no", "guardarecu": null, "municipio1": null, "cant_pino": 2, "cant_cipre": 0, "cant_aliso": 0, "cant_encin": 0, "cant_palo_": 0, "cant_cajet": 0, "cant_madro": 0, "cant_mano_": 0, "cant_matil": 0, "cant_aguac": 0, "cant_casua": 0, "cant_otro": 0 }, "geometry": { "type": "Point", "coordinates": [ -91.2718238, 14.62756339 ] } },
{ "type": "Feature", "properties": { "globalid": "72bcedb3-a09e-4016-8275-8f4aa8fbce59", "nombre_gua": "Diego Martín Ramírez Ixbalan", "region": "Altiplano Central", "area_prote": "rumcla", "area_pro_1": null, "municipio_": "Santiago Atitlán", "municipio": "Santiago Atitlán", "nombre_usu": "Antonio Sol Choy", "referencia": "Cojol Juyu", "cantidad_a": 0, "especies_t": "pino", "especie_ot": null, "fecha": "2026-07-15T00:00:00", "hora": "08:42", "observacio": "Es un raleo que tiene 18  años", "CreationDa": "2026-07-15T00:00:00", "Creator": null, "EditDate": "2026-07-15T00:00:00", "Editor": null, "consumo_fu": "no", "guardarecu": null, "municipio1": null, "cant_pino": 2, "cant_cipre": 0, "cant_aliso": 0, "cant_encin": 0, "cant_palo_": 0, "cant_cajet": 0, "cant_madro": 0, "cant_mano_": 0, "cant_matil": 0, "cant_aguac": 0, "cant_casua": 0, "cant_otro": 0 }, "geometry": { "type": "Point", "coordinates": [ -91.27661086, 14.62830633 ] } },
{ "type": "Feature", "properties": { "globalid": "337adf14-668b-41fc-896a-e4d86d118dbf", "nombre_gua": "Henry Regino Méndez Chavajay", "region": "Altiplano Central", "area_prote": "rumcla", "area_pro_1": null, "municipio_": "San Pedro La Laguna", "municipio": "San Pedro La Laguna", "nombre_usu": "albertina rodriguez pop", "referencia": "tiaqpobon", "cantidad_a": 4, "especies_t": "pino", "especie_ot": null, "fecha": "2026-07-20T00:00:00", "hora": "12:58", "observacio": "normal", "CreationDa": "2026-07-20T00:00:00", "Creator": null, "EditDate": "2026-07-20T00:00:00", "Editor": null, "consumo_fu": "no", "guardarecu": null, "municipio1": null, "cant_pino": 4, "cant_cipre": 0, "cant_aliso": 0, "cant_encin": 0, "cant_palo_": 0, "cant_cajet": 0, "cant_madro": 0, "cant_mano_": 0, "cant_matil": 0, "cant_aguac": 0, "cant_casua": 0, "cant_otro": 0 }, "geometry": { "type": "Point", "coordinates": [ -91.28186063, 14.65824013 ] } },
{ "type": "Feature", "properties": { "globalid": "e9b10c5d-eefc-4ba3-828f-c2ff852a466f", "nombre_gua": "Jorge Solis Xingo", "region": "Altiplano Central", "area_prote": "rumcla", "area_pro_1": null, "municipio_": "Panajachel", "municipio": "Panajachel", "nombre_usu": "Silvana Lili Villatoro Sicay", "referencia": "Colonia Santa Macaria municipio Panajachel", "cantidad_a": 2, "especies_t": "cipres,otro", "especie_ot": "Arbol de Jocote", "fecha": "2026-07-21T00:00:00", "hora": "09:29", "observacio": "Se le recomendo a la propietaria a no lastimar los demas arboles que se encuentran al rededor al realizar la tala", "CreationDa": "2026-07-22T00:00:00", "Creator": null, "EditDate": "2026-07-22T00:00:00", "Editor": null, "consumo_fu": "no", "guardarecu": null, "municipio1": null, "cant_pino": 0, "cant_cipre": 1, "cant_aliso": 0, "cant_encin": 0, "cant_palo_": 0, "cant_cajet": 0, "cant_madro": 0, "cant_mano_": 0, "cant_matil": 0, "cant_aguac": 0, "cant_casua": 0, "cant_otro": 1 }, "geometry": { "type": "Point", "coordinates": [ -91.14328127, 14.75062795 ] } },
{ "type": "Feature", "properties": { "globalid": "624ddcb9-2807-4554-8ff5-de27da937dab", "nombre_gua": "Antonio Federico Tzaj Y Tzaj", "region": "Altiplano Central", "area_prote": "rumcla", "area_pro_1": null, "municipio_": "Nahuala", "municipio": "Nahuala", "nombre_usu": null, "referencia": "Diego Catinac Ixmata", "cantidad_a": 16, "especies_t": "pino", "especie_ot": null, "fecha": "2026-07-24T00:00:00", "hora": "14:08", "observacio": null, "CreationDa": "2026-07-24T00:00:00", "Creator": null, "EditDate": "2026-07-24T00:00:00", "Editor": null, "consumo_fu": "no", "guardarecu": null, "municipio1": null, "cant_pino": 16, "cant_cipre": 0, "cant_aliso": 0, "cant_encin": 0, "cant_palo_": 0, "cant_cajet": 0, "cant_madro": 0, "cant_mano_": 0, "cant_matil": 0, "cant_aguac": 0, "cant_casua": 0, "cant_otro": 0 }, "geometry": { "type": "Point", "coordinates": [ -91.29443675, 14.85239798 ] } },
{ "type": "Feature", "properties": { "globalid": "92ad0a84-6d69-4706-ab09-047cdb3c935b", "nombre_gua": "Antonio Federico Tzaj Y Tzaj", "region": "Altiplano Central", "area_prote": "rumcla", "area_pro_1": null, "municipio_": "Nahuala", "municipio": "Nahuala", "nombre_usu": "Manuel Tambriz Carac", "referencia": "Xumab", "cantidad_a": 34, "especies_t": "pino", "especie_ot": null, "fecha": "2026-07-24T00:00:00", "hora": "16:04", "observacio": null, "CreationDa": "2026-07-24T00:00:00", "Creator": null, "EditDate": "2026-07-24T00:00:00", "Editor": null, "consumo_fu": "no", "guardarecu": null, "municipio1": null, "cant_pino": 34, "cant_cipre": 0, "cant_aliso": 0, "cant_encin": 0, "cant_palo_": 0, "cant_cajet": 0, "cant_madro": 0, "cant_mano_": 0, "cant_matil": 0, "cant_aguac": 0, "cant_casua": 0, "cant_otro": 0 }, "geometry": { "type": "Point", "coordinates": [ -91.30763163, 14.83780563 ] } },
{ "type": "Feature", "properties": { "globalid": "99742833-ca17-4c34-bbed-dc3ce8e88f2b", "nombre_gua": "Francisco Sicay Icaj", "region": "Altiplano Central", "area_prote": "rumcla", "area_pro_1": null, "municipio_": "Santiago Atitlán", "municipio": "Santiago Atitlán", "nombre_usu": "Valerio Choy Chiyal", "referencia": "Área privada denominada Chu Joob'", "cantidad_a": 2, "especies_t": "pino", "especie_ot": null, "fecha": "2026-07-14T00:00:00", "hora": "09:28", "observacio": null, "CreationDa": "2026-07-26T00:00:00", "Creator": null, "EditDate": "2026-07-26T00:00:00", "Editor": null, "consumo_fu": "no", "guardarecu": null, "municipio1": null, "cant_pino": 2, "cant_cipre": 0, "cant_aliso": 0, "cant_encin": 0, "cant_palo_": 0, "cant_cajet": 0, "cant_madro": 0, "cant_mano_": 0, "cant_matil": 0, "cant_aguac": 0, "cant_casua": 0, "cant_otro": 0 }, "geometry": { "type": "Point", "coordinates": [ -91.27935821, 14.63260663 ] } },
{ "type": "Feature", "properties": { "globalid": "373fdd27-2d64-46fb-8dec-8d1b274fbdb8", "nombre_gua": "Juan Marcos Saquic", "region": "Altiplano Central", "area_prote": "rumcla", "area_pro_1": null, "municipio_": "Santa Lucia Utatlán", "municipio": "Santa Lucia Utatlán", "nombre_usu": "Domingo Xitamul Tay", "referencia": "Xoljuyup Canton Chuchexic", "cantidad_a": 0, "especies_t": "pino", "especie_ot": null, "fecha": "2026-07-15T00:00:00", "hora": "09:05", "observacio": "Tiene una pendiente de 40% de inclinacion", "CreationDa": "2026-07-28T00:00:00", "Creator": null, "EditDate": "2026-07-28T00:00:00", "Editor": null, "consumo_fu": "no", "guardarecu": null, "municipio1": null, "cant_pino": 4, "cant_cipre": 0, "cant_aliso": 0, "cant_encin": 0, "cant_palo_": 0, "cant_cajet": 0, "cant_madro": 0, "cant_mano_": 0, "cant_matil": 0, "cant_aguac": 0, "cant_casua": 0, "cant_otro": 0 }, "geometry": { "type": "Point", "coordinates": [ -91.26380167, 14.80016833 ] } },
{ "type": "Feature", "properties": { "globalid": "23bdbd1a-df9f-40da-ad87-8b547ad41118", "nombre_gua": "Heriberto Chavez Chavez", "region": "Altiplano Central", "area_prote": "rumcla", "area_pro_1": null, "municipio_": "Sololá", "municipio": "Sololá", "nombre_usu": "Intercop RL", "referencia": "Barrio San Bartolo Solola", "cantidad_a": 0, "especies_t": "aliso", "especie_ot": null, "fecha": "2026-07-20T00:00:00", "hora": "10:35", "observacio": null, "CreationDa": "2026-07-28T00:00:00", "Creator": null, "EditDate": "2026-07-28T00:00:00", "Editor": null, "consumo_fu": "no", "guardarecu": null, "municipio1": null, "cant_pino": 0, "cant_cipre": 0, "cant_aliso": 3, "cant_encin": 0, "cant_palo_": 0, "cant_cajet": 0, "cant_madro": 0, "cant_mano_": 0, "cant_matil": 0, "cant_aguac": 0, "cant_casua": 0, "cant_otro": 0 }, "geometry": { "type": "Point", "coordinates": [ -91.183435, 14.76712 ] } },
{ "type": "Feature", "properties": { "globalid": "942a3a24-d612-4a1e-9b85-09e765deb2ba", "nombre_gua": "Heriberto Chavez Chavez", "region": "Altiplano Central", "area_prote": "rumcla", "area_pro_1": null, "municipio_": "Sololá", "municipio": "Sololá", "nombre_usu": "Maria Teresa Iboy Chiroy", "referencia": "Aldea Chuaxic Solola", "cantidad_a": 4, "especies_t": "encino,otro", "especie_ot": "Ficus", "fecha": "2026-07-22T00:00:00", "hora": "15:28", "observacio": null, "CreationDa": "2026-07-28T00:00:00", "Creator": null, "EditDate": "2026-07-28T00:00:00", "Editor": null, "consumo_fu": "no", "guardarecu": null, "municipio1": null, "cant_pino": 0, "cant_cipre": 0, "cant_aliso": 0, "cant_encin": 1, "cant_palo_": 0, "cant_cajet": 0, "cant_madro": 0, "cant_mano_": 0, "cant_matil": 0, "cant_aguac": 0, "cant_casua": 0, "cant_otro": 2 }, "geometry": { "type": "Point", "coordinates": [ -91.199525, 14.77467167 ] } },
{ "type": "Feature", "properties": { "globalid": "5ea521eb-744c-4c9f-a374-a4bc25257064", "nombre_gua": null, "region": "Altiplano Central", "area_prote": "rumcla", "area_pro_1": null, "municipio_": null, "municipio": null, "nombre_usu": null, "referencia": null, "cantidad_a": 0, "especies_t": null, "especie_ot": null, "fecha": "2026-07-06T00:00:00", "hora": null, "observacio": null, "CreationDa": "2026-08-03T00:00:00", "Creator": null, "EditDate": "2026-08-03T00:00:00", "Editor": null, "consumo_fu": null, "guardarecu": null, "municipio1": null, "cant_pino": 0, "cant_cipre": 0, "cant_aliso": 0, "cant_encin": 0, "cant_palo_": 0, "cant_cajet": 0, "cant_madro": 0, "cant_mano_": 0, "cant_matil": 0, "cant_aguac": 0, "cant_casua": 0, "cant_otro": 0 }, "geometry": { "type": "Point", "coordinates": [ -91.31338222, 14.68106396 ] } },
{ "type": "Feature", "properties": { "globalid": "084d4e46-f2ca-44f0-ad8c-2ab5f6ac4134", "nombre_gua": "Juan Esdras Ajpacaja Saloj", "region": "Altiplano Central", "area_prote": "rumcla", "area_pro_1": null, "municipio_": "San Juan La Laguna", "municipio": "San Juan La Laguna", "nombre_usu": "Ignacia Bixcul Raxic", "referencia": "Alea Aldea Palestina ,San Juan La Laguna5", "cantidad_a": 0, "especies_t": "aliso", "especie_ot": null, "fecha": "2026-08-03T00:00:00", "hora": "12:43", "observacio": "Consumo Familiar", "CreationDa": "2026-08-03T00:00:00", "Creator": null, "EditDate": "2026-08-03T00:00:00", "Editor": null, "consumo_fu": "si", "guardarecu": "Juan Esdras Ajpacaja Saloj", "municipio1": "San Juan La Laguna", "cant_pino": 0, "cant_cipre": 0, "cant_aliso": 5, "cant_encin": 0, "cant_palo_": 0, "cant_cajet": 0, "cant_madro": 0, "cant_mano_": 0, "cant_matil": 0, "cant_aguac": 0, "cant_casua": 0, "cant_otro": 0 }, "geometry": { "type": "Point", "coordinates": [ -91.30949226, 14.67954558 ] } },
{ "type": "Feature", "properties": { "globalid": "e9dd79cf-a09d-46b7-bd05-2be4206fd02a", "nombre_gua": "Mario César Talé Coché", "region": "Altiplano Central", "area_prote": "rumcla", "area_pro_1": null, "municipio_": "San Antonio Palopó", "municipio": "San Antonio Palopó", "nombre_usu": "Juliana julajuj", "referencia": "Canton san gabriel, pa  cha,j", "cantidad_a": 1, "especies_t": "pino", "especie_ot": null, "fecha": "2026-08-03T00:00:00", "hora": "12:22", "observacio": null, "CreationDa": "2026-08-05T00:00:00", "Creator": null, "EditDate": "2026-08-05T00:00:00", "Editor": null, "consumo_fu": "no", "guardarecu": null, "municipio1": null, "cant_pino": 1, "cant_cipre": 0, "cant_aliso": 0, "cant_encin": 0, "cant_palo_": 0, "cant_cajet": 0, "cant_madro": 0, "cant_mano_": 0, "cant_matil": 0, "cant_aguac": 0, "cant_casua": 0, "cant_otro": 0 }, "geometry": { "type": "Point", "coordinates": [ -91.12141152, 14.63632308 ] } },
{ "type": "Feature", "properties": { "globalid": "86cb8f38-f173-4e41-84ff-1ec017c3f15d", "nombre_gua": "Mario César Talé Coché", "region": "Altiplano Central", "area_prote": "rumcla", "area_pro_1": null, "municipio_": "San Antonio Palopó", "municipio": "San Antonio Palopó", "nombre_usu": "Manuel sanchez sulugui", "referencia": "Ubicado en canton san gabriel", "cantidad_a": 9, "especies_t": "aguacate,otro", "especie_ot": "Grabilea, cuxin, lapa", "fecha": "2026-08-03T00:00:00", "hora": "09:48", "observacio": null, "CreationDa": "2026-08-05T00:00:00", "Creator": null, "EditDate": "2026-08-05T00:00:00", "Editor": null, "consumo_fu": "no", "guardarecu": null, "municipio1": null, "cant_pino": 0, "cant_cipre": 0, "cant_aliso": 0, "cant_encin": 0, "cant_palo_": 0, "cant_cajet": 0, "cant_madro": 0, "cant_mano_": 0, "cant_matil": 0, "cant_aguac": 3, "cant_casua": 0, "cant_otro": 6 }, "geometry": { "type": "Point", "coordinates": [ -91.11942463, 14.63994499 ] } },
{ "type": "Feature", "properties": { "globalid": "181a3084-84f2-4fb7-b784-675fd4b9ae99", "nombre_gua": "Antonio Federico Tzaj Y Tzaj", "region": "Altiplano Central", "area_prote": "rumcla", "area_pro_1": null, "municipio_": "Nahuala", "municipio": "Nahuala", "nombre_usu": "Pascual Cocom Ajtzalam", "referencia": "Chuisibache  Chua Nima Juyub.", "cantidad_a": 0, "especies_t": "pino,aliso", "especie_ot": null, "fecha": "2026-08-07T00:00:00", "hora": "09:24", "observacio": null, "CreationDa": "2026-08-07T00:00:00", "Creator": null, "EditDate": "2026-08-07T00:00:00", "Editor": null, "consumo_fu": "no", "guardarecu": null, "municipio1": null, "cant_pino": 3, "cant_cipre": 0, "cant_aliso": 47, "cant_encin": 0, "cant_palo_": 0, "cant_cajet": 0, "cant_madro": 0, "cant_mano_": 0, "cant_matil": 0, "cant_aguac": 0, "cant_casua": 0, "cant_otro": 0 }, "geometry": { "type": "Point", "coordinates": [ -91.30799021, 14.80262477 ] } },
{ "type": "Feature", "properties": { "globalid": "d7d43c37-7d05-4c1d-a1d1-4fe7dc3bd6b7", "nombre_gua": "Diego Martín Ramírez Ixbalan", "region": "Altiplano Central", "area_prote": "rumcla", "area_pro_1": null, "municipio_": "Santiago Atitlán", "municipio": "Santiago Atitlán", "nombre_usu": "Nicolas Culan Tuiz", "referencia": "Aldea San Antonio", "cantidad_a": 2, "especies_t": "cipres", "especie_ot": null, "fecha": "2026-08-10T00:00:00", "hora": "16:52", "observacio": "Esta cerrca de la carretera que va a San Pedro Lalaguna", "CreationDa": "2026-08-10T00:00:00", "Creator": null, "EditDate": "2026-08-10T00:00:00", "Editor": null, "consumo_fu": "no", "guardarecu": null, "municipio1": null, "cant_pino": 0, "cant_cipre": 2, "cant_aliso": 0, "cant_encin": 0, "cant_palo_": 0, "cant_cajet": 0, "cant_madro": 0, "cant_mano_": 0, "cant_matil": 0, "cant_aguac": 0, "cant_casua": 0, "cant_otro": 0 }, "geometry": { "type": "Point", "coordinates": [ -91.25747526, 14.61951434 ] } },
{ "type": "Feature", "properties": { "globalid": "9d2f6be7-741f-42ba-aaf0-ee4b7203fafb", "nombre_gua": "Mario César Talé Coché", "region": "Altiplano Central", "area_prote": "rumcla", "area_pro_1": null, "municipio_": "San Antonio Palopó", "municipio": "San Antonio Palopó", "nombre_usu": "Leonso bocel tale⁸", "referencia": "Csnton san gbriel", "cantidad_a": 6, "especies_t": "aguacate", "especie_ot": null, "fecha": "2026-08-03T00:00:00", "hora": "13:28", "observacio": null, "CreationDa": "2026-08-11T00:00:00", "Creator": null, "EditDate": "2026-08-11T00:00:00", "Editor": null, "consumo_fu": "no", "guardarecu": null, "municipio1": null, "cant_pino": 0, "cant_cipre": 0, "cant_aliso": 0, "cant_encin": 0, "cant_palo_": 0, "cant_cajet": 0, "cant_madro": 0, "cant_mano_": 0, "cant_matil": 0, "cant_aguac": 6, "cant_casua": 0, "cant_otro": 0 }, "geometry": { "type": "Point", "coordinates": [ -91.12110038, 14.64144597 ] } },
{ "type": "Feature", "properties": { "globalid": "00c2a3f3-96eb-4b36-b7da-52c453361b6e", "nombre_gua": "Antonio Federico Tzaj Y Tzaj", "region": "Altiplano Central", "area_prote": "rumcla", "area_pro_1": null, "municipio_": "Nahuala", "municipio": "Nahuala", "nombre_usu": "Francisco Guachiac Guarchaj.", "referencia": "Chua ja'", "cantidad_a": 25, "especies_t": "pino", "especie_ot": null, "fecha": "2026-08-11T00:00:00", "hora": "10:06", "observacio": null, "CreationDa": "2026-08-11T00:00:00", "Creator": null, "EditDate": "2026-08-11T00:00:00", "Editor": null, "consumo_fu": "no", "guardarecu": null, "municipio1": null, "cant_pino": 25, "cant_cipre": 0, "cant_aliso": 0, "cant_encin": 0, "cant_palo_": 0, "cant_cajet": 0, "cant_madro": 0, "cant_mano_": 0, "cant_matil": 0, "cant_aguac": 0, "cant_casua": 0, "cant_otro": 0 }, "geometry": { "type": "Point", "coordinates": [ -91.29534426, 14.84994963 ] } },
{ "type": "Feature", "properties": { "globalid": "e4be7fb6-6b06-432a-8ebd-decde53f1225", "nombre_gua": "Elvis Omar Garcia Andrade", "region": "Altiplano Central", "area_prote": "rumcla", "area_pro_1": null, "municipio_": "San Andrés Semetabaj", "municipio": "San Andrés Semetabaj", "nombre_usu": "Jose Cumes", "referencia": "Cserio tocache", "cantidad_a": 1, "especies_t": "pino", "especie_ot": null, "fecha": "2026-08-12T00:00:00", "hora": "09:34", "observacio": "Pino con gorgojo", "CreationDa": "2026-08-12T00:00:00", "Creator": null, "EditDate": "2026-08-12T00:00:00", "Editor": null, "consumo_fu": "no", "guardarecu": null, "municipio1": null, "cant_pino": 1, "cant_cipre": 0, "cant_aliso": 0, "cant_encin": 0, "cant_palo_": 0, "cant_cajet": 0, "cant_madro": 0, "cant_mano_": 0, "cant_matil": 0, "cant_aguac": 0, "cant_casua": 0, "cant_otro": 0 }, "geometry": { "type": "Point", "coordinates": [ -91.11774693, 14.74897512 ] } },
{ "type": "Feature", "properties": { "globalid": "1165a6bb-037c-4718-a15f-966ec8c9ef6b", "nombre_gua": "Mario César Talé Coché", "region": "Altiplano Central", "area_prote": "rumcla", "area_pro_1": null, "municipio_": "San Antonio Palopó", "municipio": "San Antonio Palopó", "nombre_usu": "Antonio muj", "referencia": "Casri0 san jise xiquinabaj", "cantidad_a": 1, "especies_t": "pino", "especie_ot": null, "fecha": "2026-08-11T00:00:00", "hora": "09:56", "observacio": null, "CreationDa": "2026-08-15T00:00:00", "Creator": null, "EditDate": "2026-08-15T00:00:00", "Editor": null, "consumo_fu": "no", "guardarecu": null, "municipio1": null, "cant_pino": 1, "cant_cipre": 0, "cant_aliso": 0, "cant_encin": 0, "cant_palo_": 0, "cant_cajet": 0, "cant_madro": 0, "cant_mano_": 0, "cant_matil": 0, "cant_aguac": 0, "cant_casua": 0, "cant_otro": 0 }, "geometry": { "type": "Point", "coordinates": [ -91.1044968, 14.67946442 ] } },
{ "type": "Feature", "properties": { "globalid": "9a525aba-d238-4bf1-b538-3902df61933f", "nombre_gua": "Antonio Federico Tzaj Y Tzaj", "region": "Altiplano Central", "area_prote": "rumcla", "area_pro_1": null, "municipio_": "Nahuala", "municipio": "Nahuala", "nombre_usu": "Manuel Tum Guarchaj", "referencia": "Chui Nima Jujub", "cantidad_a": 34, "especies_t": "pino", "especie_ot": null, "fecha": "2026-08-14T00:00:00", "hora": "10:06", "observacio": null, "CreationDa": "2026-08-17T00:00:00", "Creator": null, "EditDate": "2026-08-17T00:00:00", "Editor": null, "consumo_fu": "no", "guardarecu": null, "municipio1": null, "cant_pino": 34, "cant_cipre": 0, "cant_aliso": 0, "cant_encin": 0, "cant_palo_": 0, "cant_cajet": 0, "cant_madro": 0, "cant_mano_": 0, "cant_matil": 0, "cant_aguac": 0, "cant_casua": 0, "cant_otro": 0 }, "geometry": { "type": "Point", "coordinates": [ -91.29246525, 14.82063623 ] } },
{ "type": "Feature", "properties": { "globalid": "5509945a-16a7-4007-8013-975d058bacfe", "nombre_gua": "Antonio Federico Tzaj Y Tzaj", "region": "Altiplano Central", "area_prote": "rumcla", "area_pro_1": null, "municipio_": "Nahuala", "municipio": "Nahuala", "nombre_usu": "Francisco Cajtunaj Tzep.", "referencia": "Chuisibache klm.152.6", "cantidad_a": 0, "especies_t": "pino,aliso", "especie_ot": null, "fecha": "2026-08-18T00:00:00", "hora": "10:18", "observacio": null, "CreationDa": "2026-08-18T00:00:00", "Creator": null, "EditDate": "2026-08-18T00:00:00", "Editor": null, "consumo_fu": null, "guardarecu": null, "municipio1": null, "cant_pino": 10, "cant_cipre": 0, "cant_aliso": 13, "cant_encin": 0, "cant_palo_": 0, "cant_cajet": 0, "cant_madro": 0, "cant_mano_": 0, "cant_matil": 0, "cant_aguac": 0, "cant_casua": 0, "cant_otro": 0 }, "geometry": { "type": "Point", "coordinates": [ -91.30757237, 14.80280503 ] } },
{ "type": "Feature", "properties": { "globalid": "e49ca205-9367-4dfb-8a38-47e27654d403", "nombre_gua": "Diego Martín Ramírez Ixbalan", "region": "Altiplano Central", "area_prote": "rumcla", "area_pro_1": null, "municipio_": "Santiago Atitlán", "municipio": "Santiago Atitlán", "nombre_usu": "PedroIsmael Ajcabul Quieju", "referencia": "Cojol juyuu", "cantidad_a": 4, "especies_t": "cipres", "especie_ot": null, "fecha": "2026-08-20T00:00:00", "hora": "15:06", "observacio": "Lo tala porque el vecino va a sembrar", "CreationDa": "2026-08-20T00:00:00", "Creator": null, "EditDate": "2026-08-20T00:00:00", "Editor": null, "consumo_fu": "no", "guardarecu": null, "municipio1": null, "cant_pino": 0, "cant_cipre": 4, "cant_aliso": 0, "cant_encin": 0, "cant_palo_": 0, "cant_cajet": 0, "cant_madro": 0, "cant_mano_": 0, "cant_matil": 0, "cant_aguac": 0, "cant_casua": 0, "cant_otro": 0 }, "geometry": { "type": "Point", "coordinates": [ -91.27944453, 14.63298634 ] } },
{ "type": "Feature", "properties": { "globalid": "2b8454ab-e260-4334-b844-daee761a8f3b", "nombre_gua": "Cornelio Marco Antonio Perechú Tzep", "region": "Altiplano Central", "area_prote": "rumcla", "area_pro_1": null, "municipio_": "Nahuala", "municipio": "Nahuala", "nombre_usu": "Martín Coj y Coj", "referencia": "Payaj ut", "cantidad_a": 3, "especies_t": "pino,encino", "especie_ot": null, "fecha": "2026-08-03T00:00:00", "hora": "11:50", "observacio": null, "CreationDa": "2026-08-20T00:00:00", "Creator": null, "EditDate": "2026-08-20T00:00:00", "Editor": null, "consumo_fu": "no", "guardarecu": null, "municipio1": null, "cant_pino": 2, "cant_cipre": 0, "cant_aliso": 0, "cant_encin": 0, "cant_palo_": 0, "cant_cajet": 0, "cant_madro": 0, "cant_mano_": 0, "cant_matil": 0, "cant_aguac": 0, "cant_casua": 0, "cant_otro": 0 }, "geometry": { "type": "Point", "coordinates": [ -91.28459984, 14.82851327 ] } },
{ "type": "Feature", "properties": { "globalid": "62e77ef2-ee81-454f-b096-1dae3998d76a", "nombre_gua": "Cornelio Marco Antonio Perechú Tzep", "region": "Altiplano Central", "area_prote": "rumcla", "area_pro_1": null, "municipio_": "Nahuala", "municipio": "Nahuala", "nombre_usu": null, "referencia": null, "cantidad_a": 0, "especies_t": null, "especie_ot": null, "fecha": "2026-08-10T00:00:00", "hora": "09:22", "observacio": null, "CreationDa": "2026-08-20T00:00:00", "Creator": null, "EditDate": "2026-08-20T00:00:00", "Editor": null, "consumo_fu": "no", "guardarecu": null, "municipio1": null, "cant_pino": 0, "cant_cipre": 0, "cant_aliso": 0, "cant_encin": 0, "cant_palo_": 0, "cant_cajet": 0, "cant_madro": 0, "cant_mano_": 0, "cant_matil": 0, "cant_aguac": 0, "cant_casua": 0, "cant_otro": 0 }, "geometry": { "type": "Point", "coordinates": [ -91.31746147, 14.85377811 ] } },
{ "type": "Feature", "properties": { "globalid": "5b5eefc0-fbcf-4b9f-813d-269b9dc7dfda", "nombre_gua": "Cornelio Marco Antonio Perechú Tzep", "region": "Altiplano Central", "area_prote": "rumcla", "area_pro_1": null, "municipio_": "Nahuala", "municipio": "Nahuala", "nombre_usu": "Manuel Guarchaj Simaj", "referencia": "Chui patuj", "cantidad_a": 17, "especies_t": "pino", "especie_ot": null, "fecha": "2026-08-10T00:00:00", "hora": "09:22", "observacio": null, "CreationDa": "2026-08-20T00:00:00", "Creator": null, "EditDate": "2026-08-20T00:00:00", "Editor": null, "consumo_fu": "no", "guardarecu": null, "municipio1": null, "cant_pino": 17, "cant_cipre": 0, "cant_aliso": 0, "cant_encin": 0, "cant_palo_": 0, "cant_cajet": 0, "cant_madro": 0, "cant_mano_": 0, "cant_matil": 0, "cant_aguac": 0, "cant_casua": 0, "cant_otro": 0 }, "geometry": { "type": "Point", "coordinates": [ -91.31746147, 14.85377811 ] } },
{ "type": "Feature", "properties": { "globalid": "a34428ce-38a4-480e-86dd-c2ccd763f06e", "nombre_gua": "Edgar Bartolo Batín Navichoc", "region": "Altiplano Central", "area_prote": "rumcla", "area_pro_1": null, "municipio_": "San Pedro La Laguna", "municipio": "San Pedro La Laguna", "nombre_usu": "Jose Baran Pichilla", "referencia": "Area protegida en Pajoco San Pedro", "cantidad_a": 4, "especies_t": "pino", "especie_ot": null, "fecha": "2026-08-20T00:00:00", "hora": "11:45", "observacio": "Estos arboles de pino ya tienen gorgojo", "CreationDa": "2026-08-20T00:00:00", "Creator": null, "EditDate": "2026-08-20T00:00:00", "Editor": null, "consumo_fu": "no", "guardarecu": null, "municipio1": null, "cant_pino": 4, "cant_cipre": 0, "cant_aliso": 0, "cant_encin": 0, "cant_palo_": 0, "cant_cajet": 0, "cant_madro": 0, "cant_mano_": 0, "cant_matil": 0, "cant_aguac": 0, "cant_casua": 0, "cant_otro": 0 }, "geometry": { "type": "Point", "coordinates": [ -91.29247795, 14.64323139 ] } },
{ "type": "Feature", "properties": { "globalid": "d30fe0c5-e598-43a6-a62f-7bbde23f205a", "nombre_gua": "Elvis Omar Garcia Andrade", "region": "Altiplano Central", "area_prote": "rumcla", "area_pro_1": null, "municipio_": "San Andrés Semetabaj", "municipio": "San Andrés Semetabaj", "nombre_usu": "Pedro Simaj", "referencia": "Caserio chutinamit", "cantidad_a": 0, "especies_t": "pino,cipres,aliso", "especie_ot": null, "fecha": "2026-08-25T00:00:00", "hora": "11:56", "observacio": null, "CreationDa": "2026-08-25T00:00:00", "Creator": null, "EditDate": "2026-08-25T00:00:00", "Editor": null, "consumo_fu": "no", "guardarecu": null, "municipio1": null, "cant_pino": 4, "cant_cipre": 1, "cant_aliso": 5, "cant_encin": 0, "cant_palo_": 0, "cant_cajet": 0, "cant_madro": 0, "cant_mano_": 0, "cant_matil": 0, "cant_aguac": 0, "cant_casua": 0, "cant_otro": 0 }, "geometry": { "type": "Point", "coordinates": [ -91.12013898, 14.76221614 ] } },
{ "type": "Feature", "properties": { "globalid": "719c4e8d-5ac2-4514-aa9d-57bf30e0dca0", "nombre_gua": "Juan Marcos Saquic", "region": "Altiplano Central", "area_prote": "rumcla", "area_pro_1": null, "municipio_": "Santa Lucia Utatlán", "municipio": "Santa Lucia Utatlán", "nombre_usu": "Julio Arana", "referencia": "La rotonda de la poblacion", "cantidad_a": 1, "especies_t": "pino", "especie_ot": null, "fecha": "2026-08-20T00:00:00", "hora": "09:07", "observacio": "Pendiente 10%", "CreationDa": "2026-08-26T00:00:00", "Creator": null, "EditDate": "2026-08-26T00:00:00", "Editor": null, "consumo_fu": "no", "guardarecu": null, "municipio1": null, "cant_pino": 1, "cant_cipre": 0, "cant_aliso": 0, "cant_encin": 0, "cant_palo_": 0, "cant_cajet": 0, "cant_madro": 0, "cant_mano_": 0, "cant_matil": 0, "cant_aguac": 0, "cant_casua": 0, "cant_otro": 0 }, "geometry": { "type": "Point", "coordinates": [ -91.26855123, 14.77587093 ] } },
{ "type": "Feature", "properties": { "globalid": "0a2d0b18-acda-41a7-b7f3-530989203987", "nombre_gua": "Santos Maurico Vicente Mendoza", "region": "Altiplano Central", "area_prote": "rumcla", "area_pro_1": null, "municipio_": "Santa Maria Visitación", "municipio": "Santa Maria Visitación", "nombre_usu": "Juana Julia Tepaz Raxuleu", "referencia": "Montañita", "cantidad_a": 2, "especies_t": "pino", "especie_ot": null, "fecha": "2026-08-20T00:00:00", "hora": "12:53", "observacio": null, "CreationDa": "2026-08-26T00:00:00", "Creator": null, "EditDate": "2026-08-26T00:00:00", "Editor": null, "consumo_fu": "no", "guardarecu": null, "municipio1": null, "cant_pino": 2, "cant_cipre": 0, "cant_aliso": 0, "cant_encin": 0, "cant_palo_": 0, "cant_cajet": 0, "cant_madro": 0, "cant_mano_": 0, "cant_matil": 0, "cant_aguac": 0, "cant_casua": 0, "cant_otro": 0 }, "geometry": { "type": "Point", "coordinates": [ -91.32619667, 14.71764667 ] } },
{ "type": "Feature", "properties": { "globalid": "aed7985c-a44d-4be6-a756-b000a4f9252f", "nombre_gua": "Emilio Alfonso Chox Can", "region": "Altiplano Central", "area_prote": "rumcla", "area_pro_1": null, "municipio_": "Santa Lucia Utatlán", "municipio": "Santa Lucia Utatlán", "nombre_usu": "Cirico chavez vasques", "referencia": "Xejupa", "cantidad_a": 2, "especies_t": "pino,aliso", "especie_ot": null, "fecha": "2026-07-29T00:00:00", "hora": "08:48", "observacio": "Una pendiente  30%", "CreationDa": "2026-08-26T00:00:00", "Creator": null, "EditDate": "2026-08-26T00:00:00", "Editor": null, "consumo_fu": "no", "guardarecu": null, "municipio1": null, "cant_pino": 1, "cant_cipre": 0, "cant_aliso": 1, "cant_encin": 0, "cant_palo_": 0, "cant_cajet": 0, "cant_madro": 0, "cant_mano_": 0, "cant_matil": 0, "cant_aguac": 0, "cant_casua": 0, "cant_otro": 0 }, "geometry": { "type": "Point", "coordinates": [ -91.27195909, 14.78127351 ] } },
{ "type": "Feature", "properties": { "globalid": "599a53b3-407c-4725-9baf-7c128c42c685", "nombre_gua": "Cornelio Marco Antonio Perechú Tzep", "region": "Altiplano Central", "area_prote": "rumcla", "area_pro_1": null, "municipio_": "Nahuala", "municipio": "Nahuala", "nombre_usu": "Baltazar Tambriz Tzep", "referencia": "Xe xot, a 200mts aproximadamente del camino que conduce hacia rancho de teja", "cantidad_a": 10, "especies_t": "pino", "especie_ot": null, "fecha": "2026-08-26T00:00:00", "hora": "14:44", "observacio": null, "CreationDa": "2026-08-26T00:00:00", "Creator": null, "EditDate": "2026-08-26T00:00:00", "Editor": null, "consumo_fu": "no", "guardarecu": null, "municipio1": null, "cant_pino": 10, "cant_cipre": 0, "cant_aliso": 0, "cant_encin": 0, "cant_palo_": 0, "cant_cajet": 0, "cant_madro": 0, "cant_mano_": 0, "cant_matil": 0, "cant_aguac": 0, "cant_casua": 0, "cant_otro": 0 }, "geometry": { "type": "Point", "coordinates": [ -91.29050053, 14.84822908 ] } },
{ "type": "Feature", "properties": { "globalid": "c148901d-8a4f-45f8-8026-12b702fb6143", "nombre_gua": "Juan Esdras Ajpacaja Saloj", "region": "Altiplano Central", "area_prote": "rumcla", "area_pro_1": null, "municipio_": "San Juan La Laguna", "municipio": "San Juan La Laguna", "nombre_usu": "Efrain Ediverto Cua", "referencia": "Aldea Palestina", "cantidad_a": 14, "especies_t": "aliso", "especie_ot": null, "fecha": "2026-08-31T00:00:00", "hora": "15:15", "observacio": "Los arboles causan riesgo a la convivencia de los niños", "CreationDa": "2026-09-01T00:00:00", "Creator": null, "EditDate": "2026-09-01T00:00:00", "Editor": null, "consumo_fu": "si", "guardarecu": "Juan Esdras Ajpacaja Saloj", "municipio1": "San Juan La Laguna", "cant_pino": 0, "cant_cipre": 0, "cant_aliso": 14, "cant_encin": 0, "cant_palo_": 0, "cant_cajet": 0, "cant_madro": 0, "cant_mano_": 0, "cant_matil": 0, "cant_aguac": 0, "cant_casua": 0, "cant_otro": 0 }, "geometry": { "type": "Point", "coordinates": [ -91.31087684, 14.68629929 ] } },
{ "type": "Feature", "properties": { "globalid": "3daabf88-3ad2-46d4-80a4-0949b6d5783c", "nombre_gua": "Jose Octavio Xitamul Recinos", "region": "Altiplano Central", "area_prote": "rumcla", "area_pro_1": null, "municipio_": "San José Chacaya", "municipio": "San José Chacaya", "nombre_usu": "Cruz Vicente Yaxon", "referencia": "Parromero", "cantidad_a": 3, "especies_t": "pino,encino", "especie_ot": null, "fecha": "2026-08-31T00:00:00", "hora": "11:13", "observacio": null, "CreationDa": "2026-09-01T00:00:00", "Creator": null, "EditDate": "2026-09-01T00:00:00", "Editor": null, "consumo_fu": "no", "guardarecu": null, "municipio1": null, "cant_pino": 1, "cant_cipre": 0, "cant_aliso": 0, "cant_encin": 2, "cant_palo_": 0, "cant_cajet": 0, "cant_madro": 0, "cant_mano_": 0, "cant_matil": 0, "cant_aguac": 0, "cant_casua": 0, "cant_otro": 0 }, "geometry": { "type": "Point", "coordinates": [ -91.22262, 14.76820833 ] } },
{ "type": "Feature", "properties": { "globalid": "c08964d5-4a90-4b5b-a153-ee73e36341f0", "nombre_gua": "Jose Octavio Xitamul Recinos", "region": "Altiplano Central", "area_prote": "rumcla", "area_pro_1": null, "municipio_": "San José Chacaya", "municipio": "San José Chacaya", "nombre_usu": "Josue Bernabe Yax Xaminez", "referencia": "El arenal", "cantidad_a": 4, "especies_t": "pino,encino,aliso", "especie_ot": null, "fecha": "2026-08-31T00:00:00", "hora": "09:48", "observacio": null, "CreationDa": "2026-09-01T00:00:00", "Creator": null, "EditDate": "2026-09-01T00:00:00", "Editor": null, "consumo_fu": "no", "guardarecu": null, "municipio1": null, "cant_pino": 1, "cant_cipre": 0, "cant_aliso": 2, "cant_encin": 1, "cant_palo_": 0, "cant_cajet": 0, "cant_madro": 0, "cant_mano_": 0, "cant_matil": 0, "cant_aguac": 0, "cant_casua": 0, "cant_otro": 0 }, "geometry": { "type": "Point", "coordinates": [ -91.22250667, 14.77682 ] } },
{ "type": "Feature", "properties": { "globalid": "4f9e6c92-0e34-45f9-aadc-d1775188650f", "nombre_gua": "Edgar Bartolo Batín Navichoc", "region": "Altiplano Central", "area_prote": "rumcla", "area_pro_1": null, "municipio_": "San Pedro La Laguna", "municipio": "San Pedro La Laguna", "nombre_usu": "Salvador Quiacain", "referencia": "Area protegida Pajoco San Pedro", "cantidad_a": 1, "especies_t": "pino", "especie_ot": null, "fecha": "2026-09-22T00:00:00", "hora": "15:15", "observacio": null, "CreationDa": "2026-09-22T00:00:00", "Creator": null, "EditDate": "2026-09-22T00:00:00", "Editor": null, "consumo_fu": "no", "guardarecu": null, "municipio1": null, "cant_pino": 1, "cant_cipre": 0, "cant_aliso": 0, "cant_encin": 0, "cant_palo_": 0, "cant_cajet": 0, "cant_madro": 0, "cant_mano_": 0, "cant_matil": 0, "cant_aguac": 0, "cant_casua": 0, "cant_otro": 0 }, "geometry": { "type": "Point", "coordinates": [ -91.29345656, 14.64324337 ] } },
{ "type": "Feature", "properties": { "globalid": "4491d699-4b6a-4838-a3eb-7f657123c527", "nombre_gua": "Juan Marcos Saquic", "region": "Altiplano Central", "area_prote": "rumcla", "area_pro_1": null, "municipio_": "Santa Lucia Utatlán", "municipio": "Santa Lucia Utatlán", "nombre_usu": "Ignacia Ixcol Sazo de Xaminez", "referencia": "Cerca del la colindancia de Santa Clara la Laguna, parque rexamolo", "cantidad_a": 3, "especies_t": "pino", "especie_ot": null, "fecha": "2026-09-08T00:00:00", "hora": "10:57", "observacio": "Tiene una pendiente de 20%", "CreationDa": "2026-09-28T00:00:00", "Creator": null, "EditDate": "2026-09-28T00:00:00", "Editor": null, "consumo_fu": "no", "guardarecu": null, "municipio1": null, "cant_pino": 3, "cant_cipre": 0, "cant_aliso": 0, "cant_encin": 0, "cant_palo_": 0, "cant_cajet": 0, "cant_madro": 0, "cant_mano_": 0, "cant_matil": 0, "cant_aguac": 0, "cant_casua": 0, "cant_otro": 0 }, "geometry": { "type": "Point", "coordinates": [ -91.2941633, 14.75051052 ] } },
{ "type": "Feature", "properties": { "globalid": "6fcd2c50-51d2-4719-841c-2b72718bf63e", "nombre_gua": "Santos Maurico Vicente Mendoza", "region": "Altiplano Central", "area_prote": "rumcla", "area_pro_1": null, "municipio_": "Santa Maria Visitación", "municipio": "Santa Maria Visitación", "nombre_usu": "Ambrocio Melchor Dionisio", "referencia": "Chuixiquichoy", "cantidad_a": 20, "especies_t": "aliso", "especie_ot": null, "fecha": "2026-09-07T00:00:00", "hora": "10:56", "observacio": null, "CreationDa": "2026-09-28T00:00:00", "Creator": null, "EditDate": "2026-09-28T00:00:00", "Editor": null, "consumo_fu": "no", "guardarecu": null, "municipio1": null, "cant_pino": 0, "cant_cipre": 0, "cant_aliso": 20, "cant_encin": 0, "cant_palo_": 0, "cant_cajet": 0, "cant_madro": 0, "cant_mano_": 0, "cant_matil": 0, "cant_aguac": 0, "cant_casua": 0, "cant_otro": 0 }, "geometry": { "type": "Point", "coordinates": [ -91.33195333, 14.70596667 ] } },
{ "type": "Feature", "properties": { "globalid": "5a196ab4-b0c6-4ae9-bdef-2c2f2ad370b4", "nombre_gua": "Cornelio Marco Antonio Perechú Tzep", "region": "Altiplano Central", "area_prote": "rumcla", "area_pro_1": null, "municipio_": "Nahuala", "municipio": "Nahuala", "nombre_usu": "Dominga Guarchaj Guarchaj", "referencia": "Chuiguacax", "cantidad_a": 60, "especies_t": "pino", "especie_ot": null, "fecha": "2026-09-23T00:00:00", "hora": "10:20", "observacio": "Pino seco", "CreationDa": "2026-09-28T00:00:00", "Creator": null, "EditDate": "2026-09-28T00:00:00", "Editor": null, "consumo_fu": "no", "guardarecu": null, "municipio1": null, "cant_pino": 60, "cant_cipre": 0, "cant_aliso": 0, "cant_encin": 0, "cant_palo_": 0, "cant_cajet": 0, "cant_madro": 0, "cant_mano_": 0, "cant_matil": 0, "cant_aguac": 0, "cant_casua": 0, "cant_otro": 0 }, "geometry": { "type": "Point", "coordinates": [ -91.32933637, 14.8694034 ] } },
{ "type": "Feature", "properties": { "globalid": "70cbf642-31c9-4d94-a1a1-18300c4486d8", "nombre_gua": "Elvis Omar Garcia Andrade", "region": "Altiplano Central", "area_prote": "rumcla", "area_pro_1": null, "municipio_": "San Andrés Semetabaj", "municipio": "San Andrés Semetabaj", "nombre_usu": "Silvestre muj", "referencia": "Parque Saquiche", "cantidad_a": 0, "especies_t": "pino,cipres", "especie_ot": null, "fecha": "2026-09-29T00:00:00", "hora": "16:11", "observacio": "Problemas de gorgojo", "CreationDa": "2026-09-30T00:00:00", "Creator": null, "EditDate": "2026-09-30T00:00:00", "Editor": null, "consumo_fu": "no", "guardarecu": null, "municipio1": null, "cant_pino": 17, "cant_cipre": 3, "cant_aliso": 0, "cant_encin": 0, "cant_palo_": 0, "cant_cajet": 0, "cant_madro": 0, "cant_mano_": 0, "cant_matil": 0, "cant_aguac": 0, "cant_casua": 0, "cant_otro": 0 }, "geometry": { "type": "Point", "coordinates": [ -91.1262361, 14.73480449 ] } },
{ "type": "Feature", "properties": { "globalid": "576cdc59-2141-4c1f-a29d-b1d21ed6d105", "nombre_gua": "Diego Martín Ramírez Ixbalan", "region": "Altiplano Central", "area_prote": "rumcla", "area_pro_1": null, "municipio_": "Santiago Atitlán", "municipio": "Santiago Atitlán", "nombre_usu": "Nelson Alexander Ajtzip", "referencia": "Canton Panabaj", "cantidad_a": 0, "especies_t": "cipres", "especie_ot": null, "fecha": "2026-10-01T00:00:00", "hora": "15:09", "observacio": "2 matas de sipres esta como 25 minuto en la orilla de la carretera en COJOL YUJU Santiago Atitlan", "CreationDa": "2026-10-02T00:00:00", "Creator": null, "EditDate": "2026-10-02T00:00:00", "Editor": null, "consumo_fu": "no", "guardarecu": null, "municipio1": null, "cant_pino": 0, "cant_cipre": 2, "cant_aliso": 0, "cant_encin": 0, "cant_palo_": 0, "cant_cajet": 0, "cant_madro": 0, "cant_mano_": 0, "cant_matil": 0, "cant_aguac": 0, "cant_casua": 0, "cant_otro": 0 }, "geometry": { "type": "Point", "coordinates": [ -91.27655853, 14.6356063 ] } },
{ "type": "Feature", "properties": { "globalid": "bf74ef95-f524-48be-a00a-64483b07d645", "nombre_gua": "Diego Martín Ramírez Ixbalan", "region": "Altiplano Central", "area_prote": "rumcla", "area_pro_1": null, "municipio_": "Santiago Atitlán", "municipio": "Santiago Atitlán", "nombre_usu": "Diego Ratzan Ixbalan", "referencia": "Canton Xechivoy", "cantidad_a": 0, "especies_t": "cipres", "especie_ot": null, "fecha": "2026-10-02T00:00:00", "hora": "09:52", "observacio": "4 matas de Sipres en el área PERWA TUC esta fuera del área encentivado", "CreationDa": "2026-10-02T00:00:00", "Creator": null, "EditDate": "2026-10-02T00:00:00", "Editor": null, "consumo_fu": "no", "guardarecu": null, "municipio1": null, "cant_pino": 0, "cant_cipre": 4, "cant_aliso": 0, "cant_encin": 0, "cant_palo_": 0, "cant_cajet": 0, "cant_madro": 0, "cant_mano_": 0, "cant_matil": 0, "cant_aguac": 0, "cant_casua": 0, "cant_otro": 0 }, "geometry": { "type": "Point", "coordinates": [ -91.25433941, 14.60675103 ] } },
{ "type": "Feature", "properties": { "globalid": "57aab0c3-298a-4705-9316-d16c2e4c4e60", "nombre_gua": "Juan Esdras Ajpacaja Saloj", "region": "Altiplano Central", "area_prote": "rumcla", "area_pro_1": null, "municipio_": "San Juan La Laguna", "municipio": "San Juan La Laguna", "nombre_usu": "Pedro Armando Chavajay Yojcom", "referencia": "Cipresales Aldea Palestina.", "cantidad_a": 1, "especies_t": "pino", "especie_ot": null, "fecha": "2026-09-28T00:00:00", "hora": "09:35", "observacio": "Consumo de Madera", "CreationDa": "2026-10-03T00:00:00", "Creator": null, "EditDate": "2026-10-03T00:00:00", "Editor": null, "consumo_fu": "no", "guardarecu": null, "municipio1": null, "cant_pino": 1, "cant_cipre": 0, "cant_aliso": 0, "cant_encin": 0, "cant_palo_": 0, "cant_cajet": 0, "cant_madro": 0, "cant_mano_": 0, "cant_matil": 0, "cant_aguac": 0, "cant_casua": 0, "cant_otro": 0 }, "geometry": { "type": "Point", "coordinates": [ -91.31005878, 14.68142907 ] } }
]
}
