{
"type": "FeatureCollection",
"name": "municipios",
"xy_coordinate_resolution": 1e-08,
"features": [
{ "type": "Feature", "properties": { "municipio": "San Andrés Semetabaj" }, "geometry": { "type": "MultiPolygon", "coordinates": [ [ [ [ -91.07233133, 14.80588148 ], [ -91.07487822, 14.8066664 ], [ -91.08033179, 14.81109709 ], [ -91.08262549, 14.8141447 ], [ -91.08380587, 14.81512713 ], [ -91.08458253, 14.81507711 ], [ -91.08897135, 14.81061317 ], [ -91.09005953, 14.80827032 ], [ -91.09161624, 14.80671869 ], [ -91.09543887, 14.80064018 ], [ -91.09618116, 14.79847065 ], [ -91.09794207, 14.79605536 ], [ -91.09859098, 14.79387036 ], [ -91.09933408, 14.79306767 ], [ -91.10061973, 14.78755324 ], [ -91.1029826, 14.78358622 ], [ -91.10450423, 14.78296726 ], [ -91.10620558, 14.78377989 ], [ -91.10926417, 14.78398798 ], [ -91.11078554, 14.78333057 ], [ -91.11110786, 14.78009228 ], [ -91.11011397, 14.77829027 ], [ -91.10978737, 14.77370353 ], [ -91.11030208, 14.77244707 ], [ -91.11255984, 14.77005715 ], [ -91.11405277, 14.76938705 ], [ -91.1180168, 14.76715559 ], [ -91.11902485, 14.76555971 ], [ -91.12206856, 14.76247231 ], [ -91.12621945, 14.76001966 ], [ -91.12968266, 14.75862663 ], [ -91.13437805, 14.75526433 ], [ -91.13526233, 14.7542096 ], [ -91.13803631, 14.7526945 ], [ -91.13991092, 14.74888797 ], [ -91.14011025, 14.74537408 ], [ -91.13852237, 14.7397616 ], [ -91.13595907, 14.73740935 ], [ -91.13332389, 14.73403077 ], [ -91.13144362, 14.73088306 ], [ -91.12980938, 14.72686073 ], [ -91.12518121, 14.71998665 ], [ -91.12217117, 14.7137989 ], [ -91.12174282, 14.71197669 ], [ -91.11764014, 14.7065482 ], [ -91.11682445, 14.70435796 ], [ -91.10977597, 14.69859251 ], [ -91.10821345, 14.69810306 ], [ -91.10299356, 14.69417898 ], [ -91.10045782, 14.69323983 ], [ -91.08941156, 14.6944369 ], [ -91.07746084, 14.69375188 ], [ -91.07654327, 14.69470219 ], [ -91.07591378, 14.69734368 ], [ -91.07519034, 14.70447916 ], [ -91.076349, 14.71224703 ], [ -91.07803657, 14.71462534 ], [ -91.07900289, 14.71713209 ], [ -91.08262368, 14.72049335 ], [ -91.08469912, 14.72399317 ], [ -91.08502488, 14.72556604 ], [ -91.08438729, 14.73012559 ], [ -91.08401352, 14.73198864 ], [ -91.08289738, 14.73372693 ], [ -91.08052106, 14.73562081 ], [ -91.07804242, 14.73799278 ], [ -91.07681539, 14.73873603 ], [ -91.07550428, 14.74092224 ], [ -91.07561695, 14.74388617 ], [ -91.0761307, 14.74532732 ], [ -91.0775683, 14.74698175 ], [ -91.08104625, 14.74894004 ], [ -91.08606275, 14.75403896 ], [ -91.08690529, 14.75565678 ], [ -91.08681549, 14.75782831 ], [ -91.08571112, 14.76172201 ], [ -91.08439994, 14.76940614 ], [ -91.08245085, 14.77343401 ], [ -91.0794037, 14.78469357 ], [ -91.07877143, 14.78556376 ], [ -91.07753494, 14.79051248 ], [ -91.07554615, 14.79511828 ], [ -91.07233133, 14.80588148 ] ] ] ] } },
{ "type": "Feature", "properties": { "municipio": "Tecpán Guatemala" }, "geometry": { "type": "MultiPolygon", "coordinates": [ [ [ [ -90.94097963, 14.92424458 ], [ -90.94215002, 14.92424156 ], [ -90.94292843, 14.92441348 ], [ -90.94345514, 14.92491295 ], [ -90.94389956, 14.92569745 ], [ -90.94454167, 14.92591105 ], [ -90.94526614, 14.92583059 ], [ -90.94581079, 14.92560393 ], [ -90.94700483, 14.92482398 ], [ -90.94985111, 14.92271696 ], [ -90.95060099, 14.9222843 ], [ -90.95140456, 14.9221921 ], [ -90.95205723, 14.92251647 ], [ -90.95331468, 14.92344039 ], [ -90.95376257, 14.92386232 ], [ -90.95430253, 14.92413033 ], [ -90.95499139, 14.92419184 ], [ -90.95587217, 14.92428782 ], [ -90.95690053, 14.92431847 ], [ -90.95776998, 14.9244471 ], [ -90.95887545, 14.92467722 ], [ -90.9597096, 14.92491509 ], [ -90.96069058, 14.92516556 ], [ -90.96175186, 14.92533994 ], [ -90.96283345, 14.92570199 ], [ -90.96344044, 14.92606998 ], [ -90.96403561, 14.92645932 ], [ -90.96448349, 14.92694675 ], [ -90.96521381, 14.92859108 ], [ -90.96583953, 14.92937716 ], [ -90.96631183, 14.92967843 ], [ -90.96740087, 14.93042457 ], [ -90.96881731, 14.93131595 ], [ -90.96994023, 14.93210643 ], [ -90.97085093, 14.93260926 ], [ -90.97144908, 14.93274672 ], [ -90.97246422, 14.9329534 ], [ -90.97272968, 14.93357136 ], [ -90.97302231, 14.93494748 ], [ -90.97365117, 14.93540374 ], [ -90.97421454, 14.93559624 ], [ -90.97510634, 14.93570241 ], [ -90.97602232, 14.93564501 ], [ -90.97674725, 14.93551927 ], [ -90.97816182, 14.93537817 ], [ -90.98011764, 14.93537288 ], [ -90.9845813, 14.93552863 ], [ -90.98548687, 14.93540445 ], [ -90.98784745, 14.9344143 ], [ -90.98878782, 14.93416955 ], [ -90.98939857, 14.93414217 ], [ -90.99030894, 14.93468785 ], [ -90.99033819, 14.9352269 ], [ -90.99068696, 14.93663739 ], [ -90.99152427, 14.93654535 ], [ -90.99232874, 14.9362994 ], [ -90.99319908, 14.93634093 ], [ -90.99388526, 14.93669824 ], [ -90.99430101, 14.93696508 ], [ -90.99503136, 14.93744477 ], [ -90.99552676, 14.93776765 ], [ -90.99631571, 14.938005 ], [ -90.99700535, 14.93798959 ], [ -90.998362, 14.93795742 ], [ -90.99902736, 14.93805587 ], [ -90.99933986, 14.93736732 ], [ -90.99969773, 14.93654587 ], [ -91.00016592, 14.93604393 ], [ -91.00070011, 14.93575266 ], [ -91.00140351, 14.93550579 ], [ -91.00171485, 14.93481609 ], [ -91.001871, 14.93382231 ], [ -91.00228481, 14.9331064 ], [ -91.00301108, 14.93277162 ], [ -91.00352018, 14.93274331 ], [ -91.00410685, 14.93286929 ], [ -91.00504264, 14.93311919 ], [ -91.00567573, 14.93312471 ], [ -91.00616275, 14.93303521 ], [ -91.00709354, 14.93263104 ], [ -91.00779752, 14.93231864 ], [ -91.00859923, 14.93236967 ], [ -91.0094348, 14.93246506 ], [ -91.01018186, 14.93239475 ], [ -91.01080486, 14.93223526 ], [ -91.01132659, 14.93209634 ], [ -91.01187059, 14.93193616 ], [ -91.01286803, 14.93161048 ], [ -91.01485201, 14.93113296 ], [ -91.01715192, 14.92426481 ], [ -91.01995523, 14.91968157 ], [ -91.02113471, 14.91767097 ], [ -91.0236402, 14.91483367 ], [ -91.02801814, 14.90951385 ], [ -91.02908794, 14.90658503 ], [ -91.0293483, 14.90388758 ], [ -91.02699281, 14.8994642 ], [ -91.02652156, 14.89490004 ], [ -91.02670717, 14.89141801 ], [ -91.02620578, 14.88467802 ], [ -91.02497449, 14.8804812 ], [ -91.03098839, 14.87499796 ], [ -91.03287752, 14.87281374 ], [ -91.03919022, 14.86467713 ], [ -91.04116829, 14.8614329 ], [ -91.04194253, 14.85922212 ], [ -91.04273736, 14.8584619 ], [ -91.04521102, 14.8468459 ], [ -91.04486846, 14.84361461 ], [ -91.04320795, 14.83998691 ], [ -91.04224684, 14.83749024 ], [ -91.0407419, 14.83419821 ], [ -91.03992006, 14.83293849 ], [ -91.03821143, 14.83183274 ], [ -91.03601624, 14.8308595 ], [ -91.03463765, 14.83088613 ], [ -91.02571866, 14.83284865 ], [ -91.02350263, 14.83264098 ], [ -91.0218512, 14.83042635 ], [ -91.02022868, 14.82771834 ], [ -91.01983243, 14.82532474 ], [ -91.02109377, 14.82330913 ], [ -91.02369773, 14.82202232 ], [ -91.02437079, 14.8215548 ], [ -91.02578607, 14.82144495 ], [ -91.03012081, 14.81872929 ], [ -91.03219582, 14.81769426 ], [ -91.04424389, 14.81224723 ], [ -91.04977518, 14.80961473 ], [ -91.05706966, 14.80787128 ], [ -91.07039551, 14.80689661 ], [ -91.07233133, 14.80588148 ], [ -91.07554615, 14.79511828 ], [ -91.07753494, 14.79051248 ], [ -91.07877143, 14.78556376 ], [ -91.0794037, 14.78469357 ], [ -91.08245085, 14.77343401 ], [ -91.08439994, 14.76940614 ], [ -91.08571112, 14.76172201 ], [ -91.08681549, 14.75782831 ], [ -91.08690529, 14.75565678 ], [ -91.08606275, 14.75403896 ], [ -91.08104625, 14.74894004 ], [ -91.0775683, 14.74698175 ], [ -91.0761307, 14.74532732 ], [ -91.07561695, 14.74388617 ], [ -91.07550428, 14.74092224 ], [ -91.07681539, 14.73873603 ], [ -91.07804242, 14.73799278 ], [ -91.08052106, 14.73562081 ], [ -91.08289738, 14.73372693 ], [ -91.08401352, 14.73198864 ], [ -91.08438729, 14.73012559 ], [ -91.08502488, 14.72556604 ], [ -91.08469912, 14.72399317 ], [ -91.08262368, 14.72049335 ], [ -91.07900289, 14.71713209 ], [ -91.07803657, 14.71462534 ], [ -91.076349, 14.71224703 ], [ -91.07519034, 14.70447916 ], [ -91.07363001, 14.70454188 ], [ -91.07164044, 14.70590687 ], [ -91.06833775, 14.70726202 ], [ -91.06461013, 14.71001317 ], [ -91.06020737, 14.71219266 ], [ -91.05883702, 14.71235515 ], [ -91.05697463, 14.71179054 ], [ -91.05391163, 14.71194671 ], [ -91.05166223, 14.71281794 ], [ -91.04971476, 14.71386338 ], [ -91.04751447, 14.71632095 ], [ -91.04515831, 14.72011462 ], [ -91.03504949, 14.72178108 ], [ -91.02977372, 14.72599821 ], [ -91.02543554, 14.72693157 ], [ -91.01467616, 14.72695702 ], [ -91.00822522, 14.72831245 ], [ -91.00579591, 14.72876822 ], [ -90.9996682, 14.72871647 ], [ -90.99584914, 14.72884157 ], [ -90.99440345, 14.72764978 ], [ -90.99421329, 14.72413967 ], [ -90.99486292, 14.71661895 ], [ -90.99611058, 14.70892378 ], [ -90.99422653, 14.70593105 ], [ -90.99326275, 14.70560981 ], [ -90.99026715, 14.70279156 ], [ -90.98992754, 14.69767391 ], [ -90.99074977, 14.69341802 ], [ -90.98816117, 14.69001929 ], [ -90.98171915, 14.68912633 ], [ -90.98132457, 14.68875127 ], [ -90.97810837, 14.68920446 ], [ -90.97658863, 14.68909746 ], [ -90.97391405, 14.68983431 ], [ -90.97088755, 14.68953451 ], [ -90.9700939, 14.68877302 ], [ -90.96948265, 14.68654357 ], [ -90.96744285, 14.68363629 ], [ -90.96570996, 14.68230405 ], [ -90.96438047, 14.6826482 ], [ -90.96181613, 14.68464309 ], [ -90.96024956, 14.68733913 ], [ -90.95881359, 14.68858709 ], [ -90.95839969, 14.6950445 ], [ -90.95909029, 14.69890236 ], [ -90.95988964, 14.71079117 ], [ -90.96054462, 14.71161812 ], [ -90.96086371, 14.71349712 ], [ -90.96063087, 14.71701024 ], [ -90.95994488, 14.71870644 ], [ -90.95520682, 14.72076901 ], [ -90.95030609, 14.72135371 ], [ -90.94815572, 14.7207778 ], [ -90.94275089, 14.71769364 ], [ -90.94229401, 14.71851979 ], [ -90.94146339, 14.72849981 ], [ -90.94173765, 14.73136677 ], [ -90.94287062, 14.73635134 ], [ -90.94274291, 14.7395084 ], [ -90.9413467, 14.74160032 ], [ -90.94066301, 14.74172977 ], [ -90.93935093, 14.74332768 ], [ -90.9385596, 14.74521147 ], [ -90.93797192, 14.74574389 ], [ -90.93795328, 14.74655247 ], [ -90.93721877, 14.74683847 ], [ -90.93539721, 14.74940772 ], [ -90.93424498, 14.75004691 ], [ -90.93409075, 14.75076956 ], [ -90.93322954, 14.75088837 ], [ -90.93081684, 14.75409611 ], [ -90.93060376, 14.75576253 ], [ -90.93093413, 14.75728244 ], [ -90.93323574, 14.75963327 ], [ -90.93532359, 14.77601889 ], [ -90.9370697, 14.78122245 ], [ -90.9378102, 14.78271328 ], [ -90.93958421, 14.78349382 ], [ -90.94152327, 14.7837009 ], [ -90.94514792, 14.78261723 ], [ -90.95009426, 14.78319777 ], [ -90.95413593, 14.78276376 ], [ -90.97509377, 14.78000392 ], [ -90.97941204, 14.78091154 ], [ -90.98062193, 14.78201668 ], [ -90.98324181, 14.78330583 ], [ -90.98700277, 14.7864992 ], [ -90.988453, 14.78880713 ], [ -90.99083063, 14.79454572 ], [ -90.99156188, 14.79771714 ], [ -90.99171184, 14.80286588 ], [ -90.98932765, 14.80947788 ], [ -90.9788658, 14.82770206 ], [ -90.97538251, 14.83249011 ], [ -90.9739069, 14.83527049 ], [ -90.97061641, 14.83928187 ], [ -90.97031797, 14.84021564 ], [ -90.96613012, 14.84554849 ], [ -90.96562161, 14.84677632 ], [ -90.96424094, 14.84807323 ], [ -90.96403299, 14.84963242 ], [ -90.96313604, 14.8513538 ], [ -90.96406103, 14.85531654 ], [ -90.96458981, 14.86370244 ], [ -90.96517301, 14.86603447 ], [ -90.96441005, 14.87240737 ], [ -90.96302145, 14.87817717 ], [ -90.95570948, 14.88905167 ], [ -90.95540526, 14.89033549 ], [ -90.95350861, 14.8932226 ], [ -90.95243809, 14.89687046 ], [ -90.95193607, 14.89830952 ], [ -90.95121627, 14.90527229 ], [ -90.94891351, 14.90900963 ], [ -90.94471617, 14.91586096 ], [ -90.94281647, 14.91749865 ], [ -90.94279421, 14.91831284 ], [ -90.94160207, 14.91981116 ], [ -90.94097963, 14.92424458 ] ] ] ] } },
{ "type": "Feature", "properties": { "municipio": "Sololá" }, "geometry": { "type": "MultiPolygon", "coordinates": [ [ [ [ -91.13587615, 14.80567017 ], [ -91.1319063, 14.80688402 ], [ -91.1308365, 14.80760735 ], [ -91.12798028, 14.81069746 ], [ -91.12625707, 14.81300034 ], [ -91.12425669, 14.81788896 ], [ -91.12008973, 14.82206514 ], [ -91.11912704, 14.82301181 ], [ -91.11574768, 14.8247159 ], [ -91.1062113, 14.82643938 ], [ -91.1042278, 14.82725445 ], [ -91.10208821, 14.82938988 ], [ -91.10143029, 14.83106308 ], [ -91.10254095, 14.83633179 ], [ -91.10518709, 14.84091166 ], [ -91.11997681, 14.85199961 ], [ -91.12305319, 14.85476639 ], [ -91.12646965, 14.85790418 ], [ -91.12919076, 14.86175359 ], [ -91.13199366, 14.86663726 ], [ -91.13481368, 14.87008414 ], [ -91.13866141, 14.8697731 ], [ -91.1436945, 14.86727894 ], [ -91.14606999, 14.86656387 ], [ -91.14752678, 14.8673438 ], [ -91.14877685, 14.86880209 ], [ -91.15142253, 14.87004909 ], [ -91.15599265, 14.87343642 ], [ -91.15724823, 14.87391532 ], [ -91.15754542, 14.87461809 ], [ -91.15666875, 14.88299308 ], [ -91.15681307, 14.88651198 ], [ -91.16007048, 14.89167131 ], [ -91.16021098, 14.89270381 ], [ -91.16192835, 14.89449228 ], [ -91.17177729, 14.89613001 ], [ -91.17649855, 14.89643084 ], [ -91.18517495, 14.89232561 ], [ -91.18706139, 14.89191353 ], [ -91.20683081, 14.88352077 ], [ -91.21159966, 14.87464933 ], [ -91.21264809, 14.87160057 ], [ -91.21285504, 14.86889545 ], [ -91.21195292, 14.86081004 ], [ -91.21218899, 14.85978612 ], [ -91.21565337, 14.85875794 ], [ -91.23509633, 14.85524797 ], [ -91.23648613, 14.85444526 ], [ -91.23955237, 14.85429933 ], [ -91.24501071, 14.85320687 ], [ -91.24712098, 14.85192044 ], [ -91.25060957, 14.8507405 ], [ -91.26278178, 14.84495608 ], [ -91.26208526, 14.84149954 ], [ -91.2596413, 14.83581441 ], [ -91.25848799, 14.8344455 ], [ -91.25670718, 14.83152978 ], [ -91.24924361, 14.82390856 ], [ -91.24655082, 14.82171563 ], [ -91.24068609, 14.81786829 ], [ -91.23898174, 14.81696053 ], [ -91.23706625, 14.81667588 ], [ -91.23513292, 14.81522408 ], [ -91.23251783, 14.81400541 ], [ -91.22488736, 14.80688271 ], [ -91.22320132, 14.80367606 ], [ -91.22350843, 14.79961491 ], [ -91.22327186, 14.79829473 ], [ -91.21929007, 14.79184959 ], [ -91.21813078, 14.78935191 ], [ -91.21765662, 14.78734304 ], [ -91.21589582, 14.78421937 ], [ -91.21490482, 14.78124061 ], [ -91.21372238, 14.77917203 ], [ -91.21302079, 14.77871472 ], [ -91.21145267, 14.77362686 ], [ -91.21091449, 14.76987436 ], [ -91.20849669, 14.76478103 ], [ -91.20778541, 14.7631047 ], [ -91.20558875, 14.76085877 ], [ -91.20097863, 14.75656172 ], [ -91.19891276, 14.75367509 ], [ -91.19880784, 14.74610988 ], [ -91.19945544, 14.7409737 ], [ -91.19862975, 14.74038097 ], [ -91.1972738, 14.73898427 ], [ -91.19682074, 14.73860343 ], [ -91.19611586, 14.73835392 ], [ -91.19502068, 14.73848998 ], [ -91.19431136, 14.73885046 ], [ -91.19396605, 14.73926914 ], [ -91.1935348, 14.74039659 ], [ -91.19299992, 14.74170172 ], [ -91.19258732, 14.74197527 ], [ -91.19198241, 14.74205978 ], [ -91.19111591, 14.74205301 ], [ -91.19056985, 14.74197079 ], [ -91.18986322, 14.7419325 ], [ -91.18916601, 14.74215976 ], [ -91.18828509, 14.74256293 ], [ -91.18720224, 14.7426098 ], [ -91.1865188, 14.74250503 ], [ -91.18588528, 14.74197928 ], [ -91.18547745, 14.74167558 ], [ -91.18491056, 14.74130512 ], [ -91.18425246, 14.74094523 ], [ -91.18361625, 14.74067476 ], [ -91.18292291, 14.74043547 ], [ -91.18228619, 14.7402983 ], [ -91.18103331, 14.74013255 ], [ -91.18021353, 14.74009334 ], [ -91.17938128, 14.7400868 ], [ -91.17842203, 14.74027807 ], [ -91.17765617, 14.74059399 ], [ -91.17617805, 14.74148044 ], [ -91.1755817, 14.74193099 ], [ -91.17507694, 14.74232579 ], [ -91.17223929, 14.74504397 ], [ -91.17107559, 14.74649883 ], [ -91.16994986, 14.74757667 ], [ -91.16928482, 14.74804812 ], [ -91.16853255, 14.74805346 ], [ -91.16793005, 14.74784874 ], [ -91.16717887, 14.74744627 ], [ -91.16695978, 14.74921247 ], [ -91.16140652, 14.7513972 ], [ -91.16060778, 14.75126772 ], [ -91.15937197, 14.75231299 ], [ -91.15677119, 14.75298701 ], [ -91.15402778, 14.75467429 ], [ -91.14736201, 14.75728808 ], [ -91.14080325, 14.7582905 ], [ -91.1391233, 14.75926429 ], [ -91.13761682, 14.76085965 ], [ -91.13857859, 14.76181744 ], [ -91.13983939, 14.7622885 ], [ -91.14296591, 14.76575007 ], [ -91.14779057, 14.77227419 ], [ -91.15042054, 14.7746958 ], [ -91.15316028, 14.77643257 ], [ -91.15657363, 14.78000361 ], [ -91.15731643, 14.7816837 ], [ -91.15690547, 14.7838121 ], [ -91.15723605, 14.78976354 ], [ -91.15659867, 14.79340274 ], [ -91.14747866, 14.79987261 ], [ -91.14108251, 14.80541514 ], [ -91.13891745, 14.80583823 ], [ -91.13587615, 14.80567017 ] ] ] ] } },
{ "type": "Feature", "properties": { "municipio": "Concepción" }, "geometry": { "type": "MultiPolygon", "coordinates": [ [ [ [ -91.13587615, 14.80567017 ], [ -91.13891745, 14.80583823 ], [ -91.14108251, 14.80541514 ], [ -91.14747866, 14.79987261 ], [ -91.15659867, 14.79340274 ], [ -91.15723605, 14.78976354 ], [ -91.15690547, 14.7838121 ], [ -91.15731643, 14.7816837 ], [ -91.15657363, 14.78000361 ], [ -91.15316028, 14.77643257 ], [ -91.15042054, 14.7746958 ], [ -91.14779057, 14.77227419 ], [ -91.14296591, 14.76575007 ], [ -91.13983939, 14.7622885 ], [ -91.13857859, 14.76181744 ], [ -91.13761682, 14.76085965 ], [ -91.1344674, 14.76370921 ], [ -91.13043561, 14.76581052 ], [ -91.12607744, 14.76670263 ], [ -91.1180168, 14.76715559 ], [ -91.11405277, 14.76938705 ], [ -91.11255984, 14.77005715 ], [ -91.11030208, 14.77244707 ], [ -91.10978737, 14.77370353 ], [ -91.11011397, 14.77829027 ], [ -91.11110786, 14.78009228 ], [ -91.11078554, 14.78333057 ], [ -91.11672774, 14.78586323 ], [ -91.11925613, 14.78798725 ], [ -91.12118747, 14.78879939 ], [ -91.12475851, 14.7921451 ], [ -91.12839257, 14.79438308 ], [ -91.13142296, 14.79641618 ], [ -91.1334707, 14.79863445 ], [ -91.13604544, 14.80162175 ], [ -91.13587615, 14.80567017 ] ] ] ] } },
{ "type": "Feature", "properties": { "municipio": "Panajachel" }, "geometry": { "type": "MultiPolygon", "coordinates": [ [ [ [ -91.13852237, 14.7397616 ], [ -91.14011025, 14.74537408 ], [ -91.13991092, 14.74888797 ], [ -91.13803631, 14.7526945 ], [ -91.13526233, 14.7542096 ], [ -91.13437805, 14.75526433 ], [ -91.12968266, 14.75862663 ], [ -91.12621945, 14.76001966 ], [ -91.12206856, 14.76247231 ], [ -91.11902485, 14.76555971 ], [ -91.1180168, 14.76715559 ], [ -91.12607744, 14.76670263 ], [ -91.13043561, 14.76581052 ], [ -91.1344674, 14.76370921 ], [ -91.13761682, 14.76085965 ], [ -91.1391233, 14.75926429 ], [ -91.14080325, 14.7582905 ], [ -91.14736201, 14.75728808 ], [ -91.15402778, 14.75467429 ], [ -91.15677119, 14.75298701 ], [ -91.15937197, 14.75231299 ], [ -91.16060778, 14.75126772 ], [ -91.16140652, 14.7513972 ], [ -91.16695978, 14.74921247 ], [ -91.16717887, 14.74744627 ], [ -91.1666701, 14.74720726 ], [ -91.1657383, 14.74688921 ], [ -91.16520316, 14.74681832 ], [ -91.16447071, 14.74646795 ], [ -91.16406373, 14.74606595 ], [ -91.16396763, 14.74534446 ], [ -91.16405803, 14.74266108 ], [ -91.16393983, 14.74180611 ], [ -91.16359348, 14.74102615 ], [ -91.16339305, 14.74042583 ], [ -91.16320396, 14.73985836 ], [ -91.16267499, 14.73905548 ], [ -91.16098878, 14.73762209 ], [ -91.15945986, 14.73646784 ], [ -91.15909857, 14.73608766 ], [ -91.15869283, 14.73554106 ], [ -91.15830028, 14.73480591 ], [ -91.1578039, 14.73420323 ], [ -91.15691901, 14.73369687 ], [ -91.15597633, 14.73330076 ], [ -91.15548697, 14.73317485 ], [ -91.15462175, 14.73309114 ], [ -91.15150991, 14.73314312 ], [ -91.15031391, 14.73305674 ], [ -91.14945992, 14.73294938 ], [ -91.1488688, 14.73277859 ], [ -91.14806225, 14.73248407 ], [ -91.14743896, 14.73206789 ], [ -91.14656626, 14.73142942 ], [ -91.14595618, 14.73123588 ], [ -91.14127671, 14.73649983 ], [ -91.13852237, 14.7397616 ] ] ] ] } },
{ "type": "Feature", "properties": { "municipio": "Santa Catarina Palopó" }, "geometry": { "type": "MultiPolygon", "coordinates": [ [ [ [ -91.13595907, 14.73740935 ], [ -91.13852237, 14.7397616 ], [ -91.13852237, 14.7397616 ], [ -91.14127671, 14.73649983 ], [ -91.14595618, 14.73123588 ], [ -91.14515634, 14.73104081 ], [ -91.14427152, 14.73060106 ], [ -91.1438083, 14.73013193 ], [ -91.1434578, 14.72978457 ], [ -91.14311983, 14.72932774 ], [ -91.1427813, 14.72886977 ], [ -91.14234308, 14.72818958 ], [ -91.14161113, 14.72710827 ], [ -91.14103522, 14.7265151 ], [ -91.14074234, 14.72608009 ], [ -91.14061695, 14.72471558 ], [ -91.14056581, 14.7240385 ], [ -91.14000395, 14.72309073 ], [ -91.1390918, 14.72184077 ], [ -91.13834849, 14.7221014 ], [ -91.13794691, 14.72244158 ], [ -91.13715918, 14.72260244 ], [ -91.13645322, 14.72249622 ], [ -91.13572634, 14.72225766 ], [ -91.13516016, 14.72182044 ], [ -91.13485843, 14.7210634 ], [ -91.13437393, 14.72043932 ], [ -91.13344731, 14.71953265 ], [ -91.13263535, 14.71851732 ], [ -91.13233309, 14.71789357 ], [ -91.13222633, 14.7170048 ], [ -91.13223057, 14.71650666 ], [ -91.13210025, 14.71579505 ], [ -91.13192161, 14.7153056 ], [ -91.13171036, 14.71469389 ], [ -91.13157871, 14.71413816 ], [ -91.1314363, 14.7134163 ], [ -91.13127222, 14.71264907 ], [ -91.1310605, 14.7120927 ], [ -91.13081642, 14.71131466 ], [ -91.13073373, 14.71032667 ], [ -91.13063857, 14.70943913 ], [ -91.130494, 14.70897141 ], [ -91.12994182, 14.70825753 ], [ -91.12976444, 14.70769015 ], [ -91.12988562, 14.70681564 ], [ -91.13010813, 14.70617353 ], [ -91.13041105, 14.70535472 ], [ -91.13055432, 14.70461256 ], [ -91.12997734, 14.704086 ], [ -91.12984826, 14.70323095 ], [ -91.12940841, 14.70268403 ], [ -91.12845185, 14.7025769 ], [ -91.12774872, 14.70221539 ], [ -91.12745751, 14.70159172 ], [ -91.12703296, 14.70061227 ], [ -91.12659058, 14.7003647 ], [ -91.12596657, 14.700049 ], [ -91.12532021, 14.69970036 ], [ -91.12449107, 14.69935024 ], [ -91.12375316, 14.69905508 ], [ -91.12275153, 14.69885945 ], [ -91.12194093, 14.69858177 ], [ -91.12026415, 14.70099806 ], [ -91.11797733, 14.70281858 ], [ -91.11682445, 14.70435796 ], [ -91.11764014, 14.7065482 ], [ -91.12174282, 14.71197669 ], [ -91.12217117, 14.7137989 ], [ -91.12518121, 14.71998665 ], [ -91.12980938, 14.72686073 ], [ -91.13144362, 14.73088306 ], [ -91.13332389, 14.73403077 ], [ -91.13595907, 14.73740935 ] ] ] ] } },
{ "type": "Feature", "properties": { "municipio": "Patzún" }, "geometry": { "type": "MultiPolygon", "coordinates": [ [ [ [ -90.98816117, 14.69001929 ], [ -90.99074977, 14.69341802 ], [ -90.98992754, 14.69767391 ], [ -90.99026715, 14.70279156 ], [ -90.99326275, 14.70560981 ], [ -90.99422653, 14.70593105 ], [ -90.99611058, 14.70892378 ], [ -90.99486292, 14.71661895 ], [ -90.99421329, 14.72413967 ], [ -90.99440345, 14.72764978 ], [ -90.99584914, 14.72884157 ], [ -90.9996682, 14.72871647 ], [ -91.00579591, 14.72876822 ], [ -91.00822522, 14.72831245 ], [ -91.01467616, 14.72695702 ], [ -91.02543554, 14.72693157 ], [ -91.02977372, 14.72599821 ], [ -91.03504949, 14.72178108 ], [ -91.04515831, 14.72011462 ], [ -91.04751447, 14.71632095 ], [ -91.04971476, 14.71386338 ], [ -91.05166223, 14.71281794 ], [ -91.05391163, 14.71194671 ], [ -91.05697463, 14.71179054 ], [ -91.05883702, 14.71235515 ], [ -91.06020737, 14.71219266 ], [ -91.06461013, 14.71001317 ], [ -91.06833775, 14.70726202 ], [ -91.07164044, 14.70590687 ], [ -91.07363001, 14.70454188 ], [ -91.07519034, 14.70447916 ], [ -91.07591378, 14.69734368 ], [ -91.07654327, 14.69470219 ], [ -91.07746084, 14.69375188 ], [ -91.07831616, 14.68458753 ], [ -91.07909661, 14.68292101 ], [ -91.07970771, 14.6825081 ], [ -91.0797003, 14.6819613 ], [ -91.08149817, 14.6796593 ], [ -91.08581762, 14.67588583 ], [ -91.08742635, 14.67343649 ], [ -91.08745654, 14.67263244 ], [ -91.0882746, 14.67196704 ], [ -91.08944229, 14.66865213 ], [ -91.09003962, 14.66808093 ], [ -91.09080108, 14.66383524 ], [ -91.09137591, 14.66318025 ], [ -91.09130385, 14.66265777 ], [ -91.09396411, 14.65767531 ], [ -91.09596866, 14.65544827 ], [ -91.0985564, 14.65118245 ], [ -91.09975555, 14.64889569 ], [ -91.10322243, 14.63952196 ], [ -91.1039012, 14.63917956 ], [ -91.10402128, 14.63837058 ], [ -91.10707449, 14.63484494 ], [ -91.10915435, 14.63021673 ], [ -91.110652, 14.62745446 ], [ -91.11227799, 14.61598021 ], [ -91.11195722, 14.61306085 ], [ -91.11419966, 14.59748413 ], [ -91.10531251, 14.59338607 ], [ -91.10449282, 14.5926587 ], [ -91.10180239, 14.59203247 ], [ -91.09125143, 14.58662921 ], [ -91.08834345, 14.58562151 ], [ -91.08048958, 14.5839417 ], [ -91.07304451, 14.58295523 ], [ -91.06109456, 14.5834155 ], [ -91.06042348, 14.58388663 ], [ -91.05577652, 14.58472119 ], [ -91.04848911, 14.58771377 ], [ -91.04499352, 14.58957099 ], [ -91.04348609, 14.59115676 ], [ -91.04255167, 14.59247962 ], [ -91.04175887, 14.59562346 ], [ -91.04130593, 14.60400703 ], [ -91.03999326, 14.60624619 ], [ -91.03925634, 14.60909452 ], [ -91.03833367, 14.61019039 ], [ -91.03651283, 14.61046989 ], [ -91.03202796, 14.60996782 ], [ -91.02642119, 14.60675754 ], [ -91.02145568, 14.60164469 ], [ -91.01723787, 14.59628621 ], [ -91.0139673, 14.59306504 ], [ -91.01085564, 14.58940237 ], [ -91.01087301, 14.58882417 ], [ -91.00813094, 14.58650884 ], [ -91.00430826, 14.58402612 ], [ -91.0030125, 14.58256691 ], [ -91.00144984, 14.58401636 ], [ -90.99694373, 14.58581108 ], [ -90.99378883, 14.58786243 ], [ -90.9895642, 14.58968426 ], [ -90.98840984, 14.59079825 ], [ -90.98762182, 14.59091119 ], [ -90.98715514, 14.59159283 ], [ -90.98165644, 14.5949194 ], [ -90.97538868, 14.60000579 ], [ -90.97450166, 14.60028501 ], [ -90.97347363, 14.60063641 ], [ -90.97155273, 14.60045028 ], [ -90.96696915, 14.59938474 ], [ -90.96204839, 14.59759325 ], [ -90.96117291, 14.59687284 ], [ -90.96026848, 14.5963363 ], [ -90.95768038, 14.59850841 ], [ -90.95762666, 14.59930202 ], [ -90.95639538, 14.60131202 ], [ -90.95580438, 14.60395002 ], [ -90.95685486, 14.61472958 ], [ -90.95729031, 14.6153716 ], [ -90.95781981, 14.61908007 ], [ -90.95884746, 14.62035079 ], [ -90.95957153, 14.62240051 ], [ -90.96049339, 14.62771865 ], [ -90.95931395, 14.630818 ], [ -90.9592792, 14.63244313 ], [ -90.95880064, 14.63307262 ], [ -90.95663813, 14.64341508 ], [ -90.95688389, 14.65232606 ], [ -90.9584375, 14.65388155 ], [ -90.9605457, 14.65449985 ], [ -90.96245023, 14.65412007 ], [ -90.96430446, 14.65190091 ], [ -90.96596147, 14.65187587 ], [ -90.96772012, 14.65479535 ], [ -90.9683324, 14.65879371 ], [ -90.97006475, 14.66054612 ], [ -90.98061338, 14.66502751 ], [ -90.98754344, 14.66697176 ], [ -90.99304591, 14.6676395 ], [ -90.9950768, 14.66944967 ], [ -90.99506536, 14.67134275 ], [ -90.99426614, 14.67239765 ], [ -90.99446594, 14.67511149 ], [ -90.99667909, 14.67895874 ], [ -90.99675293, 14.6816184 ], [ -90.99339675, 14.68388133 ], [ -90.99013699, 14.68504708 ], [ -90.98945721, 14.6859121 ], [ -90.98816117, 14.69001929 ] ] ] ] } },
{ "type": "Feature", "properties": { "municipio": "San Antonio Palopó" }, "geometry": { "type": "MultiPolygon", "coordinates": [ [ [ [ -91.07746084, 14.69375188 ], [ -91.08941156, 14.6944369 ], [ -91.10045782, 14.69323983 ], [ -91.10299356, 14.69417898 ], [ -91.10821345, 14.69810306 ], [ -91.10977597, 14.69859251 ], [ -91.11682445, 14.70435796 ], [ -91.11797733, 14.70281858 ], [ -91.12026415, 14.70099806 ], [ -91.12194093, 14.69858177 ], [ -91.12120723, 14.69826969 ], [ -91.12042472, 14.6978307 ], [ -91.11992605, 14.697516 ], [ -91.11941645, 14.69712327 ], [ -91.11898682, 14.69674361 ], [ -91.11869564, 14.69611995 ], [ -91.11841654, 14.69544102 ], [ -91.1177587, 14.69508097 ], [ -91.11714624, 14.69477552 ], [ -91.116868, 14.69399719 ], [ -91.11692741, 14.692345 ], [ -91.11702563, 14.69151437 ], [ -91.11732886, 14.69072947 ], [ -91.11749364, 14.6901208 ], [ -91.11769949, 14.68871379 ], [ -91.11782034, 14.68788222 ], [ -91.11792749, 14.68736232 ], [ -91.11806869, 14.68686416 ], [ -91.1182481, 14.68583425 ], [ -91.11813894, 14.68530017 ], [ -91.11804118, 14.68472325 ], [ -91.11804678, 14.6840681 ], [ -91.11821563, 14.68298275 ], [ -91.11841397, 14.68245229 ], [ -91.11871642, 14.68168884 ], [ -91.11879199, 14.68085803 ], [ -91.11833413, 14.67977889 ], [ -91.11803499, 14.67879932 ], [ -91.11797298, 14.67804534 ], [ -91.11791315, 14.67703495 ], [ -91.11777033, 14.67643508 ], [ -91.1173201, 14.67575476 ], [ -91.11701593, 14.6753637 ], [ -91.1164286, 14.67477152 ], [ -91.11597724, 14.6742245 ], [ -91.11590374, 14.67352465 ], [ -91.11604815, 14.67265034 ], [ -91.11664459, 14.67217733 ], [ -91.11708184, 14.67166011 ], [ -91.11724746, 14.67095203 ], [ -91.11698321, 14.66989593 ], [ -91.11675891, 14.66946145 ], [ -91.11640169, 14.66862601 ], [ -91.11629385, 14.66787165 ], [ -91.11624392, 14.66706129 ], [ -91.11612364, 14.6664729 ], [ -91.11602532, 14.6659615 ], [ -91.11598528, 14.66535116 ], [ -91.11603508, 14.6648195 ], [ -91.11632877, 14.66378938 ], [ -91.11657888, 14.66256122 ], [ -91.11674325, 14.66192995 ], [ -91.11708047, 14.66116678 ], [ -91.11752931, 14.66064964 ], [ -91.11822592, 14.66046663 ], [ -91.11913665, 14.66055195 ], [ -91.12035513, 14.66060586 ], [ -91.12096951, 14.66067748 ], [ -91.12161643, 14.66101482 ], [ -91.12243504, 14.66122138 ], [ -91.12320915, 14.66127169 ], [ -91.12545228, 14.66145698 ], [ -91.12605553, 14.66147314 ], [ -91.12678628, 14.66130055 ], [ -91.1270072, 14.66077026 ], [ -91.12698947, 14.66019399 ], [ -91.12683654, 14.65941556 ], [ -91.12661336, 14.6588478 ], [ -91.1265285, 14.6581151 ], [ -91.126683, 14.65741257 ], [ -91.12747709, 14.6564757 ], [ -91.12832801, 14.65554042 ], [ -91.12923503, 14.65469369 ], [ -91.1299352, 14.65408931 ], [ -91.13040521, 14.65373725 ], [ -91.13087437, 14.65348684 ], [ -91.131618, 14.65315957 ], [ -91.13217852, 14.65287601 ], [ -91.13303802, 14.65229436 ], [ -91.13365669, 14.6518565 ], [ -91.1341862, 14.65126089 ], [ -91.13453313, 14.65064349 ], [ -91.13457487, 14.64975591 ], [ -91.13421354, 14.64933165 ], [ -91.13308531, 14.64807997 ], [ -91.13277085, 14.64753408 ], [ -91.13273348, 14.64653516 ], [ -91.13329782, 14.6457975 ], [ -91.13371096, 14.64544497 ], [ -91.13434234, 14.64487391 ], [ -91.13465357, 14.6444991 ], [ -91.13516442, 14.6433611 ], [ -91.13524114, 14.64238456 ], [ -91.13511163, 14.64150803 ], [ -91.13504049, 14.64045348 ], [ -91.13504855, 14.63950011 ], [ -91.1351508, 14.63824701 ], [ -91.13549652, 14.63639713 ], [ -91.1358323, 14.63572315 ], [ -91.13626269, 14.63504202 ], [ -91.13568491, 14.63270577 ], [ -91.13503986, 14.63222162 ], [ -91.1292717, 14.63128518 ], [ -91.11908191, 14.62866929 ], [ -91.110652, 14.62745446 ], [ -91.10915435, 14.63021673 ], [ -91.10707449, 14.63484494 ], [ -91.10402128, 14.63837058 ], [ -91.1039012, 14.63917956 ], [ -91.10322243, 14.63952196 ], [ -91.09975555, 14.64889569 ], [ -91.0985564, 14.65118245 ], [ -91.09596866, 14.65544827 ], [ -91.09396411, 14.65767531 ], [ -91.09130385, 14.66265777 ], [ -91.09137591, 14.66318025 ], [ -91.09080108, 14.66383524 ], [ -91.09003962, 14.66808093 ], [ -91.08944229, 14.66865213 ], [ -91.0882746, 14.67196704 ], [ -91.08745654, 14.67263244 ], [ -91.08742635, 14.67343649 ], [ -91.08581762, 14.67588583 ], [ -91.08149817, 14.6796593 ], [ -91.0797003, 14.6819613 ], [ -91.07970771, 14.6825081 ], [ -91.07909661, 14.68292101 ], [ -91.07831616, 14.68458753 ], [ -91.07746084, 14.69375188 ] ] ] ] } },
{ "type": "Feature", "properties": { "municipio": "San Andrés Itzapa" }, "geometry": { "type": "MultiPolygon", "coordinates": [ [ [ [ -90.81498313, 14.62611214 ], [ -90.81844862, 14.62452158 ], [ -90.82019132, 14.62606494 ], [ -90.8264093, 14.63320373 ], [ -90.82728911, 14.63350447 ], [ -90.82835914, 14.63475236 ], [ -90.82995687, 14.63536363 ], [ -90.83118875, 14.63678809 ], [ -90.83587459, 14.63988017 ], [ -90.83821074, 14.64221054 ], [ -90.84271964, 14.64864753 ], [ -90.84531654, 14.65060755 ], [ -90.85093439, 14.65204315 ], [ -90.85353132, 14.65335702 ], [ -90.85611718, 14.65581267 ], [ -90.8577685, 14.65571042 ], [ -90.86048236, 14.65628322 ], [ -90.86505295, 14.65519461 ], [ -90.86643193, 14.65524115 ], [ -90.87018462, 14.65828794 ], [ -90.87095968, 14.65972273 ], [ -90.87271188, 14.65890972 ], [ -90.87431798, 14.65736569 ], [ -90.87454128, 14.65472243 ], [ -90.87524171, 14.65403306 ], [ -90.87513652, 14.65321095 ], [ -90.87565386, 14.65303947 ], [ -90.8782502, 14.64774659 ], [ -90.88111411, 14.64387024 ], [ -90.88172921, 14.64366349 ], [ -90.88397628, 14.64107137 ], [ -90.88476786, 14.63915501 ], [ -90.88875204, 14.63316974 ], [ -90.89108251, 14.63093296 ], [ -90.89448208, 14.6294095 ], [ -90.89660584, 14.62773441 ], [ -90.89800034, 14.62735506 ], [ -90.90107453, 14.62441665 ], [ -90.90124762, 14.62280412 ], [ -90.90525903, 14.61833115 ], [ -90.9077482, 14.6136942 ], [ -90.90798789, 14.61018465 ], [ -90.90680599, 14.60613145 ], [ -90.9051948, 14.60436057 ], [ -90.90258967, 14.60196967 ], [ -90.9018908, 14.60050404 ], [ -90.90186895, 14.59644771 ], [ -90.90362188, 14.59261403 ], [ -90.90412722, 14.58971229 ], [ -90.90570572, 14.58757131 ], [ -90.90311946, 14.58491968 ], [ -90.90243989, 14.58405288 ], [ -90.90229199, 14.58332075 ], [ -90.89933278, 14.58019812 ], [ -90.89542307, 14.57574648 ], [ -90.89145112, 14.57218543 ], [ -90.88891296, 14.56969452 ], [ -90.88579816, 14.56754174 ], [ -90.88002578, 14.56310356 ], [ -90.87899123, 14.56062844 ], [ -90.87879169, 14.55602611 ], [ -90.87689438, 14.5540989 ], [ -90.87571263, 14.55386453 ], [ -90.87542028, 14.55345299 ], [ -90.87109001, 14.55250663 ], [ -90.86873158, 14.55133306 ], [ -90.86639058, 14.54943449 ], [ -90.86564814, 14.54831854 ], [ -90.86397187, 14.54711953 ], [ -90.85839788, 14.54469664 ], [ -90.85734604, 14.545969 ], [ -90.85721101, 14.54728476 ], [ -90.85572658, 14.55144355 ], [ -90.85566561, 14.55361389 ], [ -90.85606869, 14.55426253 ], [ -90.85585176, 14.55997243 ], [ -90.85411619, 14.56256452 ], [ -90.85389662, 14.56314533 ], [ -90.85537789, 14.56538629 ], [ -90.85533393, 14.56621381 ], [ -90.85749043, 14.57064881 ], [ -90.85781679, 14.57605985 ], [ -90.85753072, 14.58255637 ], [ -90.85514111, 14.58925156 ], [ -90.85246784, 14.59259063 ], [ -90.84809522, 14.59480595 ], [ -90.83924166, 14.59706218 ], [ -90.83005266, 14.59749534 ], [ -90.82147561, 14.60003693 ], [ -90.81809725, 14.60453794 ], [ -90.81685329, 14.6081214 ], [ -90.81683582, 14.60947999 ], [ -90.81624773, 14.61036338 ], [ -90.81572284, 14.61289073 ], [ -90.81531464, 14.62238462 ], [ -90.81498313, 14.62611214 ] ] ] ] } },
{ "type": "Feature", "properties": { "municipio": "Chimaltenango" }, "geometry": { "type": "MultiPolygon", "coordinates": [ [ [ [ -90.75092751, 14.74731157 ], [ -90.75228846, 14.74752019 ], [ -90.75372464, 14.74752286 ], [ -90.75461321, 14.7475089 ], [ -90.7553752, 14.74767216 ], [ -90.7563071, 14.74790258 ], [ -90.7568431, 14.74786373 ], [ -90.75732759, 14.74730259 ], [ -90.75758608, 14.74654048 ], [ -90.75799038, 14.74598986 ], [ -90.75853024, 14.74557382 ], [ -90.75938594, 14.74548159 ], [ -90.76040633, 14.74602457 ], [ -90.76086946, 14.74641645 ], [ -90.7614463, 14.74681055 ], [ -90.76201552, 14.74687141 ], [ -90.76297347, 14.74682534 ], [ -90.76382951, 14.74670035 ], [ -90.76480781, 14.74682049 ], [ -90.76561576, 14.74697287 ], [ -90.76637922, 14.7469362 ], [ -90.76688213, 14.7467852 ], [ -90.76774932, 14.74670548 ], [ -90.76837597, 14.74671153 ], [ -90.76926557, 14.74665347 ], [ -90.77001959, 14.74646084 ], [ -90.77049526, 14.74562288 ], [ -90.77052986, 14.74444747 ], [ -90.77060622, 14.74367229 ], [ -90.77081986, 14.74286455 ], [ -90.77110027, 14.74216814 ], [ -90.77140148, 14.74165037 ], [ -90.77175878, 14.74126529 ], [ -90.77223003, 14.74085985 ], [ -90.7728272, 14.74045449 ], [ -90.77335428, 14.7401501 ], [ -90.77404984, 14.74011162 ], [ -90.77489267, 14.74014232 ], [ -90.77562168, 14.74018208 ], [ -90.77613592, 14.73999841 ], [ -90.77682416, 14.73959505 ], [ -90.77733976, 14.73927811 ], [ -90.77809567, 14.73895332 ], [ -90.77885844, 14.73898211 ], [ -90.77939184, 14.73919843 ], [ -90.78025339, 14.73967203 ], [ -90.78113598, 14.74024635 ], [ -90.78155499, 14.74052821 ], [ -90.7820545, 14.74071032 ], [ -90.78263511, 14.74079269 ], [ -90.78327681, 14.74040015 ], [ -90.78310293, 14.73957738 ], [ -90.78351999, 14.73890485 ], [ -90.78422703, 14.73887887 ], [ -90.78508021, 14.73897626 ], [ -90.78578996, 14.73868263 ], [ -90.78571797, 14.7379399 ], [ -90.78530142, 14.73741411 ], [ -90.78528484, 14.73681535 ], [ -90.78580166, 14.73637642 ], [ -90.78684119, 14.73611982 ], [ -90.78771702, 14.73627277 ], [ -90.78846452, 14.73677913 ], [ -90.78900448, 14.73743824 ], [ -90.78956832, 14.73803207 ], [ -90.79043649, 14.73785175 ], [ -90.79069262, 14.73731093 ], [ -90.7907428, 14.73682349 ], [ -90.79072845, 14.73600225 ], [ -90.79099885, 14.73513968 ], [ -90.79171961, 14.7349026 ], [ -90.79233619, 14.73475375 ], [ -90.79320647, 14.73436223 ], [ -90.79376854, 14.73398019 ], [ -90.79461873, 14.73327787 ], [ -90.79525038, 14.73278468 ], [ -90.79619086, 14.73216228 ], [ -90.79666063, 14.73195554 ], [ -90.7973683, 14.73180755 ], [ -90.7980858, 14.73183583 ], [ -90.79924539, 14.73210212 ], [ -90.80026875, 14.73235581 ], [ -90.80093985, 14.73244012 ], [ -90.80179438, 14.73245954 ], [ -90.8026147, 14.7324775 ], [ -90.80324154, 14.73246199 ], [ -90.80405125, 14.73238045 ], [ -90.80466796, 14.73227561 ], [ -90.80517287, 14.73192011 ], [ -90.80549626, 14.73149624 ], [ -90.80592382, 14.7308678 ], [ -90.80652264, 14.73023082 ], [ -90.80709473, 14.73000357 ], [ -90.80806645, 14.72973493 ], [ -90.8090485, 14.72947768 ], [ -90.80970188, 14.72912922 ], [ -90.81027805, 14.72849201 ], [ -90.81069646, 14.72767485 ], [ -90.81083756, 14.72719955 ], [ -90.81094547, 14.72667876 ], [ -90.81104164, 14.72617029 ], [ -90.81142625, 14.72530876 ], [ -90.81172759, 14.72482368 ], [ -90.8125362, 14.72339578 ], [ -90.81258379, 14.72234697 ], [ -90.81262366, 14.72178261 ], [ -90.81285731, 14.72121896 ], [ -90.81341206, 14.72045843 ], [ -90.81366988, 14.71974027 ], [ -90.81382301, 14.71922103 ], [ -90.81408062, 14.71852433 ], [ -90.81436028, 14.7178843 ], [ -90.81474143, 14.71736609 ], [ -90.81527364, 14.71659517 ], [ -90.81557603, 14.71594406 ], [ -90.81575271, 14.71539117 ], [ -90.8157919, 14.71489231 ], [ -90.81573217, 14.71401529 ], [ -90.81585096, 14.71350589 ], [ -90.81623154, 14.71304414 ], [ -90.81686291, 14.71256781 ], [ -90.81743594, 14.71224002 ], [ -90.81794117, 14.71184608 ], [ -90.81841293, 14.71137388 ], [ -90.819034, 14.71082516 ], [ -90.81967944, 14.71009935 ], [ -90.81992452, 14.70949174 ], [ -90.82004936, 14.70837249 ], [ -90.82045599, 14.70762183 ], [ -90.82112989, 14.70741808 ], [ -90.82269196, 14.70734354 ], [ -90.82351273, 14.7073072 ], [ -90.82441288, 14.70728177 ], [ -90.82489282, 14.70715412 ], [ -90.82544196, 14.70689272 ], [ -90.82584429, 14.7065746 ], [ -90.82667153, 14.70588435 ], [ -90.82730501, 14.70519114 ], [ -90.82792337, 14.70485358 ], [ -90.82874282, 14.70494936 ], [ -90.82958372, 14.70522379 ], [ -90.83024671, 14.70500749 ], [ -90.83084309, 14.70460307 ], [ -90.83166944, 14.70400089 ], [ -90.83214007, 14.70363934 ], [ -90.83259979, 14.7032664 ], [ -90.83300207, 14.70289291 ], [ -90.83360949, 14.70254394 ], [ -90.8346018, 14.70240863 ], [ -90.83556911, 14.70257353 ], [ -90.83604452, 14.70284453 ], [ -90.83649745, 14.70315936 ], [ -90.83725951, 14.70330992 ], [ -90.83816774, 14.70358269 ], [ -90.83859365, 14.70499286 ], [ -90.83877849, 14.70660973 ], [ -90.83897355, 14.70724745 ], [ -90.83946691, 14.70823131 ], [ -90.83981415, 14.70867504 ], [ -90.84046356, 14.70919049 ], [ -90.84288677, 14.70857716 ], [ -90.84361222, 14.70779102 ], [ -90.84397815, 14.70550496 ], [ -90.84356811, 14.7037753 ], [ -90.84364159, 14.70078173 ], [ -90.84483699, 14.6978641 ], [ -90.84752176, 14.69511503 ], [ -90.85115108, 14.692238 ], [ -90.85325967, 14.69114497 ], [ -90.8585983, 14.68794138 ], [ -90.86146237, 14.68653221 ], [ -90.86391655, 14.68550777 ], [ -90.86505353, 14.68145769 ], [ -90.86389544, 14.67890002 ], [ -90.86289829, 14.67703622 ], [ -90.86259829, 14.67244431 ], [ -90.86260561, 14.67109238 ], [ -90.86370939, 14.667705 ], [ -90.86658613, 14.66495626 ], [ -90.86811304, 14.66297106 ], [ -90.87095968, 14.65972273 ], [ -90.87018462, 14.65828794 ], [ -90.86643193, 14.65524115 ], [ -90.86505295, 14.65519461 ], [ -90.86048236, 14.65628322 ], [ -90.8577685, 14.65571042 ], [ -90.85611718, 14.65581267 ], [ -90.85353132, 14.65335702 ], [ -90.85093439, 14.65204315 ], [ -90.84531654, 14.65060755 ], [ -90.84271964, 14.64864753 ], [ -90.83821074, 14.64221054 ], [ -90.83587459, 14.63988017 ], [ -90.83118875, 14.63678809 ], [ -90.82995687, 14.63536363 ], [ -90.82835914, 14.63475236 ], [ -90.82728911, 14.63350447 ], [ -90.8264093, 14.63320373 ], [ -90.82019132, 14.62606494 ], [ -90.81844862, 14.62452158 ], [ -90.81498313, 14.62611214 ], [ -90.81557511, 14.63375177 ], [ -90.81460952, 14.65457798 ], [ -90.8137664, 14.65963458 ], [ -90.81392219, 14.66451081 ], [ -90.81465986, 14.66739563 ], [ -90.81431044, 14.67413411 ], [ -90.81272418, 14.67748385 ], [ -90.81197106, 14.68035462 ], [ -90.81118088, 14.68111634 ], [ -90.80986954, 14.68393665 ], [ -90.80894135, 14.68748569 ], [ -90.80715896, 14.69157443 ], [ -90.8063992, 14.69189818 ], [ -90.80347713, 14.69861225 ], [ -90.80274858, 14.70230882 ], [ -90.80191993, 14.70359871 ], [ -90.80128405, 14.70591596 ], [ -90.79938782, 14.70928858 ], [ -90.79611496, 14.71332801 ], [ -90.79531584, 14.71467348 ], [ -90.79531824, 14.71576229 ], [ -90.79281675, 14.7185474 ], [ -90.78650011, 14.72266266 ], [ -90.78393578, 14.72366592 ], [ -90.78256048, 14.72494257 ], [ -90.78087554, 14.72568089 ], [ -90.77208786, 14.72864707 ], [ -90.77080853, 14.72892163 ], [ -90.76885777, 14.73023104 ], [ -90.76258791, 14.73190869 ], [ -90.76241111, 14.73262981 ], [ -90.76205775, 14.7333673 ], [ -90.76176136, 14.7339235 ], [ -90.76089351, 14.7349248 ], [ -90.76002617, 14.73581881 ], [ -90.75941134, 14.73641936 ], [ -90.75890662, 14.73703339 ], [ -90.75841638, 14.7376487 ], [ -90.75799641, 14.73808849 ], [ -90.75757756, 14.73847521 ], [ -90.75683908, 14.73896612 ], [ -90.75617129, 14.73929621 ], [ -90.75562728, 14.73972237 ], [ -90.7551479, 14.74057946 ], [ -90.75504578, 14.74114431 ], [ -90.75456599, 14.74204093 ], [ -90.75411748, 14.74260241 ], [ -90.75372506, 14.7430707 ], [ -90.75315042, 14.74376535 ], [ -90.75271598, 14.74431229 ], [ -90.75239329, 14.74471348 ], [ -90.75209875, 14.74514206 ], [ -90.75171804, 14.74582504 ], [ -90.75139244, 14.74650856 ], [ -90.75092751, 14.74731157 ] ] ] ] } },
{ "type": "Feature", "properties": { "municipio": "El Tejar" }, "geometry": { "type": "MultiPolygon", "coordinates": [ [ [ [ -90.75897339, 14.72499779 ], [ -90.76013705, 14.72633273 ], [ -90.76082051, 14.72713333 ], [ -90.76113448, 14.72758136 ], [ -90.76158366, 14.72831306 ], [ -90.76188303, 14.72882758 ], [ -90.76219589, 14.72932868 ], [ -90.76249127, 14.73023395 ], [ -90.76260926, 14.73084046 ], [ -90.76258791, 14.73190869 ], [ -90.76885777, 14.73023104 ], [ -90.77080853, 14.72892163 ], [ -90.77208786, 14.72864707 ], [ -90.78087554, 14.72568089 ], [ -90.78256048, 14.72494257 ], [ -90.78393578, 14.72366592 ], [ -90.78650011, 14.72266266 ], [ -90.79281675, 14.7185474 ], [ -90.79531824, 14.71576229 ], [ -90.79531584, 14.71467348 ], [ -90.79611496, 14.71332801 ], [ -90.79938782, 14.70928858 ], [ -90.80128405, 14.70591596 ], [ -90.80191993, 14.70359871 ], [ -90.80274858, 14.70230882 ], [ -90.80347713, 14.69861225 ], [ -90.8063992, 14.69189818 ], [ -90.80715896, 14.69157443 ], [ -90.80894135, 14.68748569 ], [ -90.80986954, 14.68393665 ], [ -90.81118088, 14.68111634 ], [ -90.81197106, 14.68035462 ], [ -90.81272418, 14.67748385 ], [ -90.81431044, 14.67413411 ], [ -90.81465986, 14.66739563 ], [ -90.81392219, 14.66451081 ], [ -90.8137664, 14.65963458 ], [ -90.81460952, 14.65457798 ], [ -90.81557511, 14.63375177 ], [ -90.81498313, 14.62611214 ], [ -90.80941761, 14.62710236 ], [ -90.80542743, 14.62860538 ], [ -90.80288026, 14.6280076 ], [ -90.79962119, 14.62871775 ], [ -90.79713251, 14.62853723 ], [ -90.79411592, 14.62906776 ], [ -90.78915875, 14.62883665 ], [ -90.78533797, 14.63338704 ], [ -90.78247031, 14.63628839 ], [ -90.78007895, 14.63963247 ], [ -90.77794655, 14.64179081 ], [ -90.77136753, 14.65050475 ], [ -90.76816411, 14.6529554 ], [ -90.76566062, 14.65387331 ], [ -90.76409914, 14.65501709 ], [ -90.76239079, 14.6579417 ], [ -90.76254842, 14.6586412 ], [ -90.76263692, 14.65917966 ], [ -90.76261695, 14.65994636 ], [ -90.76242403, 14.66043693 ], [ -90.76216021, 14.66094038 ], [ -90.76199066, 14.6614707 ], [ -90.7621414, 14.66279133 ], [ -90.76249042, 14.66435105 ], [ -90.76295753, 14.66582041 ], [ -90.76363217, 14.66764642 ], [ -90.76418235, 14.66904882 ], [ -90.76528634, 14.67149676 ], [ -90.76588457, 14.67273811 ], [ -90.76609106, 14.67325512 ], [ -90.76627121, 14.67408134 ], [ -90.7664604, 14.67510191 ], [ -90.76686364, 14.67589526 ], [ -90.767533, 14.67716101 ], [ -90.76778439, 14.67788401 ], [ -90.76783798, 14.67837695 ], [ -90.76789077, 14.67894896 ], [ -90.76805375, 14.68026744 ], [ -90.76838022, 14.68170948 ], [ -90.76937204, 14.68304384 ], [ -90.76972594, 14.68349901 ], [ -90.77024817, 14.68417378 ], [ -90.77051419, 14.68459988 ], [ -90.77074651, 14.68548871 ], [ -90.77094983, 14.6862632 ], [ -90.7712264, 14.68684977 ], [ -90.77168264, 14.68762669 ], [ -90.7719312, 14.68805826 ], [ -90.77224909, 14.68857634 ], [ -90.77285758, 14.68944281 ], [ -90.77318219, 14.68992706 ], [ -90.77324195, 14.69095768 ], [ -90.77288103, 14.69176628 ], [ -90.77228644, 14.69244727 ], [ -90.77204639, 14.69294869 ], [ -90.77187469, 14.69363374 ], [ -90.77183234, 14.69432002 ], [ -90.77190798, 14.69498486 ], [ -90.77205243, 14.69578701 ], [ -90.77226978, 14.69643627 ], [ -90.77260196, 14.69726282 ], [ -90.77279153, 14.69830711 ], [ -90.77265382, 14.69912914 ], [ -90.77242942, 14.70037501 ], [ -90.77200559, 14.70160654 ], [ -90.77169905, 14.7028279 ], [ -90.77137739, 14.70439585 ], [ -90.77123098, 14.70492979 ], [ -90.77087953, 14.70594516 ], [ -90.77056486, 14.70682309 ], [ -90.77016931, 14.70760876 ], [ -90.7696785, 14.7084624 ], [ -90.76921276, 14.70913332 ], [ -90.76836945, 14.70996098 ], [ -90.76761201, 14.71044498 ], [ -90.7671161, 14.71065818 ], [ -90.76618508, 14.71086719 ], [ -90.76516055, 14.71102898 ], [ -90.76337093, 14.71122856 ], [ -90.76271236, 14.7112335 ], [ -90.7619359, 14.71130619 ], [ -90.76141631, 14.71150785 ], [ -90.76090377, 14.71221218 ], [ -90.76062187, 14.71334227 ], [ -90.76036585, 14.71420945 ], [ -90.75973367, 14.71509558 ], [ -90.75943544, 14.71549364 ], [ -90.75911086, 14.71619978 ], [ -90.7587033, 14.71696271 ], [ -90.75819121, 14.71756426 ], [ -90.75790423, 14.71805391 ], [ -90.75778014, 14.7186705 ], [ -90.75781003, 14.71920953 ], [ -90.75826332, 14.71976281 ], [ -90.75874158, 14.72014467 ], [ -90.75901593, 14.72089162 ], [ -90.75909071, 14.72163663 ], [ -90.75939156, 14.72211955 ], [ -90.75953701, 14.72281894 ], [ -90.75943507, 14.72359612 ], [ -90.75919309, 14.72428047 ], [ -90.75897339, 14.72499779 ] ] ] ] } },
{ "type": "Feature", "properties": { "municipio": "Patzicía" }, "geometry": { "type": "MultiPolygon", "coordinates": [ [ [ [ -90.92167674, 14.67032383 ], [ -90.93439741, 14.6695924 ], [ -90.93738653, 14.67124098 ], [ -90.93728907, 14.67173599 ], [ -90.93844274, 14.67324852 ], [ -90.9389785, 14.67507749 ], [ -90.93860446, 14.67883781 ], [ -90.93933775, 14.68249613 ], [ -90.94015574, 14.68324663 ], [ -90.94483666, 14.68473395 ], [ -90.94593318, 14.68597938 ], [ -90.94719409, 14.68969094 ], [ -90.95195412, 14.69341986 ], [ -90.95839969, 14.6950445 ], [ -90.95881359, 14.68858709 ], [ -90.96024956, 14.68733913 ], [ -90.96181613, 14.68464309 ], [ -90.96438047, 14.6826482 ], [ -90.96570996, 14.68230405 ], [ -90.96744285, 14.68363629 ], [ -90.96948265, 14.68654357 ], [ -90.9700939, 14.68877302 ], [ -90.97088755, 14.68953451 ], [ -90.97391405, 14.68983431 ], [ -90.97658863, 14.68909746 ], [ -90.97810837, 14.68920446 ], [ -90.98132457, 14.68875127 ], [ -90.98171915, 14.68912633 ], [ -90.98816117, 14.69001929 ], [ -90.98945721, 14.6859121 ], [ -90.99013699, 14.68504708 ], [ -90.99339675, 14.68388133 ], [ -90.99675293, 14.6816184 ], [ -90.99667909, 14.67895874 ], [ -90.99446594, 14.67511149 ], [ -90.99426614, 14.67239765 ], [ -90.99506536, 14.67134275 ], [ -90.9950768, 14.66944967 ], [ -90.99304591, 14.6676395 ], [ -90.98754344, 14.66697176 ], [ -90.98061338, 14.66502751 ], [ -90.97006475, 14.66054612 ], [ -90.9683324, 14.65879371 ], [ -90.96772012, 14.65479535 ], [ -90.96596147, 14.65187587 ], [ -90.96430446, 14.65190091 ], [ -90.96245023, 14.65412007 ], [ -90.9605457, 14.65449985 ], [ -90.9584375, 14.65388155 ], [ -90.95688389, 14.65232606 ], [ -90.95663813, 14.64341508 ], [ -90.95880064, 14.63307262 ], [ -90.9592792, 14.63244313 ], [ -90.95931395, 14.630818 ], [ -90.96049339, 14.62771865 ], [ -90.95957153, 14.62240051 ], [ -90.95884746, 14.62035079 ], [ -90.95781981, 14.61908007 ], [ -90.95729031, 14.6153716 ], [ -90.95685486, 14.61472958 ], [ -90.95580438, 14.60395002 ], [ -90.95639538, 14.60131202 ], [ -90.95762666, 14.59930202 ], [ -90.95768038, 14.59850841 ], [ -90.96026848, 14.5963363 ], [ -90.95619793, 14.59493618 ], [ -90.94565436, 14.58906819 ], [ -90.94295546, 14.58574727 ], [ -90.94168138, 14.58087783 ], [ -90.93934507, 14.57855407 ], [ -90.93708875, 14.57773557 ], [ -90.93519579, 14.57737885 ], [ -90.93139336, 14.57812799 ], [ -90.92934729, 14.57938851 ], [ -90.92719407, 14.57982688 ], [ -90.92476631, 14.58109527 ], [ -90.92017552, 14.58204956 ], [ -90.91678936, 14.58341549 ], [ -90.91278883, 14.58449576 ], [ -90.90736236, 14.58759068 ], [ -90.90570572, 14.58757131 ], [ -90.90412722, 14.58971229 ], [ -90.90362188, 14.59261403 ], [ -90.90186895, 14.59644771 ], [ -90.9018908, 14.60050404 ], [ -90.90258967, 14.60196967 ], [ -90.9051948, 14.60436057 ], [ -90.90680599, 14.60613145 ], [ -90.90798789, 14.61018465 ], [ -90.9077482, 14.6136942 ], [ -90.90525903, 14.61833115 ], [ -90.90124762, 14.62280412 ], [ -90.90107453, 14.62441665 ], [ -90.90713016, 14.6302001 ], [ -90.9120594, 14.63588748 ], [ -90.91559333, 14.64218128 ], [ -90.91658195, 14.64713522 ], [ -90.91646844, 14.6481587 ], [ -90.91685516, 14.64854846 ], [ -90.91604773, 14.65185753 ], [ -90.91638627, 14.6561765 ], [ -90.91828975, 14.65996619 ], [ -90.91867346, 14.66264097 ], [ -90.91960022, 14.66426563 ], [ -90.92085816, 14.6692186 ], [ -90.92167674, 14.67032383 ] ] ] ] } },
{ "type": "Feature", "properties": { "municipio": "Parramos" }, "geometry": { "type": "MultiPolygon", "coordinates": [ [ [ [ -90.78915875, 14.62883665 ], [ -90.79411592, 14.62906776 ], [ -90.79713251, 14.62853723 ], [ -90.79962119, 14.62871775 ], [ -90.80288026, 14.6280076 ], [ -90.80542743, 14.62860538 ], [ -90.80941761, 14.62710236 ], [ -90.81498313, 14.62611214 ], [ -90.81531464, 14.62238462 ], [ -90.81572284, 14.61289073 ], [ -90.81624773, 14.61036338 ], [ -90.81683582, 14.60947999 ], [ -90.81685329, 14.6081214 ], [ -90.81809725, 14.60453794 ], [ -90.82147561, 14.60003693 ], [ -90.83005266, 14.59749534 ], [ -90.83924166, 14.59706218 ], [ -90.84809522, 14.59480595 ], [ -90.85246784, 14.59259063 ], [ -90.85514111, 14.58925156 ], [ -90.85753072, 14.58255637 ], [ -90.85781679, 14.57605985 ], [ -90.85749043, 14.57064881 ], [ -90.85533393, 14.56621381 ], [ -90.85537789, 14.56538629 ], [ -90.85389662, 14.56314533 ], [ -90.85164507, 14.56416831 ], [ -90.8446742, 14.56381727 ], [ -90.84401148, 14.56333677 ], [ -90.8402146, 14.5625766 ], [ -90.8359639, 14.56019587 ], [ -90.83008092, 14.55937784 ], [ -90.8262281, 14.55954876 ], [ -90.82407932, 14.56037363 ], [ -90.82217033, 14.56181515 ], [ -90.82179895, 14.56255375 ], [ -90.82104132, 14.56271047 ], [ -90.81740552, 14.5678089 ], [ -90.81444554, 14.57109512 ], [ -90.81375508, 14.57137554 ], [ -90.81032127, 14.57219502 ], [ -90.80673194, 14.57179428 ], [ -90.80577356, 14.57389287 ], [ -90.80662478, 14.57852151 ], [ -90.80291544, 14.58155993 ], [ -90.8022461, 14.58333028 ], [ -90.80168394, 14.58843919 ], [ -90.79969295, 14.59126555 ], [ -90.79926242, 14.59280659 ], [ -90.79741667, 14.59437495 ], [ -90.79573499, 14.5968755 ], [ -90.79548342, 14.60338332 ], [ -90.79126363, 14.61095931 ], [ -90.79178886, 14.61660929 ], [ -90.79273584, 14.61992757 ], [ -90.79252788, 14.62454506 ], [ -90.78925636, 14.62777702 ], [ -90.78915875, 14.62883665 ] ] ] ] } },
{ "type": "Feature", "properties": { "municipio": "Acatenango" }, "geometry": { "type": "MultiPolygon", "coordinates": [ [ [ [ -90.96026848, 14.5963363 ], [ -90.96117291, 14.59687284 ], [ -90.96204839, 14.59759325 ], [ -90.96696915, 14.59938474 ], [ -90.97155273, 14.60045028 ], [ -90.97347363, 14.60063641 ], [ -90.97450166, 14.60028501 ], [ -90.97538868, 14.60000579 ], [ -90.98165644, 14.5949194 ], [ -90.98715514, 14.59159283 ], [ -90.98762182, 14.59091119 ], [ -90.98840984, 14.59079825 ], [ -90.9895642, 14.58968426 ], [ -90.99378883, 14.58786243 ], [ -90.99694373, 14.58581108 ], [ -91.00144984, 14.58401636 ], [ -91.0030125, 14.58256691 ], [ -91.00322706, 14.56847031 ], [ -91.00368371, 14.56554179 ], [ -91.00501159, 14.5645828 ], [ -91.00751437, 14.56458494 ], [ -91.00843737, 14.56402348 ], [ -91.01774491, 14.56256066 ], [ -91.01981572, 14.56177732 ], [ -91.02911834, 14.56013663 ], [ -91.03338796, 14.55890176 ], [ -91.0373765, 14.55567632 ], [ -91.0373703, 14.55513179 ], [ -91.03854944, 14.55398721 ], [ -91.04038822, 14.55083292 ], [ -91.04241139, 14.54161861 ], [ -91.04437232, 14.53615973 ], [ -91.04505497, 14.53534646 ], [ -91.04543109, 14.53187262 ], [ -91.04469148, 14.53105426 ], [ -91.04410096, 14.52871214 ], [ -91.04232751, 14.5255954 ], [ -91.03834545, 14.52040202 ], [ -91.03614778, 14.51833337 ], [ -91.03613222, 14.51753347 ], [ -91.03464904, 14.51597121 ], [ -91.03442188, 14.51300407 ], [ -91.0352455, 14.5117153 ], [ -91.03541684, 14.51010251 ], [ -91.0345944, 14.50501687 ], [ -91.03198023, 14.5000416 ], [ -91.03129083, 14.50051252 ], [ -91.03128551, 14.50111569 ], [ -91.03141699, 14.50198208 ], [ -91.03141823, 14.50276039 ], [ -91.03114388, 14.50336583 ], [ -91.0304671, 14.50339178 ], [ -91.02982649, 14.50299781 ], [ -91.02914202, 14.50297625 ], [ -91.02898967, 14.50361773 ], [ -91.02893375, 14.5041719 ], [ -91.02875828, 14.50500182 ], [ -91.02805629, 14.50558332 ], [ -91.02708656, 14.5057593 ], [ -91.02639191, 14.50551172 ], [ -91.02573354, 14.50516052 ], [ -91.02506285, 14.50489055 ], [ -91.02417779, 14.5048029 ], [ -91.02344622, 14.50479674 ], [ -91.02237116, 14.50482157 ], [ -91.02071787, 14.50480764 ], [ -91.02003295, 14.50483688 ], [ -91.01940667, 14.50485419 ], [ -91.01848851, 14.5045132 ], [ -91.0182212, 14.50406249 ], [ -91.01794347, 14.50341514 ], [ -91.0176897, 14.50274653 ], [ -91.01744589, 14.502261 ], [ -91.01721368, 14.50177557 ], [ -91.01687525, 14.50137057 ], [ -91.01619549, 14.50075484 ], [ -91.01569087, 14.50039362 ], [ -91.01491454, 14.50007641 ], [ -91.01437231, 14.4999679 ], [ -91.01369971, 14.49991703 ], [ -91.01275268, 14.50015075 ], [ -91.01199274, 14.50066168 ], [ -91.01159882, 14.5010842 ], [ -91.01115719, 14.50165543 ], [ -91.01066713, 14.50226126 ], [ -91.01010672, 14.50288909 ], [ -91.00954867, 14.50325261 ], [ -91.00906238, 14.50350151 ], [ -91.00845834, 14.50369181 ], [ -91.00770222, 14.50370799 ], [ -91.00666469, 14.50349246 ], [ -91.00599055, 14.50361325 ], [ -91.00519306, 14.50436557 ], [ -91.00479839, 14.5048694 ], [ -91.00445246, 14.50530361 ], [ -91.00390466, 14.50581631 ], [ -91.0033824, 14.5060649 ], [ -91.00288481, 14.50627868 ], [ -91.00210161, 14.50666398 ], [ -91.00118957, 14.50700074 ], [ -91.00044407, 14.50718981 ], [ -90.9997931, 14.50731078 ], [ -90.99911615, 14.50774216 ], [ -90.99885189, 14.5082471 ], [ -90.9984423, 14.50911791 ], [ -90.9982259, 14.5095871 ], [ -90.99778332, 14.51019331 ], [ -90.99704992, 14.51032486 ], [ -90.99627453, 14.50990481 ], [ -90.99547134, 14.50993184 ], [ -90.99507551, 14.51056103 ], [ -90.99491574, 14.51130745 ], [ -90.99469791, 14.51186926 ], [ -90.9939501, 14.51231244 ], [ -90.99328046, 14.5125733 ], [ -90.9928318, 14.51320881 ], [ -90.99216751, 14.51351941 ], [ -90.9914588, 14.51354723 ], [ -90.99074294, 14.51372522 ], [ -90.9904436, 14.51413157 ], [ -90.99024462, 14.51459525 ], [ -90.98974889, 14.51524165 ], [ -90.98927362, 14.51554821 ], [ -90.98896776, 14.51609796 ], [ -90.98876814, 14.51656728 ], [ -90.98841605, 14.51703643 ], [ -90.98776411, 14.51726128 ], [ -90.98696241, 14.5171211 ], [ -90.98677469, 14.51633782 ], [ -90.98682628, 14.51582656 ], [ -90.98667274, 14.5151746 ], [ -90.98569904, 14.51514365 ], [ -90.98508833, 14.51542532 ], [ -90.98431259, 14.5156841 ], [ -90.98342037, 14.51574534 ], [ -90.98288356, 14.51567747 ], [ -90.98242431, 14.51549504 ], [ -90.98192207, 14.51493836 ], [ -90.98146046, 14.51437637 ], [ -90.98079515, 14.51415828 ], [ -90.98025438, 14.51452752 ], [ -90.98007313, 14.51501507 ], [ -90.97964325, 14.5154937 ], [ -90.97880504, 14.51548083 ], [ -90.9781578, 14.51525159 ], [ -90.97740631, 14.51539422 ], [ -90.97709496, 14.51590662 ], [ -90.97698165, 14.51638233 ], [ -90.97689887, 14.51694189 ], [ -90.97641768, 14.51777023 ], [ -90.97608442, 14.51852418 ], [ -90.97636707, 14.5190643 ], [ -90.9770028, 14.51922115 ], [ -90.97770723, 14.51953786 ], [ -90.97798824, 14.52025982 ], [ -90.97785796, 14.52087884 ], [ -90.97758002, 14.52154289 ], [ -90.97736382, 14.52223798 ], [ -90.9768078, 14.52268727 ], [ -90.97616225, 14.52277998 ], [ -90.97557732, 14.5229647 ], [ -90.97498767, 14.52373111 ], [ -90.97473469, 14.52419883 ], [ -90.97438707, 14.52480918 ], [ -90.97405511, 14.52541855 ], [ -90.97339134, 14.52579234 ], [ -90.9725436, 14.52586747 ], [ -90.97193651, 14.5259379 ], [ -90.97109445, 14.52627965 ], [ -90.97053855, 14.52671312 ], [ -90.96897885, 14.52742254 ], [ -90.9633338, 14.52435534 ], [ -90.960513, 14.52229194 ], [ -90.95714186, 14.52132504 ], [ -90.94782571, 14.51987918 ], [ -90.94228328, 14.51944091 ], [ -90.93087473, 14.51953028 ], [ -90.91856675, 14.52237963 ], [ -90.90941011, 14.52201916 ], [ -90.90758698, 14.52150703 ], [ -90.90337002, 14.51891209 ], [ -90.90200146, 14.5187067 ], [ -90.89787201, 14.51655863 ], [ -90.89353065, 14.51451363 ], [ -90.88697968, 14.51037261 ], [ -90.87643389, 14.5026859 ], [ -90.87623732, 14.50317885 ], [ -90.87559832, 14.50411057 ], [ -90.87522025, 14.50673553 ], [ -90.87327512, 14.51932331 ], [ -90.8717596, 14.53248308 ], [ -90.8687514, 14.53355362 ], [ -90.86527306, 14.53552005 ], [ -90.86146452, 14.53889981 ], [ -90.8607178, 14.53913809 ], [ -90.85833503, 14.54225521 ], [ -90.85839788, 14.54469664 ], [ -90.86397187, 14.54711953 ], [ -90.86564814, 14.54831854 ], [ -90.86639058, 14.54943449 ], [ -90.86873158, 14.55133306 ], [ -90.87109001, 14.55250663 ], [ -90.87542028, 14.55345299 ], [ -90.87571263, 14.55386453 ], [ -90.87689438, 14.5540989 ], [ -90.87879169, 14.55602611 ], [ -90.87899123, 14.56062844 ], [ -90.88002578, 14.56310356 ], [ -90.88579816, 14.56754174 ], [ -90.88891296, 14.56969452 ], [ -90.89145112, 14.57218543 ], [ -90.89542307, 14.57574648 ], [ -90.89933278, 14.58019812 ], [ -90.90229199, 14.58332075 ], [ -90.90243989, 14.58405288 ], [ -90.90311946, 14.58491968 ], [ -90.90570572, 14.58757131 ], [ -90.90736236, 14.58759068 ], [ -90.91278883, 14.58449576 ], [ -90.91678936, 14.58341549 ], [ -90.92017552, 14.58204956 ], [ -90.92476631, 14.58109527 ], [ -90.92719407, 14.57982688 ], [ -90.92934729, 14.57938851 ], [ -90.93139336, 14.57812799 ], [ -90.93519579, 14.57737885 ], [ -90.93708875, 14.57773557 ], [ -90.93934507, 14.57855407 ], [ -90.94168138, 14.58087783 ], [ -90.94295546, 14.58574727 ], [ -90.94565436, 14.58906819 ], [ -90.95619793, 14.59493618 ], [ -90.96026848, 14.5963363 ] ] ] ] } },
{ "type": "Feature", "properties": { "municipio": "Santa María Chiquimula" }, "geometry": { "type": "MultiLineString", "coordinates": [ [ [ -91.24661887, 14.94340208 ], [ -91.24344166, 14.94496377 ] ], [ [ -91.24344166, 14.94496377 ], [ -91.24104253, 14.94671328 ] ], [ [ -91.36516825, 14.95433488 ], [ -91.36627827, 14.95437672 ] ], [ [ -91.36516825, 14.95433488 ], [ -91.35799493, 14.94982765 ] ] ] } },
{ "type": "Feature", "properties": { "municipio": "Totonicapán" }, "geometry": { "type": "MultiPolygon", "coordinates": [ [ [ [ -91.24104253, 14.94671328 ], [ -91.24344166, 14.94496377 ], [ -91.24661887, 14.94340208 ], [ -91.24847853, 14.94182799 ], [ -91.25211331, 14.94057249 ], [ -91.25559384, 14.93862888 ], [ -91.25963822, 14.9377198 ], [ -91.26691658, 14.93690185 ], [ -91.26929118, 14.93643633 ], [ -91.28987618, 14.93584679 ], [ -91.29780051, 14.93738475 ], [ -91.30062502, 14.93895349 ], [ -91.3062582, 14.94034647 ], [ -91.31905911, 14.94082962 ], [ -91.33540353, 14.93905469 ], [ -91.34208746, 14.93931003 ], [ -91.34448837, 14.94002901 ], [ -91.34973283, 14.94269813 ], [ -91.35799493, 14.94982765 ], [ -91.36516825, 14.95433488 ], [ -91.36627827, 14.95437672 ], [ -91.36838988, 14.95550802 ], [ -91.3743345, 14.95749926 ], [ -91.3849048, 14.95989709 ], [ -91.39823107, 14.96060673 ], [ -91.41356587, 14.9606517 ], [ -91.41709166, 14.96129191 ], [ -91.41656272, 14.95917894 ], [ -91.41508844, 14.95643125 ], [ -91.41207278, 14.95288538 ], [ -91.41103853, 14.95178117 ], [ -91.41012605, 14.95047557 ], [ -91.40592425, 14.94533743 ], [ -91.4055602, 14.94475306 ], [ -91.40547411, 14.9439006 ], [ -91.40561867, 14.94305089 ], [ -91.40595666, 14.94220591 ], [ -91.40652966, 14.94092761 ], [ -91.41277892, 14.93111715 ], [ -91.41876999, 14.92650282 ], [ -91.41995595, 14.92480391 ], [ -91.41988698, 14.9239866 ], [ -91.41892623, 14.92301173 ], [ -91.4145688, 14.92122589 ], [ -91.41296297, 14.92084306 ], [ -91.41019427, 14.92098879 ], [ -91.40945563, 14.91983805 ], [ -91.40939121, 14.91714308 ], [ -91.41167699, 14.91297537 ], [ -91.41503424, 14.90899807 ], [ -91.42446962, 14.90123488 ], [ -91.42487786, 14.89765852 ], [ -91.43248421, 14.8932141 ], [ -91.43757462, 14.89085256 ], [ -91.43929586, 14.89067561 ], [ -91.43963857, 14.88284731 ], [ -91.4404939, 14.87860169 ], [ -91.44544806, 14.8710374 ], [ -91.44584576, 14.869194 ], [ -91.4459563, 14.86300004 ], [ -91.44305815, 14.86007681 ], [ -91.43982691, 14.85785402 ], [ -91.43853735, 14.85691431 ], [ -91.43217017, 14.85426901 ], [ -91.42875173, 14.85194086 ], [ -91.42249343, 14.84905542 ], [ -91.41942622, 14.8459726 ], [ -91.41908548, 14.84475234 ], [ -91.41588795, 14.84068003 ], [ -91.40651851, 14.82551792 ], [ -91.40422882, 14.82274764 ], [ -91.3735321, 14.8419863 ], [ -91.37016865, 14.84445136 ], [ -91.36556216, 14.8475594 ], [ -91.36320213, 14.84909038 ], [ -91.36175366, 14.85025953 ], [ -91.36204846, 14.85136655 ], [ -91.36305829, 14.85400045 ], [ -91.36353091, 14.85563632 ], [ -91.36003021, 14.85815897 ], [ -91.34756255, 14.86744884 ], [ -91.33726721, 14.87560359 ], [ -91.3287007, 14.87525439 ], [ -91.30731458, 14.87583418 ], [ -91.3064583, 14.8744428 ], [ -91.30515212, 14.86618271 ], [ -91.30310646, 14.85720994 ], [ -91.3019502, 14.85587169 ], [ -91.29526596, 14.86014905 ], [ -91.28925957, 14.86194922 ], [ -91.28177453, 14.86322866 ], [ -91.27577781, 14.86232738 ], [ -91.27204453, 14.86001502 ], [ -91.26849965, 14.85659013 ], [ -91.26602166, 14.85243893 ], [ -91.26423239, 14.84670003 ], [ -91.26278178, 14.84495608 ], [ -91.25060957, 14.8507405 ], [ -91.24712098, 14.85192044 ], [ -91.24501071, 14.85320687 ], [ -91.23955237, 14.85429933 ], [ -91.23648613, 14.85444526 ], [ -91.23509633, 14.85524797 ], [ -91.21565337, 14.85875794 ], [ -91.21218899, 14.85978612 ], [ -91.21195292, 14.86081004 ], [ -91.21285504, 14.86889545 ], [ -91.21264809, 14.87160057 ], [ -91.21159966, 14.87464933 ], [ -91.20683081, 14.88352077 ], [ -91.18706139, 14.89191353 ], [ -91.18517495, 14.89232561 ], [ -91.17649855, 14.89643084 ], [ -91.18450916, 14.90523809 ], [ -91.18489955, 14.9062014 ], [ -91.19043773, 14.91227203 ], [ -91.20516574, 14.93010924 ], [ -91.20953687, 14.93505196 ], [ -91.21062426, 14.93646806 ], [ -91.21188736, 14.93848651 ], [ -91.21442668, 14.94080301 ], [ -91.21745817, 14.94536687 ], [ -91.21934315, 14.94694618 ], [ -91.23313886, 14.94687257 ], [ -91.23620646, 14.94672117 ], [ -91.2368685, 14.9463275 ], [ -91.24104253, 14.94671328 ] ] ] ] } },
{ "type": "Feature", "properties": { "municipio": "Nahualá" }, "geometry": { "type": "MultiPolygon", "coordinates": [ [ [ [ -91.26278178, 14.84495608 ], [ -91.26423239, 14.84670003 ], [ -91.26602166, 14.85243893 ], [ -91.26849965, 14.85659013 ], [ -91.27204453, 14.86001502 ], [ -91.27577781, 14.86232738 ], [ -91.28177453, 14.86322866 ], [ -91.28925957, 14.86194922 ], [ -91.29526596, 14.86014905 ], [ -91.3019502, 14.85587169 ], [ -91.30310646, 14.85720994 ], [ -91.30515212, 14.86618271 ], [ -91.3064583, 14.8744428 ], [ -91.30731458, 14.87583418 ], [ -91.3287007, 14.87525439 ], [ -91.33726721, 14.87560359 ], [ -91.34756255, 14.86744884 ], [ -91.36003021, 14.85815897 ], [ -91.36353091, 14.85563632 ], [ -91.36305829, 14.85400045 ], [ -91.36204846, 14.85136655 ], [ -91.36175366, 14.85025953 ], [ -91.36320213, 14.84909038 ], [ -91.36556216, 14.8475594 ], [ -91.37016865, 14.84445136 ], [ -91.3735321, 14.8419863 ], [ -91.40422882, 14.82274764 ], [ -91.40410574, 14.81996977 ], [ -91.40573855, 14.81378645 ], [ -91.40631812, 14.80893123 ], [ -91.408102, 14.80111751 ], [ -91.40914171, 14.79962997 ], [ -91.42233884, 14.78643764 ], [ -91.43859172, 14.76932204 ], [ -91.44343901, 14.76487846 ], [ -91.44420918, 14.763764 ], [ -91.44461746, 14.76137381 ], [ -91.44552148, 14.74917565 ], [ -91.44553591, 14.74673422 ], [ -91.44611093, 14.74464115 ], [ -91.44663888, 14.74411029 ], [ -91.44829231, 14.74194876 ], [ -91.44901663, 14.7416384 ], [ -91.45509336, 14.74102038 ], [ -91.45822343, 14.73992952 ], [ -91.4596045, 14.73982912 ], [ -91.46230847, 14.73857154 ], [ -91.46558302, 14.73524109 ], [ -91.46697397, 14.73314432 ], [ -91.46978946, 14.72869901 ], [ -91.47229275, 14.72614179 ], [ -91.47585884, 14.72415872 ], [ -91.47976372, 14.72261166 ], [ -91.4803627, 14.72219642 ], [ -91.4832197, 14.7205848 ], [ -91.48499884, 14.71888587 ], [ -91.4854481, 14.717707 ], [ -91.48597101, 14.71720991 ], [ -91.48732055, 14.71189493 ], [ -91.48854306, 14.70917209 ], [ -91.49007188, 14.70621171 ], [ -91.4891467, 14.70520465 ], [ -91.48891362, 14.7041569 ], [ -91.48875324, 14.69819483 ], [ -91.48917522, 14.6914321 ], [ -91.48822873, 14.68146076 ], [ -91.48561917, 14.66751848 ], [ -91.48346184, 14.66099993 ], [ -91.48164635, 14.64488222 ], [ -91.48282284, 14.64246639 ], [ -91.48464778, 14.63577154 ], [ -91.48778611, 14.63043535 ], [ -91.48971868, 14.62705044 ], [ -91.49057268, 14.62552617 ], [ -91.49118617, 14.62438787 ], [ -91.49271905, 14.62114835 ], [ -91.49467295, 14.61809909 ], [ -91.49563269, 14.61611562 ], [ -91.50010522, 14.61071437 ], [ -91.50050459, 14.61008084 ], [ -91.50070498, 14.60944602 ], [ -91.50094947, 14.60881035 ], [ -91.50213751, 14.60719439 ], [ -91.50454512, 14.60418409 ], [ -91.50479896, 14.60370779 ], [ -91.50519678, 14.60295672 ], [ -91.50624709, 14.60076588 ], [ -91.50648871, 14.60012115 ], [ -91.50550964, 14.60001094 ], [ -91.50181694, 14.59919184 ], [ -91.50008465, 14.59860336 ], [ -91.50004751, 14.59637844 ], [ -91.49921426, 14.59572681 ], [ -91.49823129, 14.59465504 ], [ -91.49624808, 14.59360732 ], [ -91.49432623, 14.59445927 ], [ -91.49186035, 14.5944411 ], [ -91.49019555, 14.59944573 ], [ -91.4887287, 14.60102367 ], [ -91.4855137, 14.60187168 ], [ -91.48278877, 14.60730208 ], [ -91.47447522, 14.61566968 ], [ -91.47210042, 14.62032036 ], [ -91.46832248, 14.62424321 ], [ -91.46543282, 14.62688948 ], [ -91.46435743, 14.62868786 ], [ -91.46023014, 14.63873645 ], [ -91.45759528, 14.64024993 ], [ -91.45568444, 14.64094227 ], [ -91.44790548, 14.64144527 ], [ -91.44079646, 14.64271513 ], [ -91.44032297, 14.64296617 ], [ -91.43978988, 14.64344164 ], [ -91.43954628, 14.64416648 ], [ -91.43958966, 14.64500623 ], [ -91.43954438, 14.64607473 ], [ -91.43927147, 14.64684231 ], [ -91.4349179, 14.65005226 ], [ -91.43264012, 14.65059392 ], [ -91.43123116, 14.65143178 ], [ -91.42680366, 14.65188318 ], [ -91.42308892, 14.6533539 ], [ -91.41958296, 14.65410628 ], [ -91.41719002, 14.6551622 ], [ -91.41620373, 14.65611469 ], [ -91.4165743, 14.65872707 ], [ -91.42261806, 14.66393252 ], [ -91.42633235, 14.66856055 ], [ -91.42816834, 14.67189576 ], [ -91.4293532, 14.67548641 ], [ -91.43024466, 14.68026815 ], [ -91.4303582, 14.68436336 ], [ -91.42998836, 14.68845191 ], [ -91.42971448, 14.68966574 ], [ -91.42932876, 14.69069464 ], [ -91.42913431, 14.69143109 ], [ -91.42821158, 14.69337716 ], [ -91.4266701, 14.69719902 ], [ -91.42620726, 14.6983754 ], [ -91.42586133, 14.69910969 ], [ -91.42515772, 14.70075895 ], [ -91.42221659, 14.70994915 ], [ -91.42069842, 14.71388522 ], [ -91.41957529, 14.71969605 ], [ -91.41996817, 14.7354143 ], [ -91.42135221, 14.74166478 ], [ -91.42413244, 14.74556913 ], [ -91.42621774, 14.7473978 ], [ -91.42595828, 14.75038324 ], [ -91.42544821, 14.75076164 ], [ -91.42547182, 14.75127134 ], [ -91.42296521, 14.75409458 ], [ -91.41677142, 14.76153264 ], [ -91.40611651, 14.77197097 ], [ -91.40304595, 14.77491659 ], [ -91.40115892, 14.77748736 ], [ -91.39857503, 14.78110623 ], [ -91.39625439, 14.78309662 ], [ -91.3954012, 14.78472097 ], [ -91.3923501, 14.78931716 ], [ -91.39170084, 14.79138805 ], [ -91.39145797, 14.79598231 ], [ -91.38719765, 14.8034204 ], [ -91.38393092, 14.80712014 ], [ -91.38180724, 14.81044598 ], [ -91.38096692, 14.81257423 ], [ -91.37889425, 14.81457065 ], [ -91.37567087, 14.81903427 ], [ -91.3746687, 14.82058289 ], [ -91.37255849, 14.82121308 ], [ -91.36978573, 14.82098784 ], [ -91.36863519, 14.82024421 ], [ -91.36641645, 14.82040133 ], [ -91.36366962, 14.81997398 ], [ -91.36251484, 14.8192574 ], [ -91.36003024, 14.81901941 ], [ -91.35666461, 14.81880448 ], [ -91.35365502, 14.81934672 ], [ -91.34865235, 14.81930751 ], [ -91.34493898, 14.82145449 ], [ -91.34062781, 14.82302319 ], [ -91.33844039, 14.8250839 ], [ -91.33431641, 14.82645724 ], [ -91.32986756, 14.82664868 ], [ -91.32742336, 14.82500409 ], [ -91.32390603, 14.8211848 ], [ -91.32223024, 14.81771896 ], [ -91.32215311, 14.80767493 ], [ -91.32279307, 14.80365769 ], [ -91.32347892, 14.80046662 ], [ -91.32634911, 14.79324012 ], [ -91.32678165, 14.78975459 ], [ -91.32547972, 14.78774774 ], [ -91.32129946, 14.78474837 ], [ -91.32050428, 14.78457312 ], [ -91.31546964, 14.78028743 ], [ -91.31282076, 14.778613 ], [ -91.30786107, 14.77383289 ], [ -91.30688636, 14.77136064 ], [ -91.30125335, 14.77377984 ], [ -91.297357, 14.7771155 ], [ -91.29700252, 14.77812965 ], [ -91.29792328, 14.78483127 ], [ -91.29938184, 14.78786069 ], [ -91.29995336, 14.78902175 ], [ -91.30115061, 14.79094661 ], [ -91.30189386, 14.79272126 ], [ -91.3024862, 14.79449366 ], [ -91.30313197, 14.7969364 ], [ -91.30466982, 14.80121135 ], [ -91.3046546, 14.80302108 ], [ -91.30452562, 14.80497345 ], [ -91.30418917, 14.80553133 ], [ -91.3011334, 14.80709949 ], [ -91.2926208, 14.80838884 ], [ -91.28970409, 14.80901793 ], [ -91.2866498, 14.80971374 ], [ -91.28190675, 14.81148146 ], [ -91.27673623, 14.81582616 ], [ -91.27284543, 14.81897605 ], [ -91.2708041, 14.81961031 ], [ -91.265861, 14.82006229 ], [ -91.26231855, 14.81940407 ], [ -91.26037105, 14.81853755 ], [ -91.2582271, 14.81682564 ], [ -91.25593891, 14.81297294 ], [ -91.25306591, 14.81095722 ], [ -91.24998396, 14.80995323 ], [ -91.24147004, 14.80857228 ], [ -91.23702393, 14.80704822 ], [ -91.23564172, 14.80537471 ], [ -91.23504701, 14.80001649 ], [ -91.23333364, 14.79622676 ], [ -91.22900288, 14.79898389 ], [ -91.22629331, 14.79963071 ], [ -91.22350843, 14.79961491 ], [ -91.22320132, 14.80367606 ], [ -91.22488736, 14.80688271 ], [ -91.23251783, 14.81400541 ], [ -91.23513292, 14.81522408 ], [ -91.23706625, 14.81667588 ], [ -91.23898174, 14.81696053 ], [ -91.24068609, 14.81786829 ], [ -91.24655082, 14.82171563 ], [ -91.24924361, 14.82390856 ], [ -91.25670718, 14.83152978 ], [ -91.25848799, 14.8344455 ], [ -91.2596413, 14.83581441 ], [ -91.26208526, 14.84149954 ], [ -91.26278178, 14.84495608 ] ] ] ] } },
{ "type": "Feature", "properties": { "municipio": "Santa Catarina Ixtahuacán" }, "geometry": { "type": "MultiPolygon", "coordinates": [ [ [ [ -91.30688636, 14.77136064 ], [ -91.30786107, 14.77383289 ], [ -91.31282076, 14.778613 ], [ -91.31546964, 14.78028743 ], [ -91.32050428, 14.78457312 ], [ -91.32129946, 14.78474837 ], [ -91.32547972, 14.78774774 ], [ -91.32678165, 14.78975459 ], [ -91.32634911, 14.79324012 ], [ -91.32347892, 14.80046662 ], [ -91.32279307, 14.80365769 ], [ -91.32215311, 14.80767493 ], [ -91.32223024, 14.81771896 ], [ -91.32390603, 14.8211848 ], [ -91.32742336, 14.82500409 ], [ -91.32986756, 14.82664868 ], [ -91.33431641, 14.82645724 ], [ -91.33844039, 14.8250839 ], [ -91.34062781, 14.82302319 ], [ -91.34493898, 14.82145449 ], [ -91.34865235, 14.81930751 ], [ -91.35365502, 14.81934672 ], [ -91.35666461, 14.81880448 ], [ -91.36003024, 14.81901941 ], [ -91.36251484, 14.8192574 ], [ -91.36366962, 14.81997398 ], [ -91.36641645, 14.82040133 ], [ -91.36863519, 14.82024421 ], [ -91.36978573, 14.82098784 ], [ -91.37255849, 14.82121308 ], [ -91.3746687, 14.82058289 ], [ -91.37567087, 14.81903427 ], [ -91.37889425, 14.81457065 ], [ -91.38096692, 14.81257423 ], [ -91.38180724, 14.81044598 ], [ -91.38393092, 14.80712014 ], [ -91.38719765, 14.8034204 ], [ -91.39145797, 14.79598231 ], [ -91.39170084, 14.79138805 ], [ -91.3923501, 14.78931716 ], [ -91.3954012, 14.78472097 ], [ -91.39625439, 14.78309662 ], [ -91.39857503, 14.78110623 ], [ -91.40115892, 14.77748736 ], [ -91.40304595, 14.77491659 ], [ -91.40611651, 14.77197097 ], [ -91.41677142, 14.76153264 ], [ -91.42296521, 14.75409458 ], [ -91.42547182, 14.75127134 ], [ -91.42544821, 14.75076164 ], [ -91.42595828, 14.75038324 ], [ -91.42621774, 14.7473978 ], [ -91.42413244, 14.74556913 ], [ -91.42135221, 14.74166478 ], [ -91.41996817, 14.7354143 ], [ -91.41957529, 14.71969605 ], [ -91.42069842, 14.71388522 ], [ -91.42221659, 14.70994915 ], [ -91.42515772, 14.70075895 ], [ -91.42586133, 14.69910969 ], [ -91.42620726, 14.6983754 ], [ -91.4266701, 14.69719902 ], [ -91.42821158, 14.69337716 ], [ -91.42913431, 14.69143109 ], [ -91.42932876, 14.69069464 ], [ -91.42971448, 14.68966574 ], [ -91.42998836, 14.68845191 ], [ -91.4303582, 14.68436336 ], [ -91.43024466, 14.68026815 ], [ -91.4293532, 14.67548641 ], [ -91.42816834, 14.67189576 ], [ -91.42633235, 14.66856055 ], [ -91.42261806, 14.66393252 ], [ -91.4165743, 14.65872707 ], [ -91.41620373, 14.65611469 ], [ -91.41719002, 14.6551622 ], [ -91.41958296, 14.65410628 ], [ -91.42308892, 14.6533539 ], [ -91.42680366, 14.65188318 ], [ -91.43123116, 14.65143178 ], [ -91.43264012, 14.65059392 ], [ -91.4349179, 14.65005226 ], [ -91.43927147, 14.64684231 ], [ -91.43954438, 14.64607473 ], [ -91.43958966, 14.64500623 ], [ -91.43954628, 14.64416648 ], [ -91.43978988, 14.64344164 ], [ -91.44032297, 14.64296617 ], [ -91.44079646, 14.64271513 ], [ -91.44790548, 14.64144527 ], [ -91.45568444, 14.64094227 ], [ -91.45759528, 14.64024993 ], [ -91.46023014, 14.63873645 ], [ -91.46435743, 14.62868786 ], [ -91.46543282, 14.62688948 ], [ -91.46832248, 14.62424321 ], [ -91.47210042, 14.62032036 ], [ -91.47447522, 14.61566968 ], [ -91.48278877, 14.60730208 ], [ -91.4855137, 14.60187168 ], [ -91.48452034, 14.60147656 ], [ -91.47756115, 14.60141092 ], [ -91.46550031, 14.59944622 ], [ -91.46001889, 14.5997807 ], [ -91.4542317, 14.59937524 ], [ -91.45216157, 14.59958749 ], [ -91.45060394, 14.60000874 ], [ -91.44980716, 14.60071411 ], [ -91.44950886, 14.60164311 ], [ -91.44932162, 14.60253443 ], [ -91.44949787, 14.60354228 ], [ -91.44991793, 14.60386481 ], [ -91.45028377, 14.60439148 ], [ -91.45032158, 14.60561873 ], [ -91.45009969, 14.60657083 ], [ -91.44876592, 14.60848267 ], [ -91.4476768, 14.61099494 ], [ -91.44558789, 14.6145219 ], [ -91.44083666, 14.61927498 ], [ -91.43648592, 14.62348266 ], [ -91.43307489, 14.62744575 ], [ -91.43376913, 14.63074949 ], [ -91.43337419, 14.63342451 ], [ -91.43263687, 14.63455501 ], [ -91.43040463, 14.63613979 ], [ -91.42434696, 14.63685359 ], [ -91.42269691, 14.63863657 ], [ -91.42075794, 14.63952049 ], [ -91.41437415, 14.63990416 ], [ -91.4121299, 14.64071588 ], [ -91.41045956, 14.64215628 ], [ -91.40857371, 14.64266536 ], [ -91.40508046, 14.64191951 ], [ -91.40268126, 14.64264872 ], [ -91.40130251, 14.6425952 ], [ -91.39895946, 14.64070249 ], [ -91.3960044, 14.6364872 ], [ -91.39331648, 14.6355185 ], [ -91.38862604, 14.63587022 ], [ -91.38540695, 14.63391936 ], [ -91.38317587, 14.63411967 ], [ -91.37898016, 14.63749908 ], [ -91.3754619, 14.63695033 ], [ -91.37252814, 14.63935889 ], [ -91.3705833, 14.63936675 ], [ -91.36814248, 14.63763576 ], [ -91.36486903, 14.6381935 ], [ -91.36282111, 14.64036637 ], [ -91.36167582, 14.64263144 ], [ -91.35797902, 14.64541176 ], [ -91.35690302, 14.64568661 ], [ -91.35529736, 14.65007689 ], [ -91.35311607, 14.65446307 ], [ -91.35194467, 14.66166839 ], [ -91.34919504, 14.66683907 ], [ -91.34932069, 14.67089924 ], [ -91.35004829, 14.67988611 ], [ -91.35058237, 14.68078582 ], [ -91.35097708, 14.68673124 ], [ -91.35144807, 14.68792197 ], [ -91.34976688, 14.69318267 ], [ -91.3497544, 14.69453718 ], [ -91.34929273, 14.69488639 ], [ -91.34913195, 14.69651324 ], [ -91.34775237, 14.69930864 ], [ -91.34309226, 14.70453899 ], [ -91.34021689, 14.70772809 ], [ -91.34074069, 14.71367667 ], [ -91.34118157, 14.71431701 ], [ -91.34189872, 14.71856894 ], [ -91.34130011, 14.72312777 ], [ -91.33978421, 14.72595149 ], [ -91.33799811, 14.72804343 ], [ -91.33536316, 14.73093137 ], [ -91.334593, 14.73252783 ], [ -91.33124655, 14.73660814 ], [ -91.32909616, 14.73765799 ], [ -91.32641786, 14.74072061 ], [ -91.32392419, 14.74270335 ], [ -91.32203417, 14.74544172 ], [ -91.3202297, 14.74738762 ], [ -91.31787949, 14.75251542 ], [ -91.31758855, 14.76091187 ], [ -91.31267914, 14.76620056 ], [ -91.30806137, 14.7698554 ], [ -91.30688636, 14.77136064 ] ] ] ] } },
{ "type": "Feature", "properties": { "municipio": "Santa Apolonia" }, "geometry": { "type": "MultiPolygon", "coordinates": [ [ [ [ -90.9237883, 14.79286392 ], [ -90.9240263, 14.7951206 ], [ -90.92528482, 14.79700694 ], [ -90.9257784, 14.79704979 ], [ -90.92975654, 14.80138002 ], [ -90.93451223, 14.80937571 ], [ -90.93586029, 14.81175417 ], [ -90.93575387, 14.81312221 ], [ -90.93486046, 14.8141624 ], [ -90.93435176, 14.8147915 ], [ -90.9346401, 14.81664764 ], [ -90.93745363, 14.82066689 ], [ -90.93705065, 14.82416821 ], [ -90.93513191, 14.82698612 ], [ -90.93425567, 14.82847262 ], [ -90.93432353, 14.82927519 ], [ -90.93380132, 14.83028369 ], [ -90.93426541, 14.83539784 ], [ -90.93676885, 14.83901335 ], [ -90.93971676, 14.84137904 ], [ -90.94187455, 14.84368115 ], [ -90.94485636, 14.85015069 ], [ -90.94601037, 14.85429623 ], [ -90.94762043, 14.86665191 ], [ -90.94739183, 14.87369363 ], [ -90.94789441, 14.88072382 ], [ -90.95001673, 14.888174 ], [ -90.95034006, 14.89138137 ], [ -90.95122996, 14.89295712 ], [ -90.95243809, 14.89687046 ], [ -90.95350861, 14.8932226 ], [ -90.95540526, 14.89033549 ], [ -90.95570948, 14.88905167 ], [ -90.96302145, 14.87817717 ], [ -90.96441005, 14.87240737 ], [ -90.96517301, 14.86603447 ], [ -90.96458981, 14.86370244 ], [ -90.96406103, 14.85531654 ], [ -90.96313604, 14.8513538 ], [ -90.96403299, 14.84963242 ], [ -90.96424094, 14.84807323 ], [ -90.96562161, 14.84677632 ], [ -90.96613012, 14.84554849 ], [ -90.97031797, 14.84021564 ], [ -90.97061641, 14.83928187 ], [ -90.9739069, 14.83527049 ], [ -90.97538251, 14.83249011 ], [ -90.9788658, 14.82770206 ], [ -90.98932765, 14.80947788 ], [ -90.99171184, 14.80286588 ], [ -90.99156188, 14.79771714 ], [ -90.99083063, 14.79454572 ], [ -90.988453, 14.78880713 ], [ -90.98700277, 14.7864992 ], [ -90.98324181, 14.78330583 ], [ -90.98062193, 14.78201668 ], [ -90.97941204, 14.78091154 ], [ -90.97509377, 14.78000392 ], [ -90.95413593, 14.78276376 ], [ -90.95009426, 14.78319777 ], [ -90.94514792, 14.78261723 ], [ -90.94152327, 14.7837009 ], [ -90.93958421, 14.78349382 ], [ -90.9378102, 14.78271328 ], [ -90.93118489, 14.78793564 ], [ -90.93042323, 14.78806886 ], [ -90.92955475, 14.7890607 ], [ -90.9237883, 14.79286392 ] ] ] ] } },
{ "type": "Feature", "properties": { "municipio": "Santa Lucía Utatlán" }, "geometry": { "type": "MultiPolygon", "coordinates": [ [ [ [ -91.23333364, 14.79622676 ], [ -91.23504701, 14.80001649 ], [ -91.23564172, 14.80537471 ], [ -91.23702393, 14.80704822 ], [ -91.24147004, 14.80857228 ], [ -91.24998396, 14.80995323 ], [ -91.25306591, 14.81095722 ], [ -91.25593891, 14.81297294 ], [ -91.2582271, 14.81682564 ], [ -91.26037105, 14.81853755 ], [ -91.26231855, 14.81940407 ], [ -91.265861, 14.82006229 ], [ -91.2708041, 14.81961031 ], [ -91.27284543, 14.81897605 ], [ -91.27673623, 14.81582616 ], [ -91.28190675, 14.81148146 ], [ -91.2866498, 14.80971374 ], [ -91.28970409, 14.80901793 ], [ -91.2926208, 14.80838884 ], [ -91.3011334, 14.80709949 ], [ -91.30418917, 14.80553133 ], [ -91.30452562, 14.80497345 ], [ -91.3046546, 14.80302108 ], [ -91.30466982, 14.80121135 ], [ -91.30313197, 14.7969364 ], [ -91.3024862, 14.79449366 ], [ -91.30189386, 14.79272126 ], [ -91.30115061, 14.79094661 ], [ -91.29995336, 14.78902175 ], [ -91.29938184, 14.78786069 ], [ -91.29792328, 14.78483127 ], [ -91.29700252, 14.77812965 ], [ -91.297357, 14.7771155 ], [ -91.30125335, 14.77377984 ], [ -91.30688636, 14.77136064 ], [ -91.30806137, 14.7698554 ], [ -91.31267914, 14.76620056 ], [ -91.31758855, 14.76091187 ], [ -91.31787949, 14.75251542 ], [ -91.3202297, 14.74738762 ], [ -91.31918935, 14.74604808 ], [ -91.31782611, 14.74525864 ], [ -91.31426946, 14.74460798 ], [ -91.3059367, 14.74398448 ], [ -91.29955118, 14.7445104 ], [ -91.29623357, 14.74410865 ], [ -91.28992085, 14.74415921 ], [ -91.27572895, 14.74734135 ], [ -91.26860254, 14.74847431 ], [ -91.26719773, 14.74929639 ], [ -91.26138567, 14.75112583 ], [ -91.25263417, 14.75272618 ], [ -91.24960821, 14.75236889 ], [ -91.2472696, 14.75149371 ], [ -91.24647843, 14.75482828 ], [ -91.24600118, 14.76186503 ], [ -91.24554275, 14.76249871 ], [ -91.24511939, 14.76736907 ], [ -91.24392965, 14.77318821 ], [ -91.24188606, 14.77956342 ], [ -91.23890683, 14.78503221 ], [ -91.23680767, 14.79135044 ], [ -91.23523177, 14.79404064 ], [ -91.23333364, 14.79622676 ] ] ] ] } },
{ "type": "Feature", "properties": { "municipio": "San José Chacayá" }, "geometry": { "type": "MultiPolygon", "coordinates": [ [ [ [ -91.20558875, 14.76085877 ], [ -91.20778541, 14.7631047 ], [ -91.20849669, 14.76478103 ], [ -91.21091449, 14.76987436 ], [ -91.21145267, 14.77362686 ], [ -91.21302079, 14.77871472 ], [ -91.21372238, 14.77917203 ], [ -91.21490482, 14.78124061 ], [ -91.21589582, 14.78421937 ], [ -91.21765662, 14.78734304 ], [ -91.21813078, 14.78935191 ], [ -91.21929007, 14.79184959 ], [ -91.22327186, 14.79829473 ], [ -91.22350843, 14.79961491 ], [ -91.22629331, 14.79963071 ], [ -91.22900288, 14.79898389 ], [ -91.23333364, 14.79622676 ], [ -91.23523177, 14.79404064 ], [ -91.23680767, 14.79135044 ], [ -91.23890683, 14.78503221 ], [ -91.24188606, 14.77956342 ], [ -91.24392965, 14.77318821 ], [ -91.24511939, 14.76736907 ], [ -91.24554275, 14.76249871 ], [ -91.24600118, 14.76186503 ], [ -91.24647843, 14.75482828 ], [ -91.2472696, 14.75149371 ], [ -91.24722299, 14.75050034 ], [ -91.24723648, 14.74975709 ], [ -91.24401574, 14.7498106 ], [ -91.24193683, 14.7490571 ], [ -91.22472747, 14.75139964 ], [ -91.22065162, 14.75139655 ], [ -91.21721492, 14.75487439 ], [ -91.21166061, 14.75891985 ], [ -91.20558875, 14.76085877 ] ] ] ] } },
{ "type": "Feature", "properties": { "municipio": "Santa Cruz La Laguna" }, "geometry": { "type": "MultiPolygon", "coordinates": [ [ [ [ -91.19945544, 14.7409737 ], [ -91.19880784, 14.74610988 ], [ -91.19891276, 14.75367509 ], [ -91.20097863, 14.75656172 ], [ -91.20558875, 14.76085877 ], [ -91.21166061, 14.75891985 ], [ -91.21721492, 14.75487439 ], [ -91.22065162, 14.75139655 ], [ -91.22472747, 14.75139964 ], [ -91.24193683, 14.7490571 ], [ -91.24401574, 14.7498106 ], [ -91.24723648, 14.74975709 ], [ -91.24754288, 14.74352904 ], [ -91.24907363, 14.73980692 ], [ -91.24971237, 14.73693888 ], [ -91.24881475, 14.73465232 ], [ -91.24511044, 14.73053921 ], [ -91.2445789, 14.72907671 ], [ -91.24342097, 14.72864767 ], [ -91.24318271, 14.72926495 ], [ -91.24239143, 14.72986899 ], [ -91.2419105, 14.73013195 ], [ -91.24128051, 14.73052708 ], [ -91.24070811, 14.73083227 ], [ -91.23972476, 14.73121342 ], [ -91.23892703, 14.73117459 ], [ -91.23806461, 14.73073534 ], [ -91.23753144, 14.73042061 ], [ -91.23673604, 14.73009259 ], [ -91.23614447, 14.72996607 ], [ -91.23559894, 14.72981731 ], [ -91.23499666, 14.72958 ], [ -91.23346824, 14.72831549 ], [ -91.23233201, 14.72786284 ], [ -91.23190607, 14.72835892 ], [ -91.23161781, 14.7287668 ], [ -91.23107606, 14.72951731 ], [ -91.23070847, 14.72990199 ], [ -91.23023779, 14.73033107 ], [ -91.22949327, 14.73074676 ], [ -91.22899094, 14.73085475 ], [ -91.22847751, 14.73097283 ], [ -91.22725545, 14.73122896 ], [ -91.22637723, 14.73131147 ], [ -91.22556669, 14.73149392 ], [ -91.22500551, 14.73184435 ], [ -91.22461513, 14.73217461 ], [ -91.22343006, 14.73359573 ], [ -91.22256835, 14.73443187 ], [ -91.22194889, 14.73488238 ], [ -91.22081454, 14.7356283 ], [ -91.22026491, 14.73591215 ], [ -91.21954492, 14.73616192 ], [ -91.21875862, 14.73614457 ], [ -91.21816633, 14.73610725 ], [ -91.21742651, 14.73601231 ], [ -91.21673168, 14.7359516 ], [ -91.21547755, 14.73600858 ], [ -91.21434923, 14.73601117 ], [ -91.21318618, 14.73600219 ], [ -91.21238541, 14.73640609 ], [ -91.21176521, 14.73694468 ], [ -91.21133825, 14.73762936 ], [ -91.21109267, 14.73834821 ], [ -91.21063037, 14.73916592 ], [ -91.21019406, 14.73957263 ], [ -91.20946119, 14.73997704 ], [ -91.20885583, 14.74011695 ], [ -91.20804761, 14.74001015 ], [ -91.20724057, 14.73975988 ], [ -91.20631882, 14.73955391 ], [ -91.20581766, 14.73951613 ], [ -91.20504174, 14.73957676 ], [ -91.2044597, 14.73970555 ], [ -91.20381974, 14.73988924 ], [ -91.20278035, 14.74015794 ], [ -91.20210599, 14.74043061 ], [ -91.20135006, 14.74081334 ], [ -91.20069862, 14.74105229 ], [ -91.20008324, 14.74106897 ], [ -91.19945544, 14.7409737 ] ] ] ] } },
{ "type": "Feature", "properties": { "municipio": "San Marcos La Laguna" }, "geometry": { "type": "MultiPolygon", "coordinates": [ [ [ [ -91.2472696, 14.75149371 ], [ -91.24960821, 14.75236889 ], [ -91.25263417, 14.75272618 ], [ -91.26138567, 14.75112583 ], [ -91.26719773, 14.74929639 ], [ -91.26860254, 14.74847431 ], [ -91.27572895, 14.74734135 ], [ -91.27348888, 14.74146586 ], [ -91.2730453, 14.72955068 ], [ -91.27213226, 14.72447702 ], [ -91.27107487, 14.72122794 ], [ -91.27036019, 14.71610379 ], [ -91.26850795, 14.71709768 ], [ -91.26787707, 14.7176149 ], [ -91.26714015, 14.71855158 ], [ -91.2671738, 14.71936184 ], [ -91.26720295, 14.72000601 ], [ -91.26710565, 14.72071475 ], [ -91.26679255, 14.72141171 ], [ -91.26630798, 14.72214014 ], [ -91.26580227, 14.72267975 ], [ -91.26536609, 14.72308658 ], [ -91.26483843, 14.7235379 ], [ -91.26384135, 14.72419584 ], [ -91.26305401, 14.72431195 ], [ -91.26240883, 14.72377387 ], [ -91.26209552, 14.72302929 ], [ -91.26148589, 14.7208613 ], [ -91.26125092, 14.7203376 ], [ -91.26066116, 14.71991178 ], [ -91.25996509, 14.72008392 ], [ -91.25971104, 14.7205034 ], [ -91.25943333, 14.72097918 ], [ -91.25894936, 14.72162966 ], [ -91.25841009, 14.72208088 ], [ -91.25756169, 14.72265066 ], [ -91.25681765, 14.72308904 ], [ -91.2560965, 14.7234937 ], [ -91.2554688, 14.72360533 ], [ -91.25477505, 14.72341144 ], [ -91.25389987, 14.72311676 ], [ -91.25327627, 14.72271327 ], [ -91.25291424, 14.72233321 ], [ -91.25221124, 14.72191669 ], [ -91.25163009, 14.72186824 ], [ -91.25096652, 14.7221852 ], [ -91.25023677, 14.72221245 ], [ -91.2493593, 14.72220582 ], [ -91.24885797, 14.72219186 ], [ -91.24784256, 14.72230619 ], [ -91.24724826, 14.72252312 ], [ -91.24676815, 14.72268555 ], [ -91.24606028, 14.72288015 ], [ -91.24553446, 14.72309759 ], [ -91.2440706, 14.72369654 ], [ -91.24340502, 14.72426313 ], [ -91.2431983, 14.72587028 ], [ -91.2431098, 14.72699141 ], [ -91.24327404, 14.72779023 ], [ -91.24342097, 14.72864767 ], [ -91.2445789, 14.72907671 ], [ -91.24511044, 14.73053921 ], [ -91.24881475, 14.73465232 ], [ -91.24971237, 14.73693888 ], [ -91.24907363, 14.73980692 ], [ -91.24754288, 14.74352904 ], [ -91.24723648, 14.74975709 ], [ -91.24722299, 14.75050034 ], [ -91.2472696, 14.75149371 ] ] ] ] } },
{ "type": "Feature", "properties": { "municipio": "San Pablo La Laguna" }, "geometry": { "type": "MultiPolygon", "coordinates": [ [ [ [ -91.27036019, 14.71610379 ], [ -91.27107487, 14.72122794 ], [ -91.27213226, 14.72447702 ], [ -91.2730453, 14.72955068 ], [ -91.27348888, 14.74146586 ], [ -91.27572895, 14.74734135 ], [ -91.28992085, 14.74415921 ], [ -91.28936378, 14.74294966 ], [ -91.28937161, 14.72179085 ], [ -91.28638557, 14.7159156 ], [ -91.281606, 14.7128333 ], [ -91.28030861, 14.71353654 ], [ -91.27886715, 14.7142579 ], [ -91.27831822, 14.71454191 ], [ -91.27756492, 14.71461426 ], [ -91.27651894, 14.71433986 ], [ -91.27556262, 14.71417797 ], [ -91.27478788, 14.71417221 ], [ -91.27414744, 14.71443292 ], [ -91.27316386, 14.71485828 ], [ -91.27154006, 14.71558954 ], [ -91.27036019, 14.71610379 ] ] ] ] } },
{ "type": "Feature", "properties": { "municipio": "Santa Clara La Laguna" }, "geometry": { "type": "MultiPolygon", "coordinates": [ [ [ [ -91.28992085, 14.74415921 ], [ -91.29623357, 14.74410865 ], [ -91.29955118, 14.7445104 ], [ -91.3059367, 14.74398448 ], [ -91.31426946, 14.74460798 ], [ -91.31782611, 14.74525864 ], [ -91.31918935, 14.74604808 ], [ -91.3202297, 14.74738762 ], [ -91.32203417, 14.74544172 ], [ -91.32392419, 14.74270335 ], [ -91.32641786, 14.74072061 ], [ -91.32909616, 14.73765799 ], [ -91.3273117, 14.73532683 ], [ -91.32721612, 14.73454209 ], [ -91.32479219, 14.73196792 ], [ -91.32313339, 14.73052111 ], [ -91.31954484, 14.7293642 ], [ -91.3112187, 14.72908105 ], [ -91.3102656, 14.72856232 ], [ -91.30662814, 14.72481096 ], [ -91.30518122, 14.72203023 ], [ -91.30589091, 14.71926641 ], [ -91.30723749, 14.71722237 ], [ -91.30784752, 14.71548476 ], [ -91.30923544, 14.71402057 ], [ -91.31176708, 14.71235118 ], [ -91.31408431, 14.70935048 ], [ -91.31832908, 14.70282874 ], [ -91.32058437, 14.69955297 ], [ -91.32117703, 14.69748416 ], [ -91.32260172, 14.69550948 ], [ -91.32341475, 14.6934558 ], [ -91.32370968, 14.69283092 ], [ -91.31738363, 14.69298622 ], [ -91.3103516, 14.69461732 ], [ -91.30696942, 14.69613703 ], [ -91.30321547, 14.69927402 ], [ -91.30123316, 14.70136423 ], [ -91.29650679, 14.70699409 ], [ -91.29636107, 14.70774882 ], [ -91.294891, 14.70954899 ], [ -91.29160703, 14.71287336 ], [ -91.29023728, 14.71400317 ], [ -91.28815517, 14.71464304 ], [ -91.28638557, 14.7159156 ], [ -91.28937161, 14.72179085 ], [ -91.28936378, 14.74294966 ], [ -91.28992085, 14.74415921 ] ] ] ] } },
{ "type": "Feature", "properties": { "municipio": "Santa María Visitación" }, "geometry": { "type": "MultiPolygon", "coordinates": [ [ [ [ -91.32370968, 14.69283092 ], [ -91.32341475, 14.6934558 ], [ -91.32260172, 14.69550948 ], [ -91.32117703, 14.69748416 ], [ -91.32058437, 14.69955297 ], [ -91.31832908, 14.70282874 ], [ -91.31408431, 14.70935048 ], [ -91.31176708, 14.71235118 ], [ -91.30923544, 14.71402057 ], [ -91.30784752, 14.71548476 ], [ -91.30723749, 14.71722237 ], [ -91.30589091, 14.71926641 ], [ -91.30518122, 14.72203023 ], [ -91.30662814, 14.72481096 ], [ -91.3102656, 14.72856232 ], [ -91.3112187, 14.72908105 ], [ -91.31954484, 14.7293642 ], [ -91.32313339, 14.73052111 ], [ -91.32479219, 14.73196792 ], [ -91.32721612, 14.73454209 ], [ -91.3273117, 14.73532683 ], [ -91.32909616, 14.73765799 ], [ -91.33124655, 14.73660814 ], [ -91.334593, 14.73252783 ], [ -91.33536316, 14.73093137 ], [ -91.33799811, 14.72804343 ], [ -91.33978421, 14.72595149 ], [ -91.34130011, 14.72312777 ], [ -91.34189872, 14.71856894 ], [ -91.34118157, 14.71431701 ], [ -91.34074069, 14.71367667 ], [ -91.34021689, 14.70772809 ], [ -91.34309226, 14.70453899 ], [ -91.34775237, 14.69930864 ], [ -91.34913195, 14.69651324 ], [ -91.34929273, 14.69488639 ], [ -91.3497544, 14.69453718 ], [ -91.34976688, 14.69318267 ], [ -91.35144807, 14.68792197 ], [ -91.35097708, 14.68673124 ], [ -91.35058237, 14.68078582 ], [ -91.35004829, 14.67988611 ], [ -91.34932069, 14.67089924 ], [ -91.34577638, 14.66789369 ], [ -91.34519029, 14.66673941 ], [ -91.34356563, 14.66526704 ], [ -91.33797351, 14.66307264 ], [ -91.33468383, 14.66341853 ], [ -91.33301356, 14.66422903 ], [ -91.33182481, 14.66604507 ], [ -91.33136486, 14.66923788 ], [ -91.33082084, 14.66981467 ], [ -91.32924669, 14.6758442 ], [ -91.32742277, 14.68456188 ], [ -91.32620705, 14.68654488 ], [ -91.32557943, 14.68887218 ], [ -91.32370968, 14.69283092 ] ] ] ] } },
{ "type": "Feature", "properties": { "municipio": "San Juan La Laguna" }, "geometry": { "type": "MultiPolygon", "coordinates": [ [ [ [ -91.281606, 14.7128333 ], [ -91.28638557, 14.7159156 ], [ -91.28815517, 14.71464304 ], [ -91.29023728, 14.71400317 ], [ -91.29160703, 14.71287336 ], [ -91.294891, 14.70954899 ], [ -91.29636107, 14.70774882 ], [ -91.29650679, 14.70699409 ], [ -91.30123316, 14.70136423 ], [ -91.30321547, 14.69927402 ], [ -91.30696942, 14.69613703 ], [ -91.3103516, 14.69461732 ], [ -91.31738363, 14.69298622 ], [ -91.32370968, 14.69283092 ], [ -91.32557943, 14.68887218 ], [ -91.32620705, 14.68654488 ], [ -91.32742277, 14.68456188 ], [ -91.32924669, 14.6758442 ], [ -91.33082084, 14.66981467 ], [ -91.33136486, 14.66923788 ], [ -91.33182481, 14.66604507 ], [ -91.33301356, 14.66422903 ], [ -91.33468383, 14.66341853 ], [ -91.33797351, 14.66307264 ], [ -91.34356563, 14.66526704 ], [ -91.34519029, 14.66673941 ], [ -91.34577638, 14.66789369 ], [ -91.34932069, 14.67089924 ], [ -91.34919504, 14.66683907 ], [ -91.35194467, 14.66166839 ], [ -91.35311607, 14.65446307 ], [ -91.35529736, 14.65007689 ], [ -91.35690302, 14.64568661 ], [ -91.35421989, 14.64471411 ], [ -91.35257804, 14.64322249 ], [ -91.35273956, 14.63837462 ], [ -91.35210777, 14.6372833 ], [ -91.3500417, 14.63643715 ], [ -91.3481274, 14.63624507 ], [ -91.34807088, 14.63433987 ], [ -91.34736079, 14.63356093 ], [ -91.34630726, 14.63231409 ], [ -91.34219809, 14.63168044 ], [ -91.33777372, 14.63361584 ], [ -91.33222816, 14.63819355 ], [ -91.32987861, 14.64139316 ], [ -91.32872947, 14.64205486 ], [ -91.32433801, 14.64695018 ], [ -91.32245066, 14.64786186 ], [ -91.32162281, 14.64777341 ], [ -91.32047014, 14.64660709 ], [ -91.31851915, 14.63820791 ], [ -91.31589363, 14.63382918 ], [ -91.31348857, 14.634249 ], [ -91.30574189, 14.63929021 ], [ -91.30492511, 14.64025924 ], [ -91.30391182, 14.64067665 ], [ -91.30286738, 14.64242693 ], [ -91.30056241, 14.6442245 ], [ -91.29800127, 14.64748657 ], [ -91.29303052, 14.65493925 ], [ -91.29231887, 14.65894802 ], [ -91.28845515, 14.66403396 ], [ -91.28726666, 14.66517528 ], [ -91.28526708, 14.67062736 ], [ -91.28376595, 14.68543733 ], [ -91.28369821, 14.69411549 ], [ -91.28267899, 14.69525463 ], [ -91.28418132, 14.69638193 ], [ -91.2861577, 14.69826513 ], [ -91.28673737, 14.69886931 ], [ -91.28693875, 14.69931478 ], [ -91.2872053, 14.70025895 ], [ -91.28732433, 14.70106986 ], [ -91.28729333, 14.70206832 ], [ -91.28725036, 14.7031887 ], [ -91.28715433, 14.70381952 ], [ -91.28679077, 14.70519285 ], [ -91.28661525, 14.70574626 ], [ -91.28624571, 14.70639765 ], [ -91.28579778, 14.70683267 ], [ -91.28516775, 14.70724941 ], [ -91.28425218, 14.70774197 ], [ -91.28338161, 14.70826764 ], [ -91.28321787, 14.70879853 ], [ -91.28316835, 14.70934269 ], [ -91.28309362, 14.71014087 ], [ -91.28290325, 14.7111822 ], [ -91.28258998, 14.711834 ], [ -91.28213, 14.71239659 ], [ -91.281606, 14.7128333 ] ] ] ] } },
{ "type": "Feature", "properties": { "municipio": "San Pedro La Laguna" }, "geometry": { "type": "MultiPolygon", "coordinates": [ [ [ [ -91.25664225, 14.62589057 ], [ -91.25587793, 14.62585435 ], [ -91.25513846, 14.62656506 ], [ -91.25472466, 14.62702741 ], [ -91.25410348, 14.62774465 ], [ -91.25362096, 14.62823925 ], [ -91.25295576, 14.62880025 ], [ -91.25240694, 14.62909551 ], [ -91.25180086, 14.62936888 ], [ -91.25102266, 14.62983978 ], [ -91.25062874, 14.63064684 ], [ -91.25015481, 14.63151994 ], [ -91.24947685, 14.63222432 ], [ -91.24893473, 14.63306302 ], [ -91.24876912, 14.63382773 ], [ -91.2486621, 14.63444827 ], [ -91.24804432, 14.6347317 ], [ -91.24718956, 14.63475803 ], [ -91.24653812, 14.63504233 ], [ -91.24586154, 14.63556934 ], [ -91.24535733, 14.63594287 ], [ -91.24474805, 14.63661498 ], [ -91.24430796, 14.63753239 ], [ -91.24431463, 14.63815265 ], [ -91.24482286, 14.63873377 ], [ -91.24498875, 14.63932248 ], [ -91.24446287, 14.63957383 ], [ -91.24389389, 14.63948142 ], [ -91.24292673, 14.63934082 ], [ -91.24226589, 14.63934713 ], [ -91.24151087, 14.63974021 ], [ -91.24106243, 14.64024746 ], [ -91.24044056, 14.64104147 ], [ -91.24010693, 14.64148293 ], [ -91.23985127, 14.64211251 ], [ -91.23983507, 14.64268967 ], [ -91.24021657, 14.64344721 ], [ -91.2402783, 14.64429045 ], [ -91.23958539, 14.64540476 ], [ -91.23889224, 14.64662074 ], [ -91.23881839, 14.64729576 ], [ -91.23869778, 14.64816021 ], [ -91.23847712, 14.64869177 ], [ -91.23818802, 14.64922167 ], [ -91.23736442, 14.64962552 ], [ -91.23627005, 14.64971777 ], [ -91.23566408, 14.64996736 ], [ -91.23473281, 14.65099286 ], [ -91.23445592, 14.65144491 ], [ -91.23452954, 14.65217752 ], [ -91.23502417, 14.65308053 ], [ -91.23523453, 14.65383565 ], [ -91.23584266, 14.65469433 ], [ -91.23675187, 14.65497913 ], [ -91.2376412, 14.65491922 ], [ -91.2383725, 14.65466945 ], [ -91.23897897, 14.65428541 ], [ -91.23988309, 14.65382682 ], [ -91.24009471, 14.65442717 ], [ -91.23983877, 14.65509064 ], [ -91.23975365, 14.65572263 ], [ -91.23964711, 14.65627652 ], [ -91.23943518, 14.65709622 ], [ -91.23915732, 14.65767028 ], [ -91.23878828, 14.65825493 ], [ -91.23854405, 14.65883037 ], [ -91.23737202, 14.66151699 ], [ -91.23692975, 14.66262302 ], [ -91.23712821, 14.66348989 ], [ -91.23754734, 14.6638252 ], [ -91.2379553, 14.66410621 ], [ -91.23844338, 14.66430987 ], [ -91.23894307, 14.66451248 ], [ -91.23940887, 14.66467191 ], [ -91.23987441, 14.6648641 ], [ -91.24030321, 14.66544351 ], [ -91.24023965, 14.66620898 ], [ -91.24015485, 14.66687374 ], [ -91.24034172, 14.66774052 ], [ -91.24093901, 14.66850986 ], [ -91.24121994, 14.66900567 ], [ -91.24122477, 14.66985413 ], [ -91.24103686, 14.67056895 ], [ -91.24080309, 14.67128794 ], [ -91.24086437, 14.67218653 ], [ -91.2413155, 14.67273334 ], [ -91.24181453, 14.67309298 ], [ -91.24236933, 14.67351856 ], [ -91.24337787, 14.67423565 ], [ -91.24402403, 14.67462916 ], [ -91.24443212, 14.67489773 ], [ -91.24480384, 14.67543377 ], [ -91.24516504, 14.67583529 ], [ -91.2456292, 14.67620483 ], [ -91.24626399, 14.6766423 ], [ -91.24669489, 14.67688958 ], [ -91.2472973, 14.67709409 ], [ -91.24801371, 14.67726556 ], [ -91.24847955, 14.67742498 ], [ -91.2492396, 14.67787356 ], [ -91.2498282, 14.67835587 ], [ -91.25046222, 14.67889275 ], [ -91.25097417, 14.67901861 ], [ -91.25219138, 14.6792605 ], [ -91.25281652, 14.67945387 ], [ -91.25346368, 14.67972536 ], [ -91.2542129, 14.68015238 ], [ -91.25499507, 14.68066776 ], [ -91.25573157, 14.68116134 ], [ -91.25668403, 14.68178984 ], [ -91.25763452, 14.6825957 ], [ -91.25968111, 14.68465246 ], [ -91.2603835, 14.68513447 ], [ -91.26101984, 14.68538326 ], [ -91.26153018, 14.68564241 ], [ -91.2619838, 14.68595648 ], [ -91.26251647, 14.6863265 ], [ -91.26309398, 14.68675221 ], [ -91.26369399, 14.68726734 ], [ -91.26416779, 14.68789223 ], [ -91.26462996, 14.68859386 ], [ -91.26526273, 14.68929789 ], [ -91.2656478, 14.68962275 ], [ -91.26612323, 14.68996974 ], [ -91.26653129, 14.69024957 ], [ -91.26705348, 14.69055285 ], [ -91.26749586, 14.69082277 ], [ -91.26795948, 14.69127021 ], [ -91.26809217, 14.69173665 ], [ -91.26808728, 14.69235797 ], [ -91.2681741, 14.69290202 ], [ -91.26838499, 14.69368085 ], [ -91.26866374, 14.6943924 ], [ -91.26894507, 14.69484978 ], [ -91.26955646, 14.69539774 ], [ -91.27004298, 14.69581146 ], [ -91.26984472, 14.69637598 ], [ -91.26978296, 14.69699687 ], [ -91.27038537, 14.6972115 ], [ -91.27119586, 14.69701758 ], [ -91.27174498, 14.69677765 ], [ -91.27229506, 14.69641571 ], [ -91.27309794, 14.69571222 ], [ -91.27451356, 14.6939807 ], [ -91.27528002, 14.69355371 ], [ -91.27597457, 14.69363683 ], [ -91.27673421, 14.69415311 ], [ -91.27708072, 14.69503236 ], [ -91.27724733, 14.69554311 ], [ -91.27767827, 14.69586828 ], [ -91.27822481, 14.69588364 ], [ -91.27917275, 14.69562406 ], [ -91.27980136, 14.6953847 ], [ -91.28037397, 14.6950342 ], [ -91.28106301, 14.69434 ], [ -91.28182734, 14.69425754 ], [ -91.28221132, 14.69472584 ], [ -91.28267899, 14.69525463 ], [ -91.28369821, 14.69411549 ], [ -91.28376595, 14.68543733 ], [ -91.28526708, 14.67062736 ], [ -91.28726666, 14.66517528 ], [ -91.28845515, 14.66403396 ], [ -91.29231887, 14.65894802 ], [ -91.29303052, 14.65493925 ], [ -91.29800127, 14.64748657 ], [ -91.30056241, 14.6442245 ], [ -91.30286738, 14.64242693 ], [ -91.30391182, 14.64067665 ], [ -91.30492511, 14.64025924 ], [ -91.30574189, 14.63929021 ], [ -91.31348857, 14.634249 ], [ -91.31589363, 14.63382918 ], [ -91.3154746, 14.63088539 ], [ -91.31751993, 14.62856156 ], [ -91.32223212, 14.62387088 ], [ -91.32410369, 14.6233285 ], [ -91.32938384, 14.62335964 ], [ -91.33092918, 14.62291655 ], [ -91.33145004, 14.62231585 ], [ -91.33153793, 14.62043316 ], [ -91.32860813, 14.61792328 ], [ -91.32488216, 14.61522576 ], [ -91.31374827, 14.60767212 ], [ -91.30633791, 14.60316605 ], [ -91.29438307, 14.59881301 ], [ -91.28999736, 14.605251 ], [ -91.2854254, 14.61068767 ], [ -91.27899476, 14.61669347 ], [ -91.27314959, 14.62137707 ], [ -91.26464029, 14.62575823 ], [ -91.26188515, 14.62614327 ], [ -91.25664225, 14.62589057 ] ] ] ] } },
{ "type": "Feature", "properties": { "municipio": "Santiago Atitlán" }, "geometry": { "type": "MultiPolygon", "coordinates": [ [ [ [ -91.15407196, 14.65822472 ], [ -91.15409497, 14.65880216 ], [ -91.15382633, 14.65956482 ], [ -91.15327739, 14.659783 ], [ -91.1532261, 14.66050332 ], [ -91.15380441, 14.66079598 ], [ -91.15509955, 14.66126153 ], [ -91.15486608, 14.66191375 ], [ -91.15415845, 14.66209679 ], [ -91.15339414, 14.66219013 ], [ -91.15274449, 14.66224032 ], [ -91.15197943, 14.66242289 ], [ -91.15136053, 14.66281788 ], [ -91.15079814, 14.66332401 ], [ -91.15041773, 14.66385306 ], [ -91.1506292, 14.66444217 ], [ -91.15099104, 14.66481106 ], [ -91.15215435, 14.66598501 ], [ -91.15268048, 14.66579037 ], [ -91.15301432, 14.66534906 ], [ -91.1535859, 14.66513106 ], [ -91.1541441, 14.66512533 ], [ -91.15458185, 14.66460689 ], [ -91.15467748, 14.66406428 ], [ -91.15479612, 14.66347779 ], [ -91.15527958, 14.66290437 ], [ -91.15618423, 14.66233428 ], [ -91.15741027, 14.66148997 ], [ -91.15808599, 14.66109656 ], [ -91.15871413, 14.66091288 ], [ -91.15939597, 14.66110693 ], [ -91.159356, 14.66179459 ], [ -91.15920361, 14.66232546 ], [ -91.15915354, 14.66290232 ], [ -91.15981119, 14.66328371 ], [ -91.16069663, 14.66362398 ], [ -91.16072595, 14.66421164 ], [ -91.16056251, 14.6646769 ], [ -91.16021654, 14.66518365 ], [ -91.15950242, 14.66614387 ], [ -91.15974851, 14.66668919 ], [ -91.16023918, 14.66657107 ], [ -91.16215101, 14.66552091 ], [ -91.16286913, 14.66547124 ], [ -91.16334416, 14.66590766 ], [ -91.16336143, 14.66655058 ], [ -91.16367432, 14.66729638 ], [ -91.16426435, 14.66757894 ], [ -91.16454515, 14.66806918 ], [ -91.16454007, 14.66867917 ], [ -91.16432742, 14.66954847 ], [ -91.16422764, 14.67059037 ], [ -91.16498968, 14.67077375 ], [ -91.16539681, 14.67114298 ], [ -91.16527885, 14.67165153 ], [ -91.1651132, 14.67238226 ], [ -91.16500403, 14.67315861 ], [ -91.16500812, 14.67399009 ], [ -91.16512743, 14.67471177 ], [ -91.16547605, 14.67528049 ], [ -91.16589535, 14.67558316 ], [ -91.16650173, 14.67529988 ], [ -91.16653036, 14.67457938 ], [ -91.16646744, 14.6739135 ], [ -91.16636038, 14.67311397 ], [ -91.16643365, 14.67253728 ], [ -91.16702389, 14.67279725 ], [ -91.16734986, 14.67329914 ], [ -91.1678725, 14.67352468 ], [ -91.16879509, 14.67352066 ], [ -91.16932986, 14.67361412 ], [ -91.16974723, 14.67414949 ], [ -91.17028906, 14.67471973 ], [ -91.17088534, 14.67432452 ], [ -91.17157294, 14.67383174 ], [ -91.17223617, 14.67354776 ], [ -91.17289894, 14.67332026 ], [ -91.17344658, 14.67319127 ], [ -91.17422244, 14.67310925 ], [ -91.17496718, 14.6725819 ], [ -91.17581431, 14.67209036 ], [ -91.17661299, 14.67198479 ], [ -91.17717113, 14.67198917 ], [ -91.17807166, 14.67198607 ], [ -91.17911819, 14.67214904 ], [ -91.17986828, 14.67237634 ], [ -91.18059739, 14.67240464 ], [ -91.18125639, 14.67263122 ], [ -91.18207494, 14.67286018 ], [ -91.18290839, 14.67268934 ], [ -91.18353509, 14.67268295 ], [ -91.184376, 14.67294483 ], [ -91.18505626, 14.67333763 ], [ -91.18564836, 14.67337614 ], [ -91.18644786, 14.67317114 ], [ -91.1870772, 14.67284392 ], [ -91.1876034, 14.67257012 ], [ -91.18798192, 14.67226241 ], [ -91.18848703, 14.67180092 ], [ -91.18894681, 14.67134924 ], [ -91.1894845, 14.67108795 ], [ -91.1900308, 14.67119162 ], [ -91.19044992, 14.6714502 ], [ -91.19154625, 14.6725455 ], [ -91.19206761, 14.67286022 ], [ -91.19265206, 14.67248745 ], [ -91.19323755, 14.67191587 ], [ -91.19416101, 14.67187786 ], [ -91.19468445, 14.67193841 ], [ -91.19526617, 14.67189775 ], [ -91.19596233, 14.67176985 ], [ -91.19664725, 14.67159781 ], [ -91.19714953, 14.6714797 ], [ -91.19797264, 14.67115395 ], [ -91.19860587, 14.67034887 ], [ -91.19852195, 14.66947158 ], [ -91.19838281, 14.66839503 ], [ -91.19833049, 14.66783994 ], [ -91.19817593, 14.66722871 ], [ -91.19803339, 14.66649556 ], [ -91.19800479, 14.66580735 ], [ -91.1982615, 14.665066 ], [ -91.19865422, 14.66443755 ], [ -91.19939856, 14.66402081 ], [ -91.20034148, 14.66429472 ], [ -91.20081495, 14.66493102 ], [ -91.20148357, 14.66540163 ], [ -91.20215518, 14.66550624 ], [ -91.20269001, 14.66552167 ], [ -91.20348738, 14.66557303 ], [ -91.20427145, 14.66583327 ], [ -91.20549884, 14.66623137 ], [ -91.20590013, 14.66590233 ], [ -91.20604274, 14.66520415 ], [ -91.20603512, 14.66471606 ], [ -91.20592592, 14.66416054 ], [ -91.20573756, 14.66349369 ], [ -91.20567534, 14.66272727 ], [ -91.20599795, 14.66229709 ], [ -91.20674949, 14.66234807 ], [ -91.20728517, 14.66232961 ], [ -91.20795821, 14.66225685 ], [ -91.20874298, 14.6624301 ], [ -91.20925089, 14.66304405 ], [ -91.2099628, 14.66375899 ], [ -91.21075888, 14.66389842 ], [ -91.21143157, 14.66386971 ], [ -91.21197876, 14.66386375 ], [ -91.21291514, 14.6635874 ], [ -91.21420848, 14.66286529 ], [ -91.21490559, 14.66261533 ], [ -91.21585154, 14.66258983 ], [ -91.21639707, 14.66271603 ], [ -91.2170552, 14.66305321 ], [ -91.21755485, 14.663257 ], [ -91.2209534, 14.66430317 ], [ -91.22126421, 14.66389546 ], [ -91.22064111, 14.66345802 ], [ -91.21998253, 14.66317619 ], [ -91.21883554, 14.66273473 ], [ -91.21854346, 14.6621891 ], [ -91.21904886, 14.66168235 ], [ -91.21988315, 14.66140066 ], [ -91.22033263, 14.66077712 ], [ -91.22024261, 14.65777027 ], [ -91.22048642, 14.65725134 ], [ -91.22095785, 14.65671043 ], [ -91.22142756, 14.65638189 ], [ -91.22252357, 14.6560909 ], [ -91.22329795, 14.65618493 ], [ -91.22388849, 14.656412 ], [ -91.22462627, 14.6567283 ], [ -91.22517336, 14.65673248 ], [ -91.22539602, 14.65595694 ], [ -91.22536608, 14.65542461 ], [ -91.22527964, 14.65484667 ], [ -91.22494668, 14.65375735 ], [ -91.22473644, 14.65299093 ], [ -91.22502702, 14.65228256 ], [ -91.22605124, 14.65095957 ], [ -91.22674679, 14.65089822 ], [ -91.22739646, 14.65091447 ], [ -91.22795456, 14.65091872 ], [ -91.22846741, 14.65092263 ], [ -91.22914153, 14.65063969 ], [ -91.2306547, 14.64947517 ], [ -91.23090071, 14.64867833 ], [ -91.23037004, 14.64807555 ], [ -91.22965731, 14.64746008 ], [ -91.22801346, 14.64640484 ], [ -91.22757541, 14.64561409 ], [ -91.22763774, 14.64493222 ], [ -91.22776227, 14.64365772 ], [ -91.22783795, 14.64275904 ], [ -91.22824229, 14.64204137 ], [ -91.2290404, 14.64199208 ], [ -91.23102258, 14.64201846 ], [ -91.23186577, 14.64199097 ], [ -91.23259809, 14.64160904 ], [ -91.23329623, 14.64114777 ], [ -91.23405468, 14.64040001 ], [ -91.23487846, 14.63851962 ], [ -91.23525049, 14.63755767 ], [ -91.23537186, 14.63667176 ], [ -91.23493149, 14.63616908 ], [ -91.23427146, 14.63607483 ], [ -91.2332709, 14.63583452 ], [ -91.23283195, 14.63515449 ], [ -91.23249418, 14.63466388 ], [ -91.23197341, 14.63420465 ], [ -91.23153545, 14.63340262 ], [ -91.23198486, 14.63277452 ], [ -91.23239846, 14.63234498 ], [ -91.23259683, 14.6317692 ], [ -91.23263585, 14.63117074 ], [ -91.23259491, 14.63056039 ], [ -91.23253369, 14.62972845 ], [ -91.23263054, 14.62900729 ], [ -91.23297612, 14.62852188 ], [ -91.23373208, 14.62800681 ], [ -91.23425776, 14.62777808 ], [ -91.23497799, 14.62745027 ], [ -91.2356755, 14.62713358 ], [ -91.23633922, 14.62676241 ], [ -91.23696935, 14.6263119 ], [ -91.23746253, 14.62593831 ], [ -91.23787716, 14.62537546 ], [ -91.23815418, 14.62490081 ], [ -91.2384224, 14.62414818 ], [ -91.23858926, 14.62322872 ], [ -91.23901343, 14.62146843 ], [ -91.23948516, 14.62087324 ], [ -91.2400577, 14.62051154 ], [ -91.24051526, 14.62023821 ], [ -91.24138563, 14.61970025 ], [ -91.24218697, 14.6191629 ], [ -91.24300083, 14.61858158 ], [ -91.24364238, 14.61807578 ], [ -91.24409059, 14.61759112 ], [ -91.24471185, 14.61686374 ], [ -91.24508053, 14.61631182 ], [ -91.2453584, 14.61572645 ], [ -91.24580765, 14.61510848 ], [ -91.24639292, 14.61460225 ], [ -91.24693209, 14.61412956 ], [ -91.24763209, 14.61349201 ], [ -91.24844685, 14.61272088 ], [ -91.24900994, 14.61208229 ], [ -91.24940181, 14.61153054 ], [ -91.24998964, 14.61062552 ], [ -91.25096639, 14.60961157 ], [ -91.25167406, 14.60939545 ], [ -91.25233437, 14.60944446 ], [ -91.25285596, 14.60972628 ], [ -91.25342154, 14.61024003 ], [ -91.25380419, 14.61085295 ], [ -91.25447899, 14.61193463 ], [ -91.25462016, 14.61278977 ], [ -91.25454718, 14.61343769 ], [ -91.25440572, 14.61401392 ], [ -91.25416114, 14.61472156 ], [ -91.25396003, 14.61565208 ], [ -91.25397188, 14.61701688 ], [ -91.25420657, 14.61756204 ], [ -91.2548289, 14.61816546 ], [ -91.25528101, 14.61857894 ], [ -91.25548154, 14.61919049 ], [ -91.25533885, 14.61992262 ], [ -91.25516406, 14.62038676 ], [ -91.25498808, 14.62107345 ], [ -91.25511731, 14.62197255 ], [ -91.25538358, 14.62292804 ], [ -91.25582152, 14.62374133 ], [ -91.25621706, 14.62412162 ], [ -91.25690579, 14.6249142 ], [ -91.25664225, 14.62589057 ], [ -91.26188515, 14.62614327 ], [ -91.26464029, 14.62575823 ], [ -91.27314959, 14.62137707 ], [ -91.27899476, 14.61669347 ], [ -91.2854254, 14.61068767 ], [ -91.28999736, 14.605251 ], [ -91.29438307, 14.59881301 ], [ -91.29297308, 14.59706514 ], [ -91.29256945, 14.59111292 ], [ -91.2935559, 14.58662258 ], [ -91.29378114, 14.58283277 ], [ -91.29642797, 14.57563747 ], [ -91.29662254, 14.57265859 ], [ -91.29555342, 14.57117534 ], [ -91.29522073, 14.57024086 ], [ -91.29321446, 14.56867055 ], [ -91.28950478, 14.56755775 ], [ -91.28668301, 14.56585489 ], [ -91.2827433, 14.56457536 ], [ -91.28088089, 14.56264675 ], [ -91.28027404, 14.56207515 ], [ -91.27941559, 14.5592456 ], [ -91.27422455, 14.54856176 ], [ -91.27129068, 14.54513845 ], [ -91.26905906, 14.54150565 ], [ -91.26854674, 14.5409449 ], [ -91.26786801, 14.53747835 ], [ -91.26840401, 14.53551994 ], [ -91.26935195, 14.53420176 ], [ -91.27075688, 14.53332415 ], [ -91.27502862, 14.53178867 ], [ -91.27605985, 14.53101448 ], [ -91.27621905, 14.52835622 ], [ -91.27418396, 14.52615518 ], [ -91.26873544, 14.52281615 ], [ -91.2645365, 14.52358609 ], [ -91.26291024, 14.52504158 ], [ -91.26213083, 14.52735291 ], [ -91.26334451, 14.53017158 ], [ -91.26307648, 14.53367744 ], [ -91.2608947, 14.53697253 ], [ -91.25260221, 14.54494663 ], [ -91.24040307, 14.55324351 ], [ -91.23310654, 14.55592698 ], [ -91.22827144, 14.55704387 ], [ -91.22397918, 14.56025362 ], [ -91.22281983, 14.56192584 ], [ -91.20989263, 14.57790642 ], [ -91.20783575, 14.57973208 ], [ -91.20597935, 14.58064645 ], [ -91.20210111, 14.58048447 ], [ -91.19834809, 14.57954727 ], [ -91.19509443, 14.57747627 ], [ -91.1917679, 14.57460596 ], [ -91.18964608, 14.5726521 ], [ -91.17224725, 14.55998165 ], [ -91.17069202, 14.56889856 ], [ -91.17121381, 14.57538706 ], [ -91.17226327, 14.58090589 ], [ -91.17681368, 14.5856421 ], [ -91.17933477, 14.58777768 ], [ -91.18369115, 14.59053643 ], [ -91.18709647, 14.59371362 ], [ -91.18971389, 14.59707219 ], [ -91.19048519, 14.59928786 ], [ -91.19025214, 14.60253506 ], [ -91.18941864, 14.60536752 ], [ -91.18601883, 14.61019314 ], [ -91.18424181, 14.61601982 ], [ -91.18058649, 14.62006837 ], [ -91.17744067, 14.62520308 ], [ -91.17605993, 14.6284469 ], [ -91.17318006, 14.63884794 ], [ -91.17198957, 14.64032525 ], [ -91.17059398, 14.64428738 ], [ -91.16740121, 14.64975929 ], [ -91.1651783, 14.6517492 ], [ -91.16392605, 14.6536609 ], [ -91.16329945, 14.65561256 ], [ -91.16137336, 14.65740934 ], [ -91.15921997, 14.65786789 ], [ -91.15588787, 14.65767542 ], [ -91.15407196, 14.65822472 ] ] ] ] } },
{ "type": "Feature", "properties": { "municipio": "San Lucas Tolimán" }, "geometry": { "type": "MultiPolygon", "coordinates": [ [ [ [ -91.13626269, 14.63504202 ], [ -91.13753008, 14.63437323 ], [ -91.13804408, 14.63423274 ], [ -91.13862549, 14.63414815 ], [ -91.13943382, 14.6341885 ], [ -91.13972473, 14.6348449 ], [ -91.13926411, 14.63539589 ], [ -91.13907598, 14.63610494 ], [ -91.13926514, 14.63664983 ], [ -91.13996448, 14.63750944 ], [ -91.14103867, 14.6384274 ], [ -91.14161796, 14.63866474 ], [ -91.14237124, 14.6384934 ], [ -91.14299951, 14.63828716 ], [ -91.14393409, 14.6382178 ], [ -91.14438575, 14.63873088 ], [ -91.14409496, 14.63943912 ], [ -91.14359928, 14.64008925 ], [ -91.14332112, 14.64067445 ], [ -91.14313411, 14.64125022 ], [ -91.14277523, 14.64191273 ], [ -91.14108466, 14.643779 ], [ -91.14079207, 14.64469734 ], [ -91.14120838, 14.64534458 ], [ -91.14192261, 14.64574905 ], [ -91.14206399, 14.64652739 ], [ -91.14200622, 14.64801244 ], [ -91.14202942, 14.64932191 ], [ -91.1425269, 14.64976984 ], [ -91.14252046, 14.65053458 ], [ -91.14257328, 14.65101285 ], [ -91.1433571, 14.65128458 ], [ -91.14399682, 14.65110103 ], [ -91.1448632, 14.65100853 ], [ -91.14473136, 14.65178356 ], [ -91.14450835, 14.65256916 ], [ -91.1445019, 14.65333502 ], [ -91.14470353, 14.65378059 ], [ -91.14530229, 14.65432874 ], [ -91.14575565, 14.65464301 ], [ -91.1464701, 14.65502602 ], [ -91.14713274, 14.65480875 ], [ -91.14788664, 14.65457075 ], [ -91.1485923, 14.65468708 ], [ -91.14904454, 14.65506799 ], [ -91.14949884, 14.65527155 ], [ -91.15030932, 14.65506676 ], [ -91.15077883, 14.65477113 ], [ -91.15136891, 14.65504242 ], [ -91.15204886, 14.65545789 ], [ -91.15260827, 14.65537422 ], [ -91.1531326, 14.65532304 ], [ -91.15337848, 14.65588983 ], [ -91.15331735, 14.65639995 ], [ -91.15335591, 14.65719894 ], [ -91.15380744, 14.6577346 ], [ -91.15407196, 14.65822472 ], [ -91.15588787, 14.65767542 ], [ -91.15921997, 14.65786789 ], [ -91.16137336, 14.65740934 ], [ -91.16329945, 14.65561256 ], [ -91.16392605, 14.6536609 ], [ -91.1651783, 14.6517492 ], [ -91.16740121, 14.64975929 ], [ -91.17059398, 14.64428738 ], [ -91.17198957, 14.64032525 ], [ -91.17318006, 14.63884794 ], [ -91.17605993, 14.6284469 ], [ -91.17744067, 14.62520308 ], [ -91.18058649, 14.62006837 ], [ -91.18424181, 14.61601982 ], [ -91.18601883, 14.61019314 ], [ -91.18941864, 14.60536752 ], [ -91.19025214, 14.60253506 ], [ -91.19048519, 14.59928786 ], [ -91.18971389, 14.59707219 ], [ -91.18709647, 14.59371362 ], [ -91.18369115, 14.59053643 ], [ -91.17933477, 14.58777768 ], [ -91.17681368, 14.5856421 ], [ -91.17226327, 14.58090589 ], [ -91.17121381, 14.57538706 ], [ -91.17069202, 14.56889856 ], [ -91.17224725, 14.55998165 ], [ -91.16395801, 14.55420843 ], [ -91.16122646, 14.55311039 ], [ -91.15734841, 14.55278843 ], [ -91.15604774, 14.55229355 ], [ -91.15295798, 14.54999965 ], [ -91.1510099, 14.54912007 ], [ -91.14851457, 14.54891847 ], [ -91.14607279, 14.54876245 ], [ -91.14239746, 14.54903945 ], [ -91.13989535, 14.54812601 ], [ -91.13792082, 14.54799057 ], [ -91.13710556, 14.54777622 ], [ -91.13628414, 14.5477437 ], [ -91.13542403, 14.54762275 ], [ -91.13474747, 14.54746486 ], [ -91.13421478, 14.54716238 ], [ -91.13376793, 14.54678942 ], [ -91.13310362, 14.54593348 ], [ -91.13278776, 14.54549829 ], [ -91.13231004, 14.54486639 ], [ -91.13194286, 14.54432912 ], [ -91.13158825, 14.54388234 ], [ -91.13113686, 14.54322353 ], [ -91.13084226, 14.5426055 ], [ -91.13063791, 14.5420831 ], [ -91.13041566, 14.54134365 ], [ -91.13023155, 14.54075814 ], [ -91.13006801, 14.54007112 ], [ -91.12993626, 14.5394657 ], [ -91.12982453, 14.53875425 ], [ -91.12972047, 14.53795926 ], [ -91.12962133, 14.53657914 ], [ -91.12957615, 14.53574734 ], [ -91.12955197, 14.53469204 ], [ -91.12949714, 14.53349076 ], [ -91.12948184, 14.53220734 ], [ -91.12949655, 14.53121673 ], [ -91.1294706, 14.53044157 ], [ -91.12937716, 14.52990084 ], [ -91.12922018, 14.52919355 ], [ -91.12910813, 14.52858941 ], [ -91.12906638, 14.52810671 ], [ -91.12911764, 14.52745869 ], [ -91.12928622, 14.52678675 ], [ -91.12940225, 14.52615845 ], [ -91.12926561, 14.52537676 ], [ -91.12872221, 14.52483809 ], [ -91.12818957, 14.52460564 ], [ -91.12740226, 14.52438924 ], [ -91.12655601, 14.5241475 ], [ -91.12586818, 14.52375453 ], [ -91.12535083, 14.52322284 ], [ -91.12499166, 14.52256589 ], [ -91.1248946, 14.52169866 ], [ -91.12421499, 14.52177569 ], [ -91.1214977, 14.52352638 ], [ -91.11906133, 14.52599437 ], [ -91.11762475, 14.53007899 ], [ -91.11689697, 14.53460874 ], [ -91.11610125, 14.54187962 ], [ -91.11600135, 14.55461348 ], [ -91.11625577, 14.56952251 ], [ -91.11737063, 14.57700757 ], [ -91.11727404, 14.58052681 ], [ -91.11647562, 14.58944015 ], [ -91.11524823, 14.59497459 ], [ -91.11419966, 14.59748413 ], [ -91.11195722, 14.61306085 ], [ -91.11227799, 14.61598021 ], [ -91.110652, 14.62745446 ], [ -91.11908191, 14.62866929 ], [ -91.1292717, 14.63128518 ], [ -91.13503986, 14.63222162 ], [ -91.13568491, 14.63270577 ], [ -91.13626269, 14.63504202 ] ] ] ] } },
{ "type": "Feature", "properties": { "municipio": "Pochuta" }, "geometry": { "type": "MultiPolygon", "coordinates": [ [ [ [ -91.0030125, 14.58256691 ], [ -91.00430826, 14.58402612 ], [ -91.00813094, 14.58650884 ], [ -91.01087301, 14.58882417 ], [ -91.01085564, 14.58940237 ], [ -91.0139673, 14.59306504 ], [ -91.01723787, 14.59628621 ], [ -91.02145568, 14.60164469 ], [ -91.02642119, 14.60675754 ], [ -91.03202796, 14.60996782 ], [ -91.03651283, 14.61046989 ], [ -91.03833367, 14.61019039 ], [ -91.03925634, 14.60909452 ], [ -91.03999326, 14.60624619 ], [ -91.04130593, 14.60400703 ], [ -91.04175887, 14.59562346 ], [ -91.04255167, 14.59247962 ], [ -91.04348609, 14.59115676 ], [ -91.04499352, 14.58957099 ], [ -91.04848911, 14.58771377 ], [ -91.05577652, 14.58472119 ], [ -91.06042348, 14.58388663 ], [ -91.06109456, 14.5834155 ], [ -91.07304451, 14.58295523 ], [ -91.08048958, 14.5839417 ], [ -91.08834345, 14.58562151 ], [ -91.09125143, 14.58662921 ], [ -91.10180239, 14.59203247 ], [ -91.10449282, 14.5926587 ], [ -91.10531251, 14.59338607 ], [ -91.11419966, 14.59748413 ], [ -91.11524823, 14.59497459 ], [ -91.11647562, 14.58944015 ], [ -91.11727404, 14.58052681 ], [ -91.11737063, 14.57700757 ], [ -91.11625577, 14.56952251 ], [ -91.11600135, 14.55461348 ], [ -91.11610125, 14.54187962 ], [ -91.11689697, 14.53460874 ], [ -91.11762475, 14.53007899 ], [ -91.11906133, 14.52599437 ], [ -91.1214977, 14.52352638 ], [ -91.12421499, 14.52177569 ], [ -91.1248946, 14.52169866 ], [ -91.12489907, 14.52116775 ], [ -91.12499389, 14.51996089 ], [ -91.12501847, 14.51938383 ], [ -91.12494144, 14.51841057 ], [ -91.12480016, 14.51742437 ], [ -91.12477176, 14.51687173 ], [ -91.12466043, 14.51618514 ], [ -91.12410644, 14.51539333 ], [ -91.12364531, 14.51514111 ], [ -91.12291658, 14.51492629 ], [ -91.12242131, 14.5149404 ], [ -91.12241495, 14.51432017 ], [ -91.12280021, 14.51359913 ], [ -91.12305583, 14.51298777 ], [ -91.12321052, 14.51217678 ], [ -91.12333868, 14.51141641 ], [ -91.12367969, 14.51050975 ], [ -91.1237924, 14.50979444 ], [ -91.12380878, 14.50874511 ], [ -91.12377487, 14.50822745 ], [ -91.12366679, 14.50756799 ], [ -91.12339915, 14.50692307 ], [ -91.12301701, 14.50638116 ], [ -91.12238543, 14.50571752 ], [ -91.12207162, 14.50511741 ], [ -91.12191694, 14.5045536 ], [ -91.12181769, 14.50374057 ], [ -91.12170182, 14.50311155 ], [ -91.12143445, 14.50243613 ], [ -91.12107524, 14.50185712 ], [ -91.12097337, 14.50039339 ], [ -91.12090978, 14.49989018 ], [ -91.12083067, 14.49937216 ], [ -91.12070737, 14.49866174 ], [ -91.12050704, 14.49814953 ], [ -91.12019313, 14.49763076 ], [ -91.1194854, 14.49699587 ], [ -91.11904403, 14.49626144 ], [ -91.11902191, 14.49524117 ], [ -91.11912551, 14.49464328 ], [ -91.1192329, 14.49366472 ], [ -91.1192513, 14.4929961 ], [ -91.11938288, 14.49224254 ], [ -91.11981452, 14.49144845 ], [ -91.11992621, 14.49078397 ], [ -91.1198565, 14.49004461 ], [ -91.11963487, 14.48937746 ], [ -91.11956516, 14.4886381 ], [ -91.11960341, 14.48767706 ], [ -91.11977546, 14.48707293 ], [ -91.12016055, 14.48636658 ], [ -91.12066638, 14.48577868 ], [ -91.12106416, 14.48535372 ], [ -91.12129572, 14.48491161 ], [ -91.12136197, 14.48420271 ], [ -91.12132347, 14.48340485 ], [ -91.12129769, 14.48288726 ], [ -91.12141037, 14.48210417 ], [ -91.12178049, 14.48138301 ], [ -91.12231719, 14.48070724 ], [ -91.12274523, 14.48026782 ], [ -91.12340328, 14.47963707 ], [ -91.12387699, 14.47921271 ], [ -91.12432229, 14.47858026 ], [ -91.12455598, 14.47781394 ], [ -91.12459154, 14.4772381 ], [ -91.1245674, 14.47645391 ], [ -91.12442319, 14.47561003 ], [ -91.12415613, 14.47489846 ], [ -91.12387578, 14.47390664 ], [ -91.12388212, 14.47315207 ], [ -91.12391818, 14.47251748 ], [ -91.12404628, 14.47169045 ], [ -91.12418928, 14.47095278 ], [ -91.12457495, 14.47017187 ], [ -91.12480576, 14.46974556 ], [ -91.12522103, 14.46909818 ], [ -91.12572684, 14.46843683 ], [ -91.12609505, 14.46793819 ], [ -91.12653984, 14.46736447 ], [ -91.12683497, 14.46652521 ], [ -91.12693006, 14.46603795 ], [ -91.1269344, 14.4655206 ], [ -91.12694159, 14.46466323 ], [ -91.12700914, 14.46386509 ], [ -91.12713655, 14.46318717 ], [ -91.12727685, 14.46270027 ], [ -91.12760332, 14.4617867 ], [ -91.12791427, 14.46085719 ], [ -91.1281006, 14.46034128 ], [ -91.12828767, 14.45973726 ], [ -91.12844461, 14.45913188 ], [ -91.11752807, 14.45700013 ], [ -91.1155924, 14.45716652 ], [ -91.1084208, 14.45624143 ], [ -91.10592742, 14.45546338 ], [ -91.10159672, 14.45324035 ], [ -91.09554723, 14.45384557 ], [ -91.09590899, 14.45465282 ], [ -91.09596973, 14.45534805 ], [ -91.09581748, 14.45627878 ], [ -91.09548716, 14.45715498 ], [ -91.09528062, 14.45785709 ], [ -91.09519768, 14.45847547 ], [ -91.09532286, 14.45942991 ], [ -91.09555247, 14.45989832 ], [ -91.09588041, 14.46059458 ], [ -91.09614234, 14.46121462 ], [ -91.09633827, 14.46175844 ], [ -91.09648624, 14.46269273 ], [ -91.09655858, 14.46338693 ], [ -91.09653071, 14.46400462 ], [ -91.09645887, 14.4646118 ], [ -91.09624012, 14.46545501 ], [ -91.09599173, 14.46589809 ], [ -91.09548527, 14.46649044 ], [ -91.09462554, 14.46684158 ], [ -91.093601, 14.46694173 ], [ -91.09277718, 14.46695652 ], [ -91.09217522, 14.46712447 ], [ -91.09143806, 14.46744384 ], [ -91.09079152, 14.46753687 ], [ -91.08992161, 14.46778963 ], [ -91.08916075, 14.46830422 ], [ -91.08867641, 14.46895097 ], [ -91.08807989, 14.46976964 ], [ -91.08762914, 14.47014892 ], [ -91.08666157, 14.47070249 ], [ -91.08579171, 14.47135287 ], [ -91.08536026, 14.4716442 ], [ -91.08483599, 14.47214601 ], [ -91.08432958, 14.47299816 ], [ -91.08424426, 14.47395654 ], [ -91.08380989, 14.47458673 ], [ -91.08287588, 14.47453732 ], [ -91.08240681, 14.47428045 ], [ -91.08203874, 14.47380526 ], [ -91.08175436, 14.47337142 ], [ -91.08086532, 14.4729462 ], [ -91.07996101, 14.472679 ], [ -91.07942094, 14.47252321 ], [ -91.0786154, 14.4722297 ], [ -91.07797868, 14.47185398 ], [ -91.07731342, 14.47156161 ], [ -91.07663956, 14.47146008 ], [ -91.07569166, 14.47141053 ], [ -91.07474787, 14.47162196 ], [ -91.07400246, 14.47168477 ], [ -91.07326167, 14.47114438 ], [ -91.07303401, 14.47065677 ], [ -91.07289829, 14.47012811 ], [ -91.0726733, 14.46933213 ], [ -91.07203511, 14.46912808 ], [ -91.07129548, 14.46932762 ], [ -91.07064738, 14.46953467 ], [ -91.07007202, 14.46937181 ], [ -91.0698594, 14.46882218 ], [ -91.06971733, 14.46815679 ], [ -91.0690931, 14.46781504 ], [ -91.06818654, 14.46794654 ], [ -91.06749935, 14.46824929 ], [ -91.0667026, 14.46875334 ], [ -91.06598346, 14.46926367 ], [ -91.06526412, 14.46979772 ], [ -91.06473692, 14.47016504 ], [ -91.06404316, 14.47048918 ], [ -91.06331515, 14.47061762 ], [ -91.06259449, 14.47063427 ], [ -91.06192134, 14.47065245 ], [ -91.06105736, 14.470686 ], [ -91.06052341, 14.47116282 ], [ -91.06057968, 14.47222514 ], [ -91.06120903, 14.47311258 ], [ -91.06163286, 14.47370235 ], [ -91.0618659, 14.47430185 ], [ -91.06190582, 14.47517877 ], [ -91.06161422, 14.47584963 ], [ -91.06111652, 14.47622283 ], [ -91.06043202, 14.47687915 ], [ -91.06036365, 14.47787605 ], [ -91.06027312, 14.47868751 ], [ -91.05962861, 14.47880984 ], [ -91.05877294, 14.47861752 ], [ -91.05849089, 14.47952115 ], [ -91.0588446, 14.47997593 ], [ -91.05928017, 14.48054886 ], [ -91.05931172, 14.48105407 ], [ -91.05890029, 14.48177024 ], [ -91.05844305, 14.48228836 ], [ -91.05806937, 14.48279586 ], [ -91.0577565, 14.48317623 ], [ -91.05727528, 14.48371786 ], [ -91.05692596, 14.48415666 ], [ -91.05653657, 14.48506957 ], [ -91.05646062, 14.48560326 ], [ -91.05623886, 14.48643735 ], [ -91.05561203, 14.48725566 ], [ -91.05491682, 14.48773791 ], [ -91.0541633, 14.48812591 ], [ -91.05328978, 14.48851405 ], [ -91.05241502, 14.48911002 ], [ -91.05183891, 14.48962713 ], [ -91.05150157, 14.4900197 ], [ -91.05117303, 14.4908642 ], [ -91.05108469, 14.49142037 ], [ -91.05107165, 14.49211611 ], [ -91.05039523, 14.49197156 ], [ -91.04962142, 14.49189397 ], [ -91.04878941, 14.49197404 ], [ -91.04807577, 14.49157839 ], [ -91.04751086, 14.49094675 ], [ -91.04676509, 14.49044804 ], [ -91.04598327, 14.49035794 ], [ -91.0454049, 14.49033732 ], [ -91.04424474, 14.49062136 ], [ -91.04341127, 14.49086859 ], [ -91.04260208, 14.49112392 ], [ -91.04200573, 14.49130195 ], [ -91.04127804, 14.49151842 ], [ -91.04065414, 14.49206108 ], [ -91.04053396, 14.49274124 ], [ -91.04014945, 14.49335368 ], [ -91.03952125, 14.49339588 ], [ -91.03886699, 14.49363216 ], [ -91.03858257, 14.49446457 ], [ -91.03821503, 14.49505681 ], [ -91.03776622, 14.49552976 ], [ -91.03753587, 14.4962779 ], [ -91.03770592, 14.49684865 ], [ -91.03806075, 14.49730459 ], [ -91.03843756, 14.4980307 ], [ -91.03830175, 14.49864069 ], [ -91.03770537, 14.49875544 ], [ -91.03692196, 14.49884378 ], [ -91.03604892, 14.49897204 ], [ -91.03549741, 14.49866469 ], [ -91.03468384, 14.49849182 ], [ -91.03396108, 14.49906527 ], [ -91.03339326, 14.49968745 ], [ -91.0327136, 14.50003984 ], [ -91.03198023, 14.5000416 ], [ -91.0345944, 14.50501687 ], [ -91.03541684, 14.51010251 ], [ -91.0352455, 14.5117153 ], [ -91.03442188, 14.51300407 ], [ -91.03464904, 14.51597121 ], [ -91.03613222, 14.51753347 ], [ -91.03614778, 14.51833337 ], [ -91.03834545, 14.52040202 ], [ -91.04232751, 14.5255954 ], [ -91.04410096, 14.52871214 ], [ -91.04469148, 14.53105426 ], [ -91.04543109, 14.53187262 ], [ -91.04505497, 14.53534646 ], [ -91.04437232, 14.53615973 ], [ -91.04241139, 14.54161861 ], [ -91.04038822, 14.55083292 ], [ -91.03854944, 14.55398721 ], [ -91.0373703, 14.55513179 ], [ -91.0373765, 14.55567632 ], [ -91.03338796, 14.55890176 ], [ -91.02911834, 14.56013663 ], [ -91.01981572, 14.56177732 ], [ -91.01774491, 14.56256066 ], [ -91.00843737, 14.56402348 ], [ -91.00751437, 14.56458494 ], [ -91.00501159, 14.5645828 ], [ -91.00368371, 14.56554179 ], [ -91.00322706, 14.56847031 ], [ -91.0030125, 14.58256691 ] ] ] ] } },
{ "type": "Feature", "properties": { "municipio": "Santa Bárbara" }, "geometry": { "type": "MultiPolygon", "coordinates": [ [ [ [ -91.18964608, 14.5726521 ], [ -91.1917679, 14.57460596 ], [ -91.19509443, 14.57747627 ], [ -91.19834809, 14.57954727 ], [ -91.20210111, 14.58048447 ], [ -91.20597935, 14.58064645 ], [ -91.20783575, 14.57973208 ], [ -91.20989263, 14.57790642 ], [ -91.22281983, 14.56192584 ], [ -91.22397918, 14.56025362 ], [ -91.22827144, 14.55704387 ], [ -91.23310654, 14.55592698 ], [ -91.24040307, 14.55324351 ], [ -91.25260221, 14.54494663 ], [ -91.2608947, 14.53697253 ], [ -91.26307648, 14.53367744 ], [ -91.26334451, 14.53017158 ], [ -91.26213083, 14.52735291 ], [ -91.26291024, 14.52504158 ], [ -91.2645365, 14.52358609 ], [ -91.26873544, 14.52281615 ], [ -91.26931069, 14.52132009 ], [ -91.27224117, 14.51774684 ], [ -91.27282009, 14.51749239 ], [ -91.27409101, 14.51698093 ], [ -91.2753428, 14.51646932 ], [ -91.27619627, 14.51617622 ], [ -91.27688055, 14.51601743 ], [ -91.27737647, 14.51584709 ], [ -91.27817236, 14.51535245 ], [ -91.27864116, 14.51494014 ], [ -91.2793886, 14.514261 ], [ -91.27992645, 14.51384128 ], [ -91.28065261, 14.5133642 ], [ -91.28126982, 14.51295411 ], [ -91.28193654, 14.51251499 ], [ -91.28262199, 14.51220255 ], [ -91.28328671, 14.51194644 ], [ -91.28402158, 14.51169198 ], [ -91.28461701, 14.51147377 ], [ -91.28558879, 14.51124927 ], [ -91.2861639, 14.51110886 ], [ -91.2867296, 14.51091077 ], [ -91.28717717, 14.5106926 ], [ -91.28834866, 14.51020858 ], [ -91.28908486, 14.50978012 ], [ -91.28962246, 14.50938862 ], [ -91.2902988, 14.50890211 ], [ -91.29076688, 14.50857789 ], [ -91.2913242, 14.50818653 ], [ -91.29175198, 14.50790042 ], [ -91.29229958, 14.50748979 ], [ -91.29310676, 14.50680086 ], [ -91.29370652, 14.50601439 ], [ -91.29403802, 14.50542819 ], [ -91.2943393, 14.50485194 ], [ -91.29456048, 14.5043621 ], [ -91.29468421, 14.50372582 ], [ -91.29470776, 14.5032255 ], [ -91.29469248, 14.50264582 ], [ -91.29473662, 14.5020293 ], [ -91.29525795, 14.50118463 ], [ -91.29571933, 14.50044573 ], [ -91.29593154, 14.49983945 ], [ -91.29630533, 14.49887735 ], [ -91.29663653, 14.49825273 ], [ -91.29699765, 14.49765771 ], [ -91.2973181, 14.49714938 ], [ -91.29813735, 14.49616225 ], [ -91.29850693, 14.49574918 ], [ -91.29888593, 14.49531809 ], [ -91.29932456, 14.49497443 ], [ -91.2997818, 14.49469756 ], [ -91.30070693, 14.4941936 ], [ -91.30124286, 14.49401446 ], [ -91.30189721, 14.49381696 ], [ -91.30267128, 14.49358078 ], [ -91.3037438, 14.4931355 ], [ -91.30448867, 14.49277483 ], [ -91.30514492, 14.49240335 ], [ -91.3055831, 14.49203934 ], [ -91.30621028, 14.49160099 ], [ -91.30669723, 14.49130511 ], [ -91.30718511, 14.49096179 ], [ -91.30777361, 14.49034805 ], [ -91.30833304, 14.48966743 ], [ -91.30913097, 14.48888234 ], [ -91.30988911, 14.48806871 ], [ -91.31038764, 14.48761925 ], [ -91.31089538, 14.48725573 ], [ -91.3113531, 14.48691218 ], [ -91.31195026, 14.48645326 ], [ -91.31239856, 14.48612885 ], [ -91.31307601, 14.48555527 ], [ -91.31466261, 14.48382115 ], [ -91.31552072, 14.48289185 ], [ -91.31652611, 14.48218956 ], [ -91.31704178, 14.48200119 ], [ -91.31770696, 14.48174497 ], [ -91.31825256, 14.48158506 ], [ -91.31928368, 14.4813902 ], [ -91.32032344, 14.48128126 ], [ -91.32116477, 14.48126807 ], [ -91.32198784, 14.48106155 ], [ -91.32259207, 14.48104665 ], [ -91.32344347, 14.48100527 ], [ -91.32439372, 14.48100188 ], [ -91.32536524, 14.48094553 ], [ -91.3238517, 14.47906384 ], [ -91.31654079, 14.47463034 ], [ -91.30459076, 14.46826976 ], [ -91.30396459, 14.46850815 ], [ -91.30350081, 14.46904257 ], [ -91.30320468, 14.4697906 ], [ -91.30091981, 14.47255673 ], [ -91.30092838, 14.47310586 ], [ -91.29931877, 14.47489168 ], [ -91.29754457, 14.47788402 ], [ -91.29518475, 14.47981464 ], [ -91.2921485, 14.47717494 ], [ -91.28824035, 14.47446786 ], [ -91.29154985, 14.46691574 ], [ -91.29520707, 14.46246049 ], [ -91.29821107, 14.45980016 ], [ -91.29904355, 14.45972031 ], [ -91.30037043, 14.45812563 ], [ -91.30008577, 14.45576575 ], [ -91.30086033, 14.45125226 ], [ -91.29868253, 14.44972152 ], [ -91.29117183, 14.44780869 ], [ -91.29028204, 14.44720346 ], [ -91.28922345, 14.44737089 ], [ -91.2883704, 14.44810017 ], [ -91.28820778, 14.44882317 ], [ -91.28725396, 14.44938789 ], [ -91.28680759, 14.44984446 ], [ -91.28569375, 14.44988381 ], [ -91.28411616, 14.44879001 ], [ -91.28324029, 14.44773182 ], [ -91.28275544, 14.44761305 ], [ -91.28250029, 14.44656842 ], [ -91.28405798, 14.44352716 ], [ -91.28631018, 14.4443276 ], [ -91.28881726, 14.44454579 ], [ -91.29090565, 14.44122136 ], [ -91.29160626, 14.43448513 ], [ -91.29569186, 14.41019982 ], [ -91.29620025, 14.4050732 ], [ -91.29677263, 14.40242914 ], [ -91.29826339, 14.40179704 ], [ -91.29920567, 14.39897601 ], [ -91.30006705, 14.39221486 ], [ -91.29990584, 14.3914624 ], [ -91.29876606, 14.39029619 ], [ -91.29921159, 14.38732583 ], [ -91.2989151, 14.37864477 ], [ -91.29860713, 14.37821889 ], [ -91.29596313, 14.37758075 ], [ -91.28794861, 14.37753646 ], [ -91.28660883, 14.37784309 ], [ -91.2850399, 14.37932076 ], [ -91.28375884, 14.3803599 ], [ -91.2829611, 14.3816974 ], [ -91.28163917, 14.38254529 ], [ -91.27810972, 14.38319297 ], [ -91.27579404, 14.38228811 ], [ -91.27267237, 14.37903874 ], [ -91.27179296, 14.37855443 ], [ -91.27136788, 14.37731424 ], [ -91.26926258, 14.37566522 ], [ -91.2688135, 14.37393227 ], [ -91.26661874, 14.37186683 ], [ -91.26153201, 14.37069412 ], [ -91.25873119, 14.36736336 ], [ -91.2531784, 14.36518949 ], [ -91.24918472, 14.3675946 ], [ -91.24445198, 14.3723237 ], [ -91.24432633, 14.37505902 ], [ -91.24549203, 14.37738477 ], [ -91.24523599, 14.38464827 ], [ -91.24714784, 14.39198772 ], [ -91.24731316, 14.39523583 ], [ -91.2469032, 14.39845822 ], [ -91.24573667, 14.39956349 ], [ -91.24427738, 14.40290234 ], [ -91.24338829, 14.40394865 ], [ -91.24303637, 14.40922193 ], [ -91.24105528, 14.41227443 ], [ -91.23671092, 14.41396714 ], [ -91.23419748, 14.41711614 ], [ -91.23114675, 14.41944992 ], [ -91.22629535, 14.42147188 ], [ -91.2213532, 14.42469395 ], [ -91.21579386, 14.42985436 ], [ -91.2147129, 14.43334607 ], [ -91.21378591, 14.43533302 ], [ -91.21206074, 14.43666996 ], [ -91.20798163, 14.43606283 ], [ -91.20638098, 14.43711711 ], [ -91.20628308, 14.43819525 ], [ -91.20748481, 14.44085133 ], [ -91.20740318, 14.44409639 ], [ -91.2040824, 14.44677565 ], [ -91.2025024, 14.44986468 ], [ -91.20325246, 14.45520492 ], [ -91.20511935, 14.45775651 ], [ -91.20730876, 14.46353814 ], [ -91.20711348, 14.46598589 ], [ -91.20639296, 14.46677572 ], [ -91.20580584, 14.48292167 ], [ -91.20450689, 14.4862783 ], [ -91.20252891, 14.48712967 ], [ -91.19562744, 14.48650967 ], [ -91.19048765, 14.48748688 ], [ -91.19036948, 14.4898335 ], [ -91.19146586, 14.49096826 ], [ -91.19254485, 14.492461 ], [ -91.19218708, 14.49346934 ], [ -91.18618558, 14.5002205 ], [ -91.18634892, 14.50401531 ], [ -91.18743957, 14.50792573 ], [ -91.18934878, 14.52105069 ], [ -91.191432, 14.53140469 ], [ -91.19078649, 14.53512547 ], [ -91.18889504, 14.53746515 ], [ -91.18825949, 14.53896048 ], [ -91.18787274, 14.54244262 ], [ -91.18875637, 14.54693663 ], [ -91.19170635, 14.55127602 ], [ -91.19259448, 14.55551475 ], [ -91.1938255, 14.55809885 ], [ -91.19435999, 14.56296974 ], [ -91.19317813, 14.56730657 ], [ -91.19172908, 14.56912548 ], [ -91.19065133, 14.57170755 ], [ -91.18964608, 14.5726521 ] ] ] ] } },
{ "type": "Feature", "properties": { "municipio": "Patulul" }, "geometry": { "type": "MultiPolygon", "coordinates": [ [ [ [ -91.17224725, 14.55998165 ], [ -91.18964608, 14.5726521 ], [ -91.19065133, 14.57170755 ], [ -91.19172908, 14.56912548 ], [ -91.19317813, 14.56730657 ], [ -91.19435999, 14.56296974 ], [ -91.1938255, 14.55809885 ], [ -91.19259448, 14.55551475 ], [ -91.19170635, 14.55127602 ], [ -91.18875637, 14.54693663 ], [ -91.18787274, 14.54244262 ], [ -91.18825949, 14.53896048 ], [ -91.18889504, 14.53746515 ], [ -91.19078649, 14.53512547 ], [ -91.191432, 14.53140469 ], [ -91.18934878, 14.52105069 ], [ -91.18743957, 14.50792573 ], [ -91.18634892, 14.50401531 ], [ -91.18618558, 14.5002205 ], [ -91.19218708, 14.49346934 ], [ -91.19254485, 14.492461 ], [ -91.19146586, 14.49096826 ], [ -91.19036948, 14.4898335 ], [ -91.19048765, 14.48748688 ], [ -91.19562744, 14.48650967 ], [ -91.20252891, 14.48712967 ], [ -91.20450689, 14.4862783 ], [ -91.20580584, 14.48292167 ], [ -91.20639296, 14.46677572 ], [ -91.19921727, 14.46594592 ], [ -91.19755434, 14.46505879 ], [ -91.19405373, 14.46425697 ], [ -91.18996083, 14.46229599 ], [ -91.18563996, 14.45857874 ], [ -91.18241671, 14.45711915 ], [ -91.17910748, 14.45746977 ], [ -91.17744184, 14.4584273 ], [ -91.17689903, 14.45966577 ], [ -91.17715612, 14.46531514 ], [ -91.17637759, 14.46609764 ], [ -91.17498996, 14.4662247 ], [ -91.17240785, 14.46766649 ], [ -91.17078201, 14.47415753 ], [ -91.17013139, 14.4745343 ], [ -91.1693739, 14.47437138 ], [ -91.1684298, 14.47356534 ], [ -91.1636795, 14.4680956 ], [ -91.16251594, 14.46522274 ], [ -91.16239874, 14.46255688 ], [ -91.1630871, 14.46209794 ], [ -91.16644169, 14.46216364 ], [ -91.16740795, 14.4616741 ], [ -91.16916746, 14.45549027 ], [ -91.17039042, 14.45444125 ], [ -91.17537029, 14.45457253 ], [ -91.17667032, 14.45416122 ], [ -91.17874283, 14.4494325 ], [ -91.17988119, 14.448228 ], [ -91.18000067, 14.44715005 ], [ -91.17759329, 14.44425183 ], [ -91.173652, 14.44124906 ], [ -91.16666739, 14.43766904 ], [ -91.16470292, 14.43649017 ], [ -91.16225738, 14.43517197 ], [ -91.16125768, 14.43417117 ], [ -91.16112944, 14.43341328 ], [ -91.16225022, 14.43293737 ], [ -91.16323993, 14.43247174 ], [ -91.16375864, 14.43212106 ], [ -91.16423205, 14.43171127 ], [ -91.16459988, 14.43124079 ], [ -91.1649223, 14.4307259 ], [ -91.16533737, 14.43007842 ], [ -91.16572075, 14.42954932 ], [ -91.16611932, 14.42900564 ], [ -91.16657922, 14.4284037 ], [ -91.16729968, 14.4274773 ], [ -91.16780548, 14.42686102 ], [ -91.16823379, 14.42643506 ], [ -91.16872249, 14.42599601 ], [ -91.16921046, 14.42564507 ], [ -91.16977469, 14.4253241 ], [ -91.17036798, 14.42506322 ], [ -91.17117675, 14.42446284 ], [ -91.17169869, 14.42371338 ], [ -91.17228126, 14.42291919 ], [ -91.17281524, 14.42253923 ], [ -91.17348181, 14.42231845 ], [ -91.17471992, 14.42215631 ], [ -91.17538823, 14.42179207 ], [ -91.17595489, 14.42117059 ], [ -91.17660246, 14.42050568 ], [ -91.17723875, 14.41987344 ], [ -91.17816241, 14.41910899 ], [ -91.17862644, 14.41842006 ], [ -91.17978039, 14.41755683 ], [ -91.18068813, 14.4173955 ], [ -91.18196293, 14.41713758 ], [ -91.18285291, 14.41630619 ], [ -91.18292822, 14.41552388 ], [ -91.18322229, 14.41456476 ], [ -91.18382503, 14.41377634 ], [ -91.18443919, 14.41300948 ], [ -91.18481415, 14.41200692 ], [ -91.18559208, 14.41083913 ], [ -91.1871007, 14.41011301 ], [ -91.18813605, 14.40971765 ], [ -91.19055474, 14.40695371 ], [ -91.19127705, 14.40556179 ], [ -91.19206569, 14.4044946 ], [ -91.19271227, 14.40394033 ], [ -91.19394736, 14.40298952 ], [ -91.19592349, 14.40104795 ], [ -91.19714751, 14.40002925 ], [ -91.19768085, 14.39928431 ], [ -91.19854902, 14.39761556 ], [ -91.19915899, 14.39641932 ], [ -91.19957196, 14.39550626 ], [ -91.19977066, 14.39464806 ], [ -91.20007664, 14.39392511 ], [ -91.20047459, 14.39322319 ], [ -91.20119267, 14.39263442 ], [ -91.20221769, 14.39243096 ], [ -91.20272334, 14.39253535 ], [ -91.20373123, 14.39309658 ], [ -91.20643969, 14.39434628 ], [ -91.20933016, 14.39603115 ], [ -91.2110114, 14.39762098 ], [ -91.21961741, 14.39810736 ], [ -91.22535158, 14.39915482 ], [ -91.24241185, 14.40290203 ], [ -91.24338829, 14.40394865 ], [ -91.24427738, 14.40290234 ], [ -91.24573667, 14.39956349 ], [ -91.2469032, 14.39845822 ], [ -91.24731316, 14.39523583 ], [ -91.24714784, 14.39198772 ], [ -91.24523599, 14.38464827 ], [ -91.24549203, 14.37738477 ], [ -91.24432633, 14.37505902 ], [ -91.24445198, 14.3723237 ], [ -91.24918472, 14.3675946 ], [ -91.2531784, 14.36518949 ], [ -91.25357636, 14.35384971 ], [ -91.25482086, 14.3524399 ], [ -91.25974856, 14.35081314 ], [ -91.26023112, 14.35014899 ], [ -91.26035462, 14.34698545 ], [ -91.26273097, 14.34432422 ], [ -91.26397064, 14.3416456 ], [ -91.265663, 14.33991589 ], [ -91.26609214, 14.33760415 ], [ -91.26778639, 14.33169883 ], [ -91.26820081, 14.32684501 ], [ -91.27066582, 14.32368382 ], [ -91.27085618, 14.32152171 ], [ -91.27029836, 14.31750246 ], [ -91.27151125, 14.31548675 ], [ -91.27230747, 14.31098703 ], [ -91.27195247, 14.30968409 ], [ -91.27039789, 14.30813517 ], [ -91.26760911, 14.30715569 ], [ -91.26724869, 14.30558156 ], [ -91.24490662, 14.30185329 ], [ -91.24425905, 14.30139774 ], [ -91.23490641, 14.30016825 ], [ -91.1996292, 14.29361345 ], [ -91.20006853, 14.29030441 ], [ -91.20061039, 14.28968603 ], [ -91.20149771, 14.28656113 ], [ -91.20206008, 14.28226449 ], [ -91.20510741, 14.26851264 ], [ -91.20589096, 14.26683976 ], [ -91.20677637, 14.26122034 ], [ -91.20859772, 14.25470868 ], [ -91.20979746, 14.24666491 ], [ -91.21044531, 14.24551405 ], [ -91.21489793, 14.22461441 ], [ -91.21570197, 14.22265917 ], [ -91.21713785, 14.21411546 ], [ -91.21830735, 14.21029095 ], [ -91.21818998, 14.20812322 ], [ -91.21700818, 14.20753147 ], [ -91.20085052, 14.2050324 ], [ -91.19719854, 14.20402317 ], [ -91.18977897, 14.20301592 ], [ -91.18885837, 14.20250283 ], [ -91.17893251, 14.20133957 ], [ -91.17909156, 14.20186836 ], [ -91.17926227, 14.20253168 ], [ -91.17938281, 14.20316977 ], [ -91.17953638, 14.20438539 ], [ -91.17961517, 14.20553831 ], [ -91.17976081, 14.20615173 ], [ -91.17996886, 14.20685261 ], [ -91.18026385, 14.20768859 ], [ -91.18040869, 14.20847372 ], [ -91.18040173, 14.20934469 ], [ -91.18011841, 14.21016384 ], [ -91.17943484, 14.21078338 ], [ -91.1789308, 14.21096369 ], [ -91.17792528, 14.21100574 ], [ -91.1772471, 14.21095086 ], [ -91.17666927, 14.21087302 ], [ -91.17617984, 14.21082071 ], [ -91.17542787, 14.21058113 ], [ -91.17492943, 14.2100633 ], [ -91.17446903, 14.20949492 ], [ -91.17377998, 14.20920836 ], [ -91.17288747, 14.2092377 ], [ -91.17217998, 14.20966159 ], [ -91.17185047, 14.21002736 ], [ -91.17131691, 14.21078358 ], [ -91.17104885, 14.21128425 ], [ -91.17070533, 14.21180808 ], [ -91.17037553, 14.21220999 ], [ -91.17004495, 14.21263676 ], [ -91.16966487, 14.21302586 ], [ -91.16904467, 14.2136097 ], [ -91.16876258, 14.21426955 ], [ -91.16869156, 14.21532304 ], [ -91.16868554, 14.21607086 ], [ -91.16877781, 14.2170533 ], [ -91.16879811, 14.21769626 ], [ -91.16888989, 14.21873969 ], [ -91.16902137, 14.21959816 ], [ -91.16910306, 14.22038394 ], [ -91.16919789, 14.22112011 ], [ -91.16957879, 14.2221409 ], [ -91.17011418, 14.22281831 ], [ -91.17050069, 14.22321442 ], [ -91.17094739, 14.22390358 ], [ -91.1710937, 14.22443227 ], [ -91.17109865, 14.22540048 ], [ -91.17085283, 14.22630012 ], [ -91.17027131, 14.22674981 ], [ -91.16965853, 14.22683775 ], [ -91.1689182, 14.22708965 ], [ -91.16805064, 14.22746372 ], [ -91.16731965, 14.22784899 ], [ -91.16661356, 14.2277306 ], [ -91.16637609, 14.2271628 ], [ -91.16629537, 14.22668883 ], [ -91.16594235, 14.22601732 ], [ -91.16525786, 14.22587876 ], [ -91.16470887, 14.22595588 ], [ -91.16400931, 14.22632106 ], [ -91.16342621, 14.22674925 ], [ -91.16288706, 14.22711227 ], [ -91.16235176, 14.22743012 ], [ -91.16185507, 14.22769856 ], [ -91.16135777, 14.22804155 ], [ -91.16084774, 14.22838332 ], [ -91.16034997, 14.22871388 ], [ -91.15983973, 14.22908163 ], [ -91.15926528, 14.22958444 ], [ -91.15879017, 14.23026087 ], [ -91.15854429, 14.23087693 ], [ -91.15839982, 14.23148246 ], [ -91.1582687, 14.23201355 ], [ -91.15802381, 14.23250647 ], [ -91.1577415, 14.23290083 ], [ -91.15730651, 14.23334258 ], [ -91.15673254, 14.23378325 ], [ -91.15581668, 14.23411057 ], [ -91.15520663, 14.23421657 ], [ -91.15471112, 14.23433701 ], [ -91.15407455, 14.23464163 ], [ -91.1536252, 14.23528096 ], [ -91.15354382, 14.23596042 ], [ -91.15352363, 14.23687646 ], [ -91.15347867, 14.23770531 ], [ -91.15332076, 14.2383966 ], [ -91.15305506, 14.23987898 ], [ -91.15299985, 14.24047278 ], [ -91.15297025, 14.24097979 ], [ -91.15314249, 14.24166121 ], [ -91.15368346, 14.24214778 ], [ -91.15435374, 14.24240037 ], [ -91.15483158, 14.24296101 ], [ -91.1548135, 14.24361723 ], [ -91.15457874, 14.24435763 ], [ -91.1537505, 14.24487089 ], [ -91.15306345, 14.24511298 ], [ -91.15245092, 14.24559063 ], [ -91.15202914, 14.24597033 ], [ -91.15164526, 14.24638874 ], [ -91.1513243, 14.24683136 ], [ -91.15107968, 14.24728699 ], [ -91.15075589, 14.24807641 ], [ -91.15058549, 14.24880488 ], [ -91.15054122, 14.24954675 ], [ -91.15056176, 14.25015356 ], [ -91.15063268, 14.25076076 ], [ -91.15081857, 14.25133044 ], [ -91.15120572, 14.25207566 ], [ -91.15169401, 14.25284652 ], [ -91.1520933, 14.25366639 ], [ -91.15217696, 14.25427369 ], [ -91.1522853, 14.25497946 ], [ -91.15243297, 14.25554998 ], [ -91.15259237, 14.25624372 ], [ -91.15277859, 14.2567027 ], [ -91.15306612, 14.25723701 ], [ -91.15355433, 14.25802029 ], [ -91.1542802, 14.25927537 ], [ -91.15473069, 14.25999735 ], [ -91.1549771, 14.26088947 ], [ -91.15500978, 14.26157093 ], [ -91.15494173, 14.26217593 ], [ -91.15474636, 14.26276864 ], [ -91.15457538, 14.26349711 ], [ -91.15449398, 14.26417656 ], [ -91.15448954, 14.26472105 ], [ -91.15445681, 14.26561213 ], [ -91.15442398, 14.26651451 ], [ -91.15433124, 14.26702103 ], [ -91.15413526, 14.2676883 ], [ -91.15381415, 14.2682179 ], [ -91.15336532, 14.26878267 ], [ -91.15290433, 14.26934846 ], [ -91.15250707, 14.26984019 ], [ -91.15200535, 14.27064065 ], [ -91.15171568, 14.2719997 ], [ -91.15165665, 14.27298886 ], [ -91.15174021, 14.27360746 ], [ -91.15187504, 14.2741903 ], [ -91.1522869, 14.27503513 ], [ -91.15267549, 14.27560751 ], [ -91.15313906, 14.27629119 ], [ -91.15344006, 14.27673863 ], [ -91.15381582, 14.27732334 ], [ -91.15421647, 14.27798167 ], [ -91.15447855, 14.2785158 ], [ -91.15471423, 14.27916155 ], [ -91.15481104, 14.27971925 ], [ -91.1548044, 14.28053484 ], [ -91.15478638, 14.2812532 ], [ -91.15450746, 14.28278517 ], [ -91.15451428, 14.28344046 ], [ -91.15468826, 14.28391176 ], [ -91.15483311, 14.28482908 ], [ -91.15482848, 14.28539728 ], [ -91.15469549, 14.28615089 ], [ -91.15441269, 14.28659493 ], [ -91.15408022, 14.28695047 ], [ -91.15342904, 14.28746508 ], [ -91.15303335, 14.28775912 ], [ -91.15261249, 14.28801569 ], [ -91.15197657, 14.28822088 ], [ -91.15123062, 14.28785697 ], [ -91.15096784, 14.2874087 ], [ -91.15061836, 14.2867259 ], [ -91.15026828, 14.28611653 ], [ -91.14986612, 14.28564345 ], [ -91.14904169, 14.28559976 ], [ -91.14840527, 14.28586706 ], [ -91.14720728, 14.28652652 ], [ -91.14621241, 14.28713672 ], [ -91.14581651, 14.2874556 ], [ -91.14542051, 14.28778691 ], [ -91.14504827, 14.28832852 ], [ -91.14481338, 14.28914346 ], [ -91.1447705, 14.28971137 ], [ -91.1447734, 14.29091226 ], [ -91.14481209, 14.29240941 ], [ -91.14481627, 14.29345442 ], [ -91.14481008, 14.294209 ], [ -91.14481876, 14.29470388 ], [ -91.14482531, 14.29545857 ], [ -91.14487104, 14.2960283 ], [ -91.14510457, 14.29693387 ], [ -91.14536655, 14.2974793 ], [ -91.14559167, 14.29792729 ], [ -91.14589241, 14.29833745 ], [ -91.14648422, 14.29892386 ], [ -91.14682268, 14.29939646 ], [ -91.14703306, 14.3000183 ], [ -91.14696375, 14.3007724 ], [ -91.14650067, 14.301511 ], [ -91.14621821, 14.30197875 ], [ -91.14594772, 14.30247145 ], [ -91.14568969, 14.30292697 ], [ -91.14545671, 14.30350695 ], [ -91.1453258, 14.30400073 ], [ -91.14518012, 14.30474181 ], [ -91.14512099, 14.30580552 ], [ -91.14517286, 14.30717964 ], [ -91.14541103, 14.30907374 ], [ -91.14533048, 14.30964248 ], [ -91.14493129, 14.31035672 ], [ -91.14426636, 14.31098303 ], [ -91.14356645, 14.31121254 ], [ -91.14281737, 14.31129254 ], [ -91.14211755, 14.31151075 ], [ -91.14137826, 14.31195007 ], [ -91.14089057, 14.31257662 ], [ -91.14066776, 14.31346621 ], [ -91.14071232, 14.31424605 ], [ -91.14130153, 14.31507985 ], [ -91.14165305, 14.31551528 ], [ -91.14195122, 14.31630952 ], [ -91.14132481, 14.31689771 ], [ -91.1405758, 14.31696641 ], [ -91.13963449, 14.31724372 ], [ -91.13895832, 14.31768353 ], [ -91.13864966, 14.31816349 ], [ -91.13849149, 14.3188683 ], [ -91.13860031, 14.31951195 ], [ -91.13902716, 14.32008466 ], [ -91.13931534, 14.32054445 ], [ -91.13948899, 14.32105304 ], [ -91.13941915, 14.3217947 ], [ -91.13903296, 14.32247288 ], [ -91.13840846, 14.3228261 ], [ -91.1376973, 14.32287023 ], [ -91.13719333, 14.32244603 ], [ -91.13722474, 14.32172892 ], [ -91.13738311, 14.32099925 ], [ -91.13701878, 14.32050159 ], [ -91.13634286, 14.32097866 ], [ -91.13571635, 14.32150583 ], [ -91.13498069, 14.32150005 ], [ -91.13414563, 14.32118509 ], [ -91.13340936, 14.32125273 ], [ -91.13287583, 14.3213231 ], [ -91.13221432, 14.32152802 ], [ -91.13148765, 14.32190639 ], [ -91.13063214, 14.32259216 ], [ -91.130094, 14.32321829 ], [ -91.1297453, 14.3239826 ], [ -91.12966433, 14.32452647 ], [ -91.12963474, 14.32502104 ], [ -91.1296047, 14.32563987 ], [ -91.12958775, 14.32614697 ], [ -91.1295297, 14.32700056 ], [ -91.12911461, 14.32808517 ], [ -91.12874102, 14.32877585 ], [ -91.1283292, 14.3294651 ], [ -91.12776257, 14.33045024 ], [ -91.12741601, 14.33095474 ], [ -91.12718418, 14.33138558 ], [ -91.12695053, 14.33196552 ], [ -91.12673011, 14.33255799 ], [ -91.12658659, 14.33302681 ], [ -91.12646837, 14.33352068 ], [ -91.12641266, 14.3340896 ], [ -91.1263955, 14.33462155 ], [ -91.1265163, 14.33535227 ], [ -91.12724498, 14.33627307 ], [ -91.1277988, 14.33683438 ], [ -91.12834042, 14.33726003 ], [ -91.12911135, 14.33797781 ], [ -91.12930171, 14.33856562 ], [ -91.12936532, 14.33955798 ], [ -91.12930241, 14.34043638 ], [ -91.12888265, 14.34145205 ], [ -91.12861081, 14.34202491 ], [ -91.12838413, 14.34253261 ], [ -91.12817402, 14.34306755 ], [ -91.12808083, 14.34361471 ], [ -91.1282562, 14.34454244 ], [ -91.12867469, 14.34507782 ], [ -91.12901784, 14.34596394 ], [ -91.12889334, 14.34686332 ], [ -91.12853328, 14.34738578 ], [ -91.12783201, 14.34811228 ], [ -91.12724866, 14.34873126 ], [ -91.12678835, 14.34925406 ], [ -91.12638295, 14.34986314 ], [ -91.12612546, 14.3507287 ], [ -91.12615402, 14.35126553 ], [ -91.12629322, 14.35194444 ], [ -91.12636526, 14.35261717 ], [ -91.12636573, 14.35325657 ], [ -91.1262884, 14.35384678 ], [ -91.12615553, 14.35442639 ], [ -91.12580995, 14.35522573 ], [ -91.12553085, 14.35597137 ], [ -91.12541366, 14.35668666 ], [ -91.12544746, 14.35735909 ], [ -91.12565184, 14.35814132 ], [ -91.12611243, 14.3589798 ], [ -91.12676851, 14.3596515 ], [ -91.12722805, 14.35985057 ], [ -91.12779482, 14.35997479 ], [ -91.1283953, 14.35994678 ], [ -91.12909772, 14.359784 ], [ -91.1297824, 14.35966515 ], [ -91.13037699, 14.35971842 ], [ -91.13086132, 14.36035147 ], [ -91.13091253, 14.36088283 ], [ -91.13097231, 14.36170797 ], [ -91.13111247, 14.36227279 ], [ -91.13136321, 14.36284865 ], [ -91.13168231, 14.36328496 ], [ -91.13205726, 14.36362457 ], [ -91.13249997, 14.36389918 ], [ -91.1329536, 14.36418405 ], [ -91.13346319, 14.36442756 ], [ -91.13418872, 14.36483432 ], [ -91.13433329, 14.36549632 ], [ -91.13411768, 14.36599395 ], [ -91.13341996, 14.36698596 ], [ -91.13262671, 14.36810713 ], [ -91.13227181, 14.36863077 ], [ -91.13187756, 14.36921848 ], [ -91.13161253, 14.369666 ], [ -91.13138029, 14.3701409 ], [ -91.13108406, 14.37099599 ], [ -91.13096207, 14.37166154 ], [ -91.13103872, 14.37247778 ], [ -91.13149523, 14.37304509 ], [ -91.13221704, 14.3732033 ], [ -91.1329749, 14.37306807 ], [ -91.13358432, 14.37266619 ], [ -91.13423237, 14.37228607 ], [ -91.13496439, 14.3725415 ], [ -91.13553633, 14.37330516 ], [ -91.13584418, 14.37377414 ], [ -91.13606206, 14.37433166 ], [ -91.13624574, 14.37496122 ], [ -91.13636803, 14.37565694 ], [ -91.13650515, 14.37659001 ], [ -91.13653386, 14.37711102 ], [ -91.1365004, 14.37779309 ], [ -91.13650677, 14.37835233 ], [ -91.13647263, 14.37911573 ], [ -91.13616427, 14.3801063 ], [ -91.13587982, 14.38086772 ], [ -91.135692, 14.38136556 ], [ -91.13535474, 14.38185658 ], [ -91.13498389, 14.38227616 ], [ -91.13460858, 14.38260419 ], [ -91.13377786, 14.38285747 ], [ -91.13314237, 14.38234862 ], [ -91.13240516, 14.38201745 ], [ -91.13188293, 14.38196475 ], [ -91.13117128, 14.38197494 ], [ -91.12996288, 14.38214388 ], [ -91.129304, 14.38242674 ], [ -91.12891714, 14.38281907 ], [ -91.12857762, 14.38351001 ], [ -91.12829838, 14.38433812 ], [ -91.12818123, 14.38504663 ], [ -91.12808666, 14.38568641 ], [ -91.1277874, 14.38620369 ], [ -91.12734381, 14.38672661 ], [ -91.12668865, 14.38725802 ], [ -91.12597975, 14.38756194 ], [ -91.12558473, 14.38823548 ], [ -91.12540082, 14.38895589 ], [ -91.12482944, 14.38944503 ], [ -91.1241055, 14.38953644 ], [ -91.1233214, 14.38954603 ], [ -91.12270703, 14.38983939 ], [ -91.1223008, 14.39053543 ], [ -91.12206765, 14.39111424 ], [ -91.12181203, 14.39174595 ], [ -91.12175433, 14.39268652 ], [ -91.12199455, 14.39320356 ], [ -91.12241777, 14.39380339 ], [ -91.12287999, 14.39445211 ], [ -91.12298729, 14.39492517 ], [ -91.12277485, 14.39566003 ], [ -91.12207683, 14.39604535 ], [ -91.12168495, 14.39634047 ], [ -91.12123051, 14.39677065 ], [ -91.12092039, 14.39726638 ], [ -91.12069936, 14.39777975 ], [ -91.12020944, 14.39850223 ], [ -91.11942013, 14.39913083 ], [ -91.11892029, 14.39965215 ], [ -91.11868861, 14.40012251 ], [ -91.11856098, 14.40076089 ], [ -91.1184831, 14.40141096 ], [ -91.11839954, 14.40211522 ], [ -91.11791686, 14.40259374 ], [ -91.11718168, 14.40270763 ], [ -91.11644473, 14.40303162 ], [ -91.11629367, 14.40383813 ], [ -91.11608886, 14.40504073 ], [ -91.11600494, 14.40571786 ], [ -91.11583971, 14.40620908 ], [ -91.11555783, 14.40665192 ], [ -91.11499762, 14.40711401 ], [ -91.11422773, 14.40735639 ], [ -91.11349736, 14.4075844 ], [ -91.11308343, 14.40787932 ], [ -91.11241619, 14.40852468 ], [ -91.11195062, 14.40896492 ], [ -91.111367, 14.40958948 ], [ -91.1104027, 14.41048211 ], [ -91.10975296, 14.41097509 ], [ -91.10930527, 14.41128556 ], [ -91.10862331, 14.41168226 ], [ -91.10813112, 14.41204659 ], [ -91.10767123, 14.41249815 ], [ -91.10702047, 14.41311087 ], [ -91.10658106, 14.41381226 ], [ -91.10627655, 14.4142549 ], [ -91.10559372, 14.41468321 ], [ -91.10480525, 14.41451421 ], [ -91.104027, 14.41450796 ], [ -91.10351294, 14.41478512 ], [ -91.10303033, 14.41524779 ], [ -91.10263742, 14.41565696 ], [ -91.10187282, 14.41636589 ], [ -91.10137096, 14.41677418 ], [ -91.10082134, 14.41727924 ], [ -91.10029276, 14.4179686 ], [ -91.10003325, 14.41843306 ], [ -91.09964644, 14.41942179 ], [ -91.09942876, 14.42014641 ], [ -91.09921135, 14.4208394 ], [ -91.09900682, 14.42137999 ], [ -91.09865549, 14.42214646 ], [ -91.09837171, 14.42280615 ], [ -91.09784219, 14.42360394 ], [ -91.09751609, 14.42399105 ], [ -91.09709828, 14.42473664 ], [ -91.09705638, 14.42571233 ], [ -91.0971276, 14.42647091 ], [ -91.09721086, 14.42717649 ], [ -91.09731596, 14.4279037 ], [ -91.09736753, 14.42838197 ], [ -91.09794019, 14.42905873 ], [ -91.0981562, 14.42982978 ], [ -91.09812893, 14.43044748 ], [ -91.09797769, 14.43119522 ], [ -91.09778425, 14.4317246 ], [ -91.09755628, 14.43236215 ], [ -91.09735968, 14.43319538 ], [ -91.09716347, 14.43405121 ], [ -91.09698067, 14.4346236 ], [ -91.09656486, 14.43513085 ], [ -91.09608285, 14.43551669 ], [ -91.09547719, 14.43612972 ], [ -91.09526095, 14.43668151 ], [ -91.09516367, 14.43762399 ], [ -91.0951252, 14.43826306 ], [ -91.09501802, 14.43907555 ], [ -91.09488973, 14.43977942 ], [ -91.09469099, 14.44086228 ], [ -91.09451577, 14.44183689 ], [ -91.09436601, 14.44247506 ], [ -91.09426012, 14.44313506 ], [ -91.09420005, 14.44365534 ], [ -91.09415062, 14.44421864 ], [ -91.09417722, 14.44504351 ], [ -91.09429526, 14.44554264 ], [ -91.09421937, 14.4466265 ], [ -91.09380123, 14.44740371 ], [ -91.09344835, 14.44834411 ], [ -91.09336493, 14.44895119 ], [ -91.09370284, 14.44976728 ], [ -91.09424295, 14.45038957 ], [ -91.09460364, 14.45111886 ], [ -91.0947441, 14.45164077 ], [ -91.09484022, 14.45212843 ], [ -91.09495844, 14.45260723 ], [ -91.09554723, 14.45384557 ], [ -91.10159672, 14.45324035 ], [ -91.10592742, 14.45546338 ], [ -91.1084208, 14.45624143 ], [ -91.1155924, 14.45716652 ], [ -91.11752807, 14.45700013 ], [ -91.12844461, 14.45913188 ], [ -91.12828767, 14.45973726 ], [ -91.1281006, 14.46034128 ], [ -91.12791427, 14.46085719 ], [ -91.12760332, 14.4617867 ], [ -91.12727685, 14.46270027 ], [ -91.12713655, 14.46318717 ], [ -91.12700914, 14.46386509 ], [ -91.12694159, 14.46466323 ], [ -91.1269344, 14.4655206 ], [ -91.12693006, 14.46603795 ], [ -91.12683497, 14.46652521 ], [ -91.12653984, 14.46736447 ], [ -91.12609505, 14.46793819 ], [ -91.12572684, 14.46843683 ], [ -91.12522103, 14.46909818 ], [ -91.12480576, 14.46974556 ], [ -91.12457495, 14.47017187 ], [ -91.12418928, 14.47095278 ], [ -91.12404628, 14.47169045 ], [ -91.12391818, 14.47251748 ], [ -91.12388212, 14.47315207 ], [ -91.12387578, 14.47390664 ], [ -91.12415613, 14.47489846 ], [ -91.12442319, 14.47561003 ], [ -91.1245674, 14.47645391 ], [ -91.12459154, 14.4772381 ], [ -91.12455598, 14.47781394 ], [ -91.12432229, 14.47858026 ], [ -91.12387699, 14.47921271 ], [ -91.12340328, 14.47963707 ], [ -91.12274523, 14.48026782 ], [ -91.12231719, 14.48070724 ], [ -91.12178049, 14.48138301 ], [ -91.12141037, 14.48210417 ], [ -91.12129769, 14.48288726 ], [ -91.12132347, 14.48340485 ], [ -91.12136197, 14.48420271 ], [ -91.12129572, 14.48491161 ], [ -91.12106416, 14.48535372 ], [ -91.12066638, 14.48577868 ], [ -91.12016055, 14.48636658 ], [ -91.11977546, 14.48707293 ], [ -91.11960341, 14.48767706 ], [ -91.11956516, 14.4886381 ], [ -91.11963487, 14.48937746 ], [ -91.1198565, 14.49004461 ], [ -91.11992621, 14.49078397 ], [ -91.11981452, 14.49144845 ], [ -91.11938288, 14.49224254 ], [ -91.1192513, 14.4929961 ], [ -91.1192329, 14.49366472 ], [ -91.11912551, 14.49464328 ], [ -91.11902191, 14.49524117 ], [ -91.11904403, 14.49626144 ], [ -91.1194854, 14.49699587 ], [ -91.12019313, 14.49763076 ], [ -91.12050704, 14.49814953 ], [ -91.12070737, 14.49866174 ], [ -91.12083067, 14.49937216 ], [ -91.12090978, 14.49989018 ], [ -91.12097337, 14.50039339 ], [ -91.12107524, 14.50185712 ], [ -91.12143445, 14.50243613 ], [ -91.12170182, 14.50311155 ], [ -91.12181769, 14.50374057 ], [ -91.12191694, 14.5045536 ], [ -91.12207162, 14.50511741 ], [ -91.12238543, 14.50571752 ], [ -91.12301701, 14.50638116 ], [ -91.12339915, 14.50692307 ], [ -91.12366679, 14.50756799 ], [ -91.12377487, 14.50822745 ], [ -91.12380878, 14.50874511 ], [ -91.1237924, 14.50979444 ], [ -91.12367969, 14.51050975 ], [ -91.12333868, 14.51141641 ], [ -91.12321052, 14.51217678 ], [ -91.12305583, 14.51298777 ], [ -91.12280021, 14.51359913 ], [ -91.12241495, 14.51432017 ], [ -91.12242131, 14.5149404 ], [ -91.12291658, 14.51492629 ], [ -91.12364531, 14.51514111 ], [ -91.12410644, 14.51539333 ], [ -91.12466043, 14.51618514 ], [ -91.12477176, 14.51687173 ], [ -91.12480016, 14.51742437 ], [ -91.12494144, 14.51841057 ], [ -91.12501847, 14.51938383 ], [ -91.12499389, 14.51996089 ], [ -91.12489907, 14.52116775 ], [ -91.1248946, 14.52169866 ], [ -91.12499166, 14.52256589 ], [ -91.12535083, 14.52322284 ], [ -91.12586818, 14.52375453 ], [ -91.12655601, 14.5241475 ], [ -91.12740226, 14.52438924 ], [ -91.12818957, 14.52460564 ], [ -91.12872221, 14.52483809 ], [ -91.12926561, 14.52537676 ], [ -91.12940225, 14.52615845 ], [ -91.12928622, 14.52678675 ], [ -91.12911764, 14.52745869 ], [ -91.12906638, 14.52810671 ], [ -91.12910813, 14.52858941 ], [ -91.12922018, 14.52919355 ], [ -91.12937716, 14.52990084 ], [ -91.1294706, 14.53044157 ], [ -91.12949655, 14.53121673 ], [ -91.12948184, 14.53220734 ], [ -91.12949714, 14.53349076 ], [ -91.12955197, 14.53469204 ], [ -91.12957615, 14.53574734 ], [ -91.12962133, 14.53657914 ], [ -91.12972047, 14.53795926 ], [ -91.12982453, 14.53875425 ], [ -91.12993626, 14.5394657 ], [ -91.13006801, 14.54007112 ], [ -91.13023155, 14.54075814 ], [ -91.13041566, 14.54134365 ], [ -91.13063791, 14.5420831 ], [ -91.13084226, 14.5426055 ], [ -91.13113686, 14.54322353 ], [ -91.13158825, 14.54388234 ], [ -91.13194286, 14.54432912 ], [ -91.13231004, 14.54486639 ], [ -91.13278776, 14.54549829 ], [ -91.13310362, 14.54593348 ], [ -91.13376793, 14.54678942 ], [ -91.13421478, 14.54716238 ], [ -91.13474747, 14.54746486 ], [ -91.13542403, 14.54762275 ], [ -91.13628414, 14.5477437 ], [ -91.13710556, 14.54777622 ], [ -91.13792082, 14.54799057 ], [ -91.13989535, 14.54812601 ], [ -91.14239746, 14.54903945 ], [ -91.14607279, 14.54876245 ], [ -91.14851457, 14.54891847 ], [ -91.1510099, 14.54912007 ], [ -91.15295798, 14.54999965 ], [ -91.15604774, 14.55229355 ], [ -91.15734841, 14.55278843 ], [ -91.16122646, 14.55311039 ], [ -91.16395801, 14.55420843 ], [ -91.17224725, 14.55998165 ] ] ] ] } },
{ "type": "Feature", "properties": { "municipio": "Yepocapa" }, "geometry": { "type": "MultiPolygon", "coordinates": [ [ [ [ -90.87643389, 14.5026859 ], [ -90.88697968, 14.51037261 ], [ -90.89353065, 14.51451363 ], [ -90.89787201, 14.51655863 ], [ -90.90200146, 14.5187067 ], [ -90.90337002, 14.51891209 ], [ -90.90758698, 14.52150703 ], [ -90.90941011, 14.52201916 ], [ -90.91856675, 14.52237963 ], [ -90.93087473, 14.51953028 ], [ -90.94228328, 14.51944091 ], [ -90.94782571, 14.51987918 ], [ -90.95714186, 14.52132504 ], [ -90.960513, 14.52229194 ], [ -90.9633338, 14.52435534 ], [ -90.96897885, 14.52742254 ], [ -90.97053855, 14.52671312 ], [ -90.97109445, 14.52627965 ], [ -90.97193651, 14.5259379 ], [ -90.9725436, 14.52586747 ], [ -90.97339134, 14.52579234 ], [ -90.97405511, 14.52541855 ], [ -90.97438707, 14.52480918 ], [ -90.97473469, 14.52419883 ], [ -90.97498767, 14.52373111 ], [ -90.97557732, 14.5229647 ], [ -90.97616225, 14.52277998 ], [ -90.9768078, 14.52268727 ], [ -90.97736382, 14.52223798 ], [ -90.97758002, 14.52154289 ], [ -90.97785796, 14.52087884 ], [ -90.97798824, 14.52025982 ], [ -90.97770723, 14.51953786 ], [ -90.9770028, 14.51922115 ], [ -90.97636707, 14.5190643 ], [ -90.97608442, 14.51852418 ], [ -90.97641768, 14.51777023 ], [ -90.97689887, 14.51694189 ], [ -90.97698165, 14.51638233 ], [ -90.97709496, 14.51590662 ], [ -90.97740631, 14.51539422 ], [ -90.9781578, 14.51525159 ], [ -90.97880504, 14.51548083 ], [ -90.97964325, 14.5154937 ], [ -90.98007313, 14.51501507 ], [ -90.98025438, 14.51452752 ], [ -90.98079515, 14.51415828 ], [ -90.98146046, 14.51437637 ], [ -90.98192207, 14.51493836 ], [ -90.98242431, 14.51549504 ], [ -90.98288356, 14.51567747 ], [ -90.98342037, 14.51574534 ], [ -90.98431259, 14.5156841 ], [ -90.98508833, 14.51542532 ], [ -90.98569904, 14.51514365 ], [ -90.98667274, 14.5151746 ], [ -90.98682628, 14.51582656 ], [ -90.98677469, 14.51633782 ], [ -90.98696241, 14.5171211 ], [ -90.98776411, 14.51726128 ], [ -90.98841605, 14.51703643 ], [ -90.98876814, 14.51656728 ], [ -90.98896776, 14.51609796 ], [ -90.98927362, 14.51554821 ], [ -90.98974889, 14.51524165 ], [ -90.99024462, 14.51459525 ], [ -90.9904436, 14.51413157 ], [ -90.99074294, 14.51372522 ], [ -90.9914588, 14.51354723 ], [ -90.99216751, 14.51351941 ], [ -90.9928318, 14.51320881 ], [ -90.99328046, 14.5125733 ], [ -90.9939501, 14.51231244 ], [ -90.99469791, 14.51186926 ], [ -90.99491574, 14.51130745 ], [ -90.99507551, 14.51056103 ], [ -90.99547134, 14.50993184 ], [ -90.99627453, 14.50990481 ], [ -90.99704992, 14.51032486 ], [ -90.99778332, 14.51019331 ], [ -90.9982259, 14.5095871 ], [ -90.9984423, 14.50911791 ], [ -90.99885189, 14.5082471 ], [ -90.99911615, 14.50774216 ], [ -90.9997931, 14.50731078 ], [ -91.00044407, 14.50718981 ], [ -91.00118957, 14.50700074 ], [ -91.00210161, 14.50666398 ], [ -91.00288481, 14.50627868 ], [ -91.0033824, 14.5060649 ], [ -91.00390466, 14.50581631 ], [ -91.00445246, 14.50530361 ], [ -91.00479839, 14.5048694 ], [ -91.00519306, 14.50436557 ], [ -91.00599055, 14.50361325 ], [ -91.00666469, 14.50349246 ], [ -91.00770222, 14.50370799 ], [ -91.00845834, 14.50369181 ], [ -91.00906238, 14.50350151 ], [ -91.00954867, 14.50325261 ], [ -91.01010672, 14.50288909 ], [ -91.01066713, 14.50226126 ], [ -91.01115719, 14.50165543 ], [ -91.01159882, 14.5010842 ], [ -91.01199274, 14.50066168 ], [ -91.01275268, 14.50015075 ], [ -91.01369971, 14.49991703 ], [ -91.01437231, 14.4999679 ], [ -91.01491454, 14.50007641 ], [ -91.01569087, 14.50039362 ], [ -91.01619549, 14.50075484 ], [ -91.01687525, 14.50137057 ], [ -91.01721368, 14.50177557 ], [ -91.01744589, 14.502261 ], [ -91.0176897, 14.50274653 ], [ -91.01794347, 14.50341514 ], [ -91.0182212, 14.50406249 ], [ -91.01848851, 14.5045132 ], [ -91.01940667, 14.50485419 ], [ -91.02003295, 14.50483688 ], [ -91.02071787, 14.50480764 ], [ -91.02237116, 14.50482157 ], [ -91.02344622, 14.50479674 ], [ -91.02417779, 14.5048029 ], [ -91.02506285, 14.50489055 ], [ -91.02573354, 14.50516052 ], [ -91.02639191, 14.50551172 ], [ -91.02708656, 14.5057593 ], [ -91.02805629, 14.50558332 ], [ -91.02875828, 14.50500182 ], [ -91.02893375, 14.5041719 ], [ -91.02898967, 14.50361773 ], [ -91.02914202, 14.50297625 ], [ -91.02982649, 14.50299781 ], [ -91.0304671, 14.50339178 ], [ -91.03114388, 14.50336583 ], [ -91.03141823, 14.50276039 ], [ -91.03141699, 14.50198208 ], [ -91.03128551, 14.50111569 ], [ -91.03129083, 14.50051252 ], [ -91.03198023, 14.5000416 ], [ -91.0327136, 14.50003984 ], [ -91.03339326, 14.49968745 ], [ -91.03396108, 14.49906527 ], [ -91.03468384, 14.49849182 ], [ -91.03549741, 14.49866469 ], [ -91.03604892, 14.49897204 ], [ -91.03692196, 14.49884378 ], [ -91.03770537, 14.49875544 ], [ -91.03830175, 14.49864069 ], [ -91.03843756, 14.4980307 ], [ -91.03806075, 14.49730459 ], [ -91.03770592, 14.49684865 ], [ -91.03753587, 14.4962779 ], [ -91.03776622, 14.49552976 ], [ -91.03821503, 14.49505681 ], [ -91.03858257, 14.49446457 ], [ -91.03886699, 14.49363216 ], [ -91.03952125, 14.49339588 ], [ -91.04014945, 14.49335368 ], [ -91.04053396, 14.49274124 ], [ -91.04065414, 14.49206108 ], [ -91.04127804, 14.49151842 ], [ -91.04200573, 14.49130195 ], [ -91.04260208, 14.49112392 ], [ -91.04341127, 14.49086859 ], [ -91.04424474, 14.49062136 ], [ -91.0454049, 14.49033732 ], [ -91.04598327, 14.49035794 ], [ -91.04676509, 14.49044804 ], [ -91.04751086, 14.49094675 ], [ -91.04807577, 14.49157839 ], [ -91.04878941, 14.49197404 ], [ -91.04962142, 14.49189397 ], [ -91.05039523, 14.49197156 ], [ -91.05107165, 14.49211611 ], [ -91.05108469, 14.49142037 ], [ -91.05117303, 14.4908642 ], [ -91.05150157, 14.4900197 ], [ -91.05183891, 14.48962713 ], [ -91.05241502, 14.48911002 ], [ -91.05328978, 14.48851405 ], [ -91.0541633, 14.48812591 ], [ -91.05491682, 14.48773791 ], [ -91.05561203, 14.48725566 ], [ -91.05623886, 14.48643735 ], [ -91.05646062, 14.48560326 ], [ -91.05653657, 14.48506957 ], [ -91.05692596, 14.48415666 ], [ -91.05727528, 14.48371786 ], [ -91.0577565, 14.48317623 ], [ -91.05806937, 14.48279586 ], [ -91.05844305, 14.48228836 ], [ -91.05890029, 14.48177024 ], [ -91.05931172, 14.48105407 ], [ -91.05928017, 14.48054886 ], [ -91.0588446, 14.47997593 ], [ -91.05849089, 14.47952115 ], [ -91.05877294, 14.47861752 ], [ -91.05962861, 14.47880984 ], [ -91.06027312, 14.47868751 ], [ -91.06036365, 14.47787605 ], [ -91.06043202, 14.47687915 ], [ -91.06111652, 14.47622283 ], [ -91.06161422, 14.47584963 ], [ -91.06190582, 14.47517877 ], [ -91.0618659, 14.47430185 ], [ -91.06163286, 14.47370235 ], [ -91.06120903, 14.47311258 ], [ -91.06057968, 14.47222514 ], [ -91.06052341, 14.47116282 ], [ -91.06105736, 14.470686 ], [ -91.06192134, 14.47065245 ], [ -91.06259449, 14.47063427 ], [ -91.06331515, 14.47061762 ], [ -91.06404316, 14.47048918 ], [ -91.06473692, 14.47016504 ], [ -91.06526412, 14.46979772 ], [ -91.06598346, 14.46926367 ], [ -91.0667026, 14.46875334 ], [ -91.06749935, 14.46824929 ], [ -91.06818654, 14.46794654 ], [ -91.0690931, 14.46781504 ], [ -91.06971733, 14.46815679 ], [ -91.0698594, 14.46882218 ], [ -91.07007202, 14.46937181 ], [ -91.07064738, 14.46953467 ], [ -91.07129548, 14.46932762 ], [ -91.07203511, 14.46912808 ], [ -91.0726733, 14.46933213 ], [ -91.07289829, 14.47012811 ], [ -91.07303401, 14.47065677 ], [ -91.07326167, 14.47114438 ], [ -91.07400246, 14.47168477 ], [ -91.07474787, 14.47162196 ], [ -91.07569166, 14.47141053 ], [ -91.07663956, 14.47146008 ], [ -91.07731342, 14.47156161 ], [ -91.07797868, 14.47185398 ], [ -91.0786154, 14.4722297 ], [ -91.07942094, 14.47252321 ], [ -91.07996101, 14.472679 ], [ -91.08086532, 14.4729462 ], [ -91.08175436, 14.47337142 ], [ -91.08203874, 14.47380526 ], [ -91.08240681, 14.47428045 ], [ -91.08287588, 14.47453732 ], [ -91.08380989, 14.47458673 ], [ -91.08424426, 14.47395654 ], [ -91.08432958, 14.47299816 ], [ -91.08483599, 14.47214601 ], [ -91.08536026, 14.4716442 ], [ -91.08579171, 14.47135287 ], [ -91.08666157, 14.47070249 ], [ -91.08762914, 14.47014892 ], [ -91.08807989, 14.46976964 ], [ -91.08867641, 14.46895097 ], [ -91.08916075, 14.46830422 ], [ -91.08992161, 14.46778963 ], [ -91.09079152, 14.46753687 ], [ -91.09143806, 14.46744384 ], [ -91.09217522, 14.46712447 ], [ -91.09277718, 14.46695652 ], [ -91.093601, 14.46694173 ], [ -91.09462554, 14.46684158 ], [ -91.09548527, 14.46649044 ], [ -91.09599173, 14.46589809 ], [ -91.09624012, 14.46545501 ], [ -91.09645887, 14.4646118 ], [ -91.09653071, 14.46400462 ], [ -91.09655858, 14.46338693 ], [ -91.09648624, 14.46269273 ], [ -91.09633827, 14.46175844 ], [ -91.09614234, 14.46121462 ], [ -91.09588041, 14.46059458 ], [ -91.09555247, 14.45989832 ], [ -91.09532286, 14.45942991 ], [ -91.09519768, 14.45847547 ], [ -91.09528062, 14.45785709 ], [ -91.09548716, 14.45715498 ], [ -91.09581748, 14.45627878 ], [ -91.09596973, 14.45534805 ], [ -91.09590899, 14.45465282 ], [ -91.09554723, 14.45384557 ], [ -91.09495844, 14.45260723 ], [ -91.09484022, 14.45212843 ], [ -91.0947441, 14.45164077 ], [ -91.09460364, 14.45111886 ], [ -91.09424295, 14.45038957 ], [ -91.09370284, 14.44976728 ], [ -91.09336493, 14.44895119 ], [ -91.09344835, 14.44834411 ], [ -91.09380123, 14.44740371 ], [ -91.09421937, 14.4466265 ], [ -91.09429526, 14.44554264 ], [ -91.09417722, 14.44504351 ], [ -91.09415062, 14.44421864 ], [ -91.09420005, 14.44365534 ], [ -91.09426012, 14.44313506 ], [ -91.09436601, 14.44247506 ], [ -91.09451577, 14.44183689 ], [ -91.09469099, 14.44086228 ], [ -91.09488973, 14.43977942 ], [ -91.09501802, 14.43907555 ], [ -91.0951252, 14.43826306 ], [ -91.09516367, 14.43762399 ], [ -91.09526095, 14.43668151 ], [ -91.09547719, 14.43612972 ], [ -91.09608285, 14.43551669 ], [ -91.09656486, 14.43513085 ], [ -91.09698067, 14.4346236 ], [ -91.09716347, 14.43405121 ], [ -91.09735968, 14.43319538 ], [ -91.09755628, 14.43236215 ], [ -91.09778425, 14.4317246 ], [ -91.09797769, 14.43119522 ], [ -91.09812893, 14.43044748 ], [ -91.0981562, 14.42982978 ], [ -91.09794019, 14.42905873 ], [ -91.09736753, 14.42838197 ], [ -91.09731596, 14.4279037 ], [ -91.09721086, 14.42717649 ], [ -91.0971276, 14.42647091 ], [ -91.09705638, 14.42571233 ], [ -91.09709828, 14.42473664 ], [ -91.09751609, 14.42399105 ], [ -91.09784219, 14.42360394 ], [ -91.09837171, 14.42280615 ], [ -91.09865549, 14.42214646 ], [ -91.09900682, 14.42137999 ], [ -91.09921135, 14.4208394 ], [ -91.09942876, 14.42014641 ], [ -91.09964644, 14.41942179 ], [ -91.10003325, 14.41843306 ], [ -91.10029276, 14.4179686 ], [ -91.10082134, 14.41727924 ], [ -91.10137096, 14.41677418 ], [ -91.10187282, 14.41636589 ], [ -91.10136435, 14.41550213 ], [ -91.1010915, 14.41364164 ], [ -91.10127037, 14.4101061 ], [ -91.1023013, 14.40825948 ], [ -91.10262107, 14.4041625 ], [ -91.10072325, 14.40230815 ], [ -91.09803482, 14.40294173 ], [ -91.09531202, 14.40455102 ], [ -91.09169395, 14.40880548 ], [ -91.09016666, 14.40986066 ], [ -91.08880459, 14.40981801 ], [ -91.08701556, 14.40853605 ], [ -91.08595938, 14.40830156 ], [ -91.08287361, 14.40924013 ], [ -91.0736479, 14.41807458 ], [ -91.06951013, 14.42049096 ], [ -91.06471156, 14.42418738 ], [ -91.06260876, 14.42521843 ], [ -91.0600631, 14.42766464 ], [ -91.05360884, 14.42911275 ], [ -91.05064738, 14.43157235 ], [ -91.04850818, 14.43211156 ], [ -91.04661535, 14.43184511 ], [ -91.04546862, 14.4302948 ], [ -91.04246489, 14.42789766 ], [ -91.04003858, 14.42826837 ], [ -91.03796671, 14.43045165 ], [ -91.0369038, 14.43071843 ], [ -91.03612347, 14.43048262 ], [ -91.03406061, 14.42793621 ], [ -91.03343456, 14.42531139 ], [ -91.03367168, 14.42180137 ], [ -91.03816804, 14.41493453 ], [ -91.03846422, 14.41141707 ], [ -91.03723374, 14.40998352 ], [ -91.03288146, 14.41054261 ], [ -91.02920332, 14.41206969 ], [ -91.0251716, 14.41537741 ], [ -91.02279694, 14.41746201 ], [ -91.01724706, 14.42334818 ], [ -91.01421683, 14.42699957 ], [ -91.01355092, 14.42883184 ], [ -91.01305624, 14.43089599 ], [ -91.01220926, 14.43157904 ], [ -91.0105185, 14.43799677 ], [ -91.00991864, 14.43891121 ], [ -91.00569605, 14.44254221 ], [ -91.00435805, 14.44284265 ], [ -91.00254713, 14.44236079 ], [ -91.00247196, 14.43993941 ], [ -91.0034722, 14.43786942 ], [ -91.00508521, 14.4360373 ], [ -91.00506146, 14.43440934 ], [ -91.00458391, 14.43415 ], [ -91.00399854, 14.43376211 ], [ -91.00351922, 14.43311644 ], [ -91.00352995, 14.43067772 ], [ -91.00533945, 14.42753352 ], [ -91.00611698, 14.42306234 ], [ -91.00287501, 14.42008665 ], [ -91.00071135, 14.41967071 ], [ -90.99682762, 14.41946042 ], [ -90.99523632, 14.41997556 ], [ -90.99393631, 14.42096647 ], [ -90.99037273, 14.42085594 ], [ -90.98930893, 14.41960884 ], [ -90.98797531, 14.41420479 ], [ -90.98249973, 14.40853268 ], [ -90.9818624, 14.39582722 ], [ -90.98252503, 14.38637252 ], [ -90.98229088, 14.37314635 ], [ -90.98022585, 14.3731581 ], [ -90.97960144, 14.37365657 ], [ -90.97729192, 14.37424682 ], [ -90.97406585, 14.37701835 ], [ -90.97278244, 14.38049441 ], [ -90.9725005, 14.38400275 ], [ -90.97081783, 14.38984749 ], [ -90.97021996, 14.39079912 ], [ -90.9685549, 14.39353084 ], [ -90.95979544, 14.39929307 ], [ -90.95390707, 14.40527522 ], [ -90.95296571, 14.40766063 ], [ -90.9518991, 14.40890973 ], [ -90.95098603, 14.41168282 ], [ -90.94949708, 14.4134885 ], [ -90.94867279, 14.41541855 ], [ -90.94692426, 14.41746821 ], [ -90.94252032, 14.42187131 ], [ -90.93758489, 14.42588562 ], [ -90.93691992, 14.42723754 ], [ -90.93602373, 14.42789501 ], [ -90.93491095, 14.43029688 ], [ -90.9309279, 14.43638531 ], [ -90.9283645, 14.44072062 ], [ -90.92625409, 14.44275447 ], [ -90.92189792, 14.44840338 ], [ -90.9190118, 14.45082338 ], [ -90.91838841, 14.45179606 ], [ -90.91564489, 14.45401846 ], [ -90.91077354, 14.45755933 ], [ -90.91021097, 14.45753853 ], [ -90.90835856, 14.45915652 ], [ -90.90563294, 14.4601918 ], [ -90.89784242, 14.46447896 ], [ -90.89550178, 14.46561242 ], [ -90.8949679, 14.46586631 ], [ -90.89076315, 14.46750149 ], [ -90.88903786, 14.46840206 ], [ -90.88784664, 14.46896969 ], [ -90.88516583, 14.46978145 ], [ -90.8808266, 14.47067087 ], [ -90.88060332, 14.47422685 ], [ -90.87852882, 14.48429478 ], [ -90.87726771, 14.4950545 ], [ -90.87666132, 14.49621694 ], [ -90.87643389, 14.5026859 ] ] ] ] } },
{ "type": "Feature", "properties": { "municipio": "Nueva Concepción" }, "geometry": { "type": "MultiPolygon", "coordinates": [ [ [ [ -91.26724869, 14.30558156 ], [ -91.26724869, 14.30558156 ], [ -91.26743339, 14.30181514 ], [ -91.26724869, 14.30558156 ] ] ] ] } }
]
}
